max_px,p95_px,mean_px,median_px,n_kp_differing,n_kp_compared,content_md5,bbox_iou,recording_a,recording_b,camera,frame,ann_id_a,ann_id_b,fly_id_a,fly_id_b,sex_a,sex_b,corpus_a,corpus_b,old_split_a,old_split_b,new_split,path_a,path_b,top_keypoints,figure,verdict,notes
56.08,15.561,5.635,3.0,37,50,6588af7e5b7416c778027232db838a22,0.9799,2026_03_09_14_39_40,2026_04_08_14_59_45,Cam2012631,415156,10413,17697,0,1,unknown,unknown,general_model/courtship_V2/val,red_data_unified_V3/train,train,train,val,/mmfs1/gscratch/portia/eabe/data/Johnson_lab/red_data/general_model/courtship_V2/val/2026_03_09_14_39_40/Cam2012631/Frame_415156.jpg,/mmfs1/gscratch/portia/eabe/data/Johnson_lab/red_data/red_data_unified_V3/train/2026_04_08_14_59_45/Cam2012631/Frame_415156.jpg,T2L_Tro=56.08px; T3L_Tro=44.05px; WingL_base=16.49px; T2R_Tro=14.42px; T2L_TiTa=12.04px,2026_03_09_14_39_40_Cam2012631_Frame_415156__6588af7e.png,,
55.036,12.955,5.258,3.162,39,50,c745e50be0c82151a846cebb264fec6a,0.972,2026_03_09_14_39_40,2026_04_08_14_59_45,Cam2012631,415161,10420,17711,0,1,unknown,unknown,general_model/courtship_V2/train,red_data_unified_V3/train,train,train,val,/mmfs1/gscratch/portia/eabe/data/Johnson_lab/red_data/general_model/courtship_V2/train/2026_03_09_14_39_40/Cam2012631/Frame_415161.jpg,/mmfs1/gscratch/portia/eabe/data/Johnson_lab/red_data/red_data_unified_V3/train/2026_04_08_14_59_45/Cam2012631/Frame_415161.jpg,T2L_Tro=55.04px; T3L_Tro=34.06px; WingR_base=13.60px; WingL_base=12.17px; T2R_TaT3=11.00px,2026_03_09_14_39_40_Cam2012631_Frame_415161__c745e50b.png,,
54.148,13.331,5.609,2.618,39,50,24b1385fb0540e4bd56ab076d5f6c92f,0.9788,2026_03_09_14_39_40,2026_04_08_14_59_45,Cam2012862,415156,10418,17702,0,1,unknown,unknown,general_model/courtship_V2/val,red_data_unified_V3/train,train,train,val,/mmfs1/gscratch/portia/eabe/data/Johnson_lab/red_data/general_model/courtship_V2/val/2026_03_09_14_39_40/Cam2012862/Frame_415156.jpg,/mmfs1/gscratch/portia/eabe/data/Johnson_lab/red_data/red_data_unified_V3/train/2026_04_08_14_59_45/Cam2012862/Frame_415156.jpg,T2L_Tro=54.15px; T3L_Tro=44.10px; WingL_base=13.60px; T2R_Tro=13.00px; T3R_TaT3=11.31px,2026_03_09_14_39_40_Cam2012862_Frame_415156__24b1385f.png,,
53.038,20.931,4.743,0.0,21,50,9dab190e4ce7567bb525a766b46b4241,1.0,2026_03_09_14_39_40,2026_04_08_14_59_45,Cam2012855,149649,8972,16204,0,1,unknown,unknown,general_model/courtship_V2/train,red_data_unified_V3/train,train,train,train,/mmfs1/gscratch/portia/eabe/data/Johnson_lab/red_data/general_model/courtship_V2/train/2026_03_09_14_39_40/Cam2012855/Frame_149649.jpg,/mmfs1/gscratch/portia/eabe/data/Johnson_lab/red_data/red_data_unified_V3/train/2026_04_08_14_59_45/Cam2012855/Frame_149649.jpg,T2L_Tro=53.04px; T3L_Tro=33.24px; T3R_Tro=21.19px; Scutellum=20.62px; T2R_Tro=15.00px,2026_03_09_14_39_40_Cam2012855_Frame_149649__9dab190e.png,,
51.624,17.231,4.839,2.236,36,50,c1938b4935b215ff9a31229a509e7929,0.9732,2026_03_09_14_39_40,2026_04_08_14_59_45,Cam2012631,94139,7728,15257,0,1,unknown,unknown,general_model/courtship_V2/val,red_data_unified_V3/train,train,train,train,/mmfs1/gscratch/portia/eabe/data/Johnson_lab/red_data/general_model/courtship_V2/val/2026_03_09_14_39_40/Cam2012631/Frame_94139.jpg,/mmfs1/gscratch/portia/eabe/data/Johnson_lab/red_data/red_data_unified_V3/train/2026_04_08_14_59_45/Cam2012631/Frame_94139.jpg,T2L_Tro=51.62px; T3L_Tro=38.12px; T1L_Tro=22.00px; Scutellum=11.40px; T1R_ThxCx=10.30px,2026_03_09_14_39_40_Cam2012631_Frame_94139__c1938b49.png,,
51.624,12.339,3.864,2.0,30,50,08f68adc5ce544c9eaab210874325e07,0.9886,2026_03_09_14_39_40,2026_04_08_14_59_45,Cam2012631,227772,9698,16836,0,1,unknown,unknown,general_model/courtship_V2/train,red_data_unified_V3/train,train,train,train,/mmfs1/gscratch/portia/eabe/data/Johnson_lab/red_data/general_model/courtship_V2/train/2026_03_09_14_39_40/Cam2012631/Frame_227772.jpg,/mmfs1/gscratch/portia/eabe/data/Johnson_lab/red_data/red_data_unified_V3/train/2026_04_08_14_59_45/Cam2012631/Frame_227772.jpg,T2L_Tro=51.62px; Scutellum=15.03px; T1L_ThxCx=13.89px; T1R_Tro=10.44px; T1L_Tro=10.05px,2026_03_09_14_39_40_Cam2012631_Frame_227772__08f68adc.png,,
51.352,28.776,6.887,3.803,50,50,16ab002cb13e85ea726cc35b4433b21c,0.9769,2026_03_09_14_39_40,2026_04_08_14_59_45,Cam2012631,149828,9243,16515,0,1,unknown,unknown,general_model/courtship_V2/train,red_data_unified_V3/train,train,train,train,/mmfs1/gscratch/portia/eabe/data/Johnson_lab/red_data/general_model/courtship_V2/train/2026_03_09_14_39_40/Cam2012631/Frame_149828.jpg,/mmfs1/gscratch/portia/eabe/data/Johnson_lab/red_data/red_data_unified_V3/train/2026_04_08_14_59_45/Cam2012631/Frame_149828.jpg,T3R_Tro=51.35px; T2R_Tro=39.62px; T1R_Tro=36.69px; Scutellum=19.10px; T3R_TiTa=13.34px,2026_03_09_14_39_40_Cam2012631_Frame_149828__16ab002c.png,,
51.01,15.075,5.281,2.914,38,50,2f5019fc9180f1cc775044ae39da9a8c,0.9808,2026_03_09_14_39_40,2026_04_08_14_59_45,Cam2012862,415161,10425,17716,0,1,unknown,unknown,general_model/courtship_V2/train,red_data_unified_V3/train,train,train,val,/mmfs1/gscratch/portia/eabe/data/Johnson_lab/red_data/general_model/courtship_V2/train/2026_03_09_14_39_40/Cam2012862/Frame_415161.jpg,/mmfs1/gscratch/portia/eabe/data/Johnson_lab/red_data/red_data_unified_V3/train/2026_04_08_14_59_45/Cam2012862/Frame_415161.jpg,T2L_Tro=51.01px; T3L_Tro=34.13px; T3R_Tro=16.49px; WingR_base=13.34px; T1L_Tro=12.53px,2026_03_09_14_39_40_Cam2012862_Frame_415161__2f5019fc.png,,
50.16,22.282,4.148,0.0,17,50,13c4573926716642eea44159175e3d33,0.9988,2026_03_09_14_39_40,2026_04_08_14_59_45,Cam2012861,149634,8953,16164,0,1,unknown,unknown,general_model/courtship_V2/train,red_data_unified_V3/train,train,train,train,/mmfs1/gscratch/portia/eabe/data/Johnson_lab/red_data/general_model/courtship_V2/train/2026_03_09_14_39_40/Cam2012861/Frame_149634.jpg,/mmfs1/gscratch/portia/eabe/data/Johnson_lab/red_data/red_data_unified_V3/train/2026_04_08_14_59_45/Cam2012861/Frame_149634.jpg,T2R_Tro=50.16px; T1R_Tro=30.08px; T1L_Tro=27.02px; T3R_Tro=16.49px; Scutellum=15.23px,2026_03_09_14_39_40_Cam2012861_Frame_149634__13c45739.png,,
50.09,23.058,6.288,3.384,38,50,4076a43eaf367b8ccccbab6d585b282f,0.983,2026_03_09_14_39_40,2026_04_08_14_59_45,Cam2012631,94146,7749,15285,0,1,unknown,unknown,general_model/courtship_V2/train,red_data_unified_V3/train,train,train,train,/mmfs1/gscratch/portia/eabe/data/Johnson_lab/red_data/general_model/courtship_V2/train/2026_03_09_14_39_40/Cam2012631/Frame_94146.jpg,/mmfs1/gscratch/portia/eabe/data/Johnson_lab/red_data/red_data_unified_V3/train/2026_04_08_14_59_45/Cam2012631/Frame_94146.jpg,T3L_Tro=50.09px; T2R_Tro=30.27px; T1L_Tro=23.54px; Scutellum=22.47px; T2L_Tro=22.20px,2026_03_09_14_39_40_Cam2012631_Frame_94146__4076a43e.png,,
49.244,23.087,3.409,0.0,15,50,8ed785f62eb8c711e7d340ece652d8ca,1.0,2026_03_09_14_39_40,2026_04_08_14_59_45,Cam2012855,149576,8867,16050,0,1,unknown,unknown,general_model/courtship_V2/train,red_data_unified_V3/train,train,train,train,/mmfs1/gscratch/portia/eabe/data/Johnson_lab/red_data/general_model/courtship_V2/train/2026_03_09_14_39_40/Cam2012855/Frame_149576.jpg,/mmfs1/gscratch/portia/eabe/data/Johnson_lab/red_data/red_data_unified_V3/train/2026_04_08_14_59_45/Cam2012855/Frame_149576.jpg,T2L_Tro=49.24px; T3R_Tro=26.00px; T2R_Tro=23.09px; T2R_FeTi=23.09px; T1R_ThxCx=9.22px,2026_03_09_14_39_40_Cam2012855_Frame_149576__8ed785f6.png,,
49.163,12.086,4.39,2.0,37,50,430ae95bdfb53aee983de88e6e2958d0,0.9835,2026_03_09_14_39_40,2026_04_08_14_59_45,Cam2012631,94179,7777,15334,0,1,unknown,unknown,general_model/courtship_V2/train,red_data_unified_V3/train,train,train,train,/mmfs1/gscratch/portia/eabe/data/Johnson_lab/red_data/general_model/courtship_V2/train/2026_03_09_14_39_40/Cam2012631/Frame_94179.jpg,/mmfs1/gscratch/portia/eabe/data/Johnson_lab/red_data/red_data_unified_V3/train/2026_04_08_14_59_45/Cam2012631/Frame_94179.jpg,T2L_Tro=49.16px; T3L_Tro=40.01px; Scutellum=14.21px; T1R_ThxCx=9.49px; Abd_A4=7.07px,2026_03_09_14_39_40_Cam2012631_Frame_94179__430ae95b.png,,
49.163,16.157,3.968,0.0,16,50,80217064ddd9a660545dcf505764a7b9,1.0,2026_03_09_14_39_40,2026_04_08_14_59_45,Cam2012631,149634,8949,16160,0,1,unknown,unknown,general_model/courtship_V2/train,red_data_unified_V3/train,train,train,train,/mmfs1/gscratch/portia/eabe/data/Johnson_lab/red_data/general_model/courtship_V2/train/2026_03_09_14_39_40/Cam2012631/Frame_149634.jpg,/mmfs1/gscratch/portia/eabe/data/Johnson_lab/red_data/red_data_unified_V3/train/2026_04_08_14_59_45/Cam2012631/Frame_149634.jpg,T2R_Tro=49.16px; T1R_Tro=36.67px; Scutellum=17.46px; T3R_Tro=14.56px; T1L_Tro=14.04px,2026_03_09_14_39_40_Cam2012631_Frame_149634__80217064.png,,
49.092,22.434,4.139,0.0,17,50,ffd83c63ba704f863f7d17d42a0a0a37,1.0,2026_03_09_14_39_40,2026_04_08_14_59_45,Cam2012857,149634,8952,16163,0,1,unknown,unknown,general_model/courtship_V2/train,red_data_unified_V3/train,train,train,train,/mmfs1/gscratch/portia/eabe/data/Johnson_lab/red_data/general_model/courtship_V2/train/2026_03_09_14_39_40/Cam2012857/Frame_149634.jpg,/mmfs1/gscratch/portia/eabe/data/Johnson_lab/red_data/red_data_unified_V3/train/2026_04_08_14_59_45/Cam2012857/Frame_149634.jpg,T2R_Tro=49.09px; T1R_Tro=29.83px; T1L_Tro=27.07px; T3R_Tro=16.76px; Scutellum=14.32px,2026_03_09_14_39_40_Cam2012857_Frame_149634__ffd83c63.png,,
49.041,17.152,4.06,0.0,21,50,09837e2282f38eecd227cecd8c92a2d2,1.0,2026_03_09_14_39_40,2026_04_08_14_59_45,Cam2012853,149649,8971,16203,0,1,unknown,unknown,general_model/courtship_V2/train,red_data_unified_V3/train,train,train,train,/mmfs1/gscratch/portia/eabe/data/Johnson_lab/red_data/general_model/courtship_V2/train/2026_03_09_14_39_40/Cam2012853/Frame_149649.jpg,/mmfs1/gscratch/portia/eabe/data/Johnson_lab/red_data/red_data_unified_V3/train/2026_04_08_14_59_45/Cam2012853/Frame_149649.jpg,T2L_Tro=49.04px; T3L_Tro=29.15px; T1R_Tro=18.25px; Scutellum=15.81px; T1R_FeTi=12.37px,2026_03_09_14_39_40_Cam2012853_Frame_149649__09837e22.png,,
49.01,25.148,6.929,4.183,49,50,5f26b2b15462f971d1459da82b950217,0.961,2026_03_09_14_39_40,2026_04_08_14_59_45,Cam2012853,149816,9223,16488,0,1,unknown,unknown,general_model/courtship_V2/train,red_data_unified_V3/train,train,train,train,/mmfs1/gscratch/portia/eabe/data/Johnson_lab/red_data/general_model/courtship_V2/train/2026_03_09_14_39_40/Cam2012853/Frame_149816.jpg,/mmfs1/gscratch/portia/eabe/data/Johnson_lab/red_data/red_data_unified_V3/train/2026_04_08_14_59_45/Cam2012853/Frame_149816.jpg,T2R_FeTi=49.01px; T2R_TiTa=28.00px; T2R_TaT1=26.02px; T2L_Tro=24.08px; T3R_TaT1=13.60px,2026_03_09_14_39_40_Cam2012853_Frame_149816__5f26b2b1.png,,
49.01,22.761,4.812,0.0,24,50,f22edec1664ffc271a189c29c4c1b24b,0.9746,2026_03_09_14_39_40,2026_04_08_14_59_45,Cam2012853,149806,9216,16474,0,1,unknown,unknown,general_model/courtship_V2/train,red_data_unified_V3/train,train,train,train,/mmfs1/gscratch/portia/eabe/data/Johnson_lab/red_data/general_model/courtship_V2/train/2026_03_09_14_39_40/Cam2012853/Frame_149806.jpg,/mmfs1/gscratch/portia/eabe/data/Johnson_lab/red_data/red_data_unified_V3/train/2026_04_08_14_59_45/Cam2012853/Frame_149806.jpg,T2R_FeTi=49.01px; T2R_TaT1=26.02px; T2R_TiTa=25.00px; T2L_Tro=20.02px; T1L_Tro=17.03px,2026_03_09_14_39_40_Cam2012853_Frame_149806__f22edec1.png,,
48.26,26.502,7.503,4.472,50,50,e46c88f787fde167be945a50d1550121,0.9667,2026_03_09_14_39_40,2026_04_08_14_59_45,Cam2012857,149828,9246,16518,0,1,unknown,unknown,general_model/courtship_V2/train,red_data_unified_V3/train,train,train,train,/mmfs1/gscratch/portia/eabe/data/Johnson_lab/red_data/general_model/courtship_V2/train/2026_03_09_14_39_40/Cam2012857/Frame_149828.jpg,/mmfs1/gscratch/portia/eabe/data/Johnson_lab/red_data/red_data_unified_V3/train/2026_04_08_14_59_45/Cam2012857/Frame_149828.jpg,T3R_Tro=48.26px; T2R_Tro=37.66px; T1R_Tro=27.73px; T2L_Tro=25.00px; Scutellum=21.10px,2026_03_09_14_39_40_Cam2012857_Frame_149828__e46c88f7.png,,
48.26,26.327,7.445,4.0,49,50,616e0170bd202397e5ad26ee7145dac5,0.9689,2026_03_09_14_39_40,2026_04_08_14_59_45,Cam2012861,149828,9247,16519,0,1,unknown,unknown,general_model/courtship_V2/train,red_data_unified_V3/train,train,train,train,/mmfs1/gscratch/portia/eabe/data/Johnson_lab/red_data/general_model/courtship_V2/train/2026_03_09_14_39_40/Cam2012861/Frame_149828.jpg,/mmfs1/gscratch/portia/eabe/data/Johnson_lab/red_data/red_data_unified_V3/train/2026_04_08_14_59_45/Cam2012861/Frame_149828.jpg,T3R_Tro=48.26px; T2R_Tro=38.64px; T1R_Tro=28.23px; T2L_Tro=24.00px; Scutellum=21.10px,2026_03_09_14_39_40_Cam2012861_Frame_149828__616e0170.png,,
48.166,22.527,6.685,3.606,48,50,0b073de566493b96646a82bdae9f92cc,0.9683,2026_03_09_14_39_40,2026_04_08_14_59_45,Cam2012631,149816,9222,16487,0,1,unknown,unknown,general_model/courtship_V2/train,red_data_unified_V3/train,train,train,train,/mmfs1/gscratch/portia/eabe/data/Johnson_lab/red_data/general_model/courtship_V2/train/2026_03_09_14_39_40/Cam2012631/Frame_149816.jpg,/mmfs1/gscratch/portia/eabe/data/Johnson_lab/red_data/red_data_unified_V3/train/2026_04_08_14_59_45/Cam2012631/Frame_149816.jpg,T3R_Tro=48.17px; T2R_Tro=44.28px; T1R_Tro=28.44px; T3R_FeTi=15.30px; Scutellum=14.14px,2026_03_09_14_39_40_Cam2012631_Frame_149816__0b073de5.png,,
48.166,28.543,6.086,2.618,37,50,f5ac5973108732fadf5562c81c3f305e,0.9864,2026_03_09_14_39_40,2026_04_08_14_59_45,Cam2012855,94146,7751,15287,0,1,unknown,unknown,general_model/courtship_V2/train,red_data_unified_V3/train,train,train,train,/mmfs1/gscratch/portia/eabe/data/Johnson_lab/red_data/general_model/courtship_V2/train/2026_03_09_14_39_40/Cam2012855/Frame_94146.jpg,/mmfs1/gscratch/portia/eabe/data/Johnson_lab/red_data/red_data_unified_V3/train/2026_04_08_14_59_45/Cam2012855/Frame_94146.jpg,T2R_Tro=48.17px; T3L_Tro=33.24px; T1R_Tro=33.06px; Scutellum=23.02px; T1L_ThxCx=13.15px,2026_03_09_14_39_40_Cam2012855_Frame_94146__f5ac5973.png,,
48.094,27.814,6.952,3.162,38,50,643fbf33c9f1e6dffbb385cc9d0db646,0.9827,2026_03_09_14_39_40,2026_04_08_14_59_45,Cam2012861,94146,7753,15289,0,1,unknown,unknown,general_model/courtship_V2/train,red_data_unified_V3/train,train,train,train,/mmfs1/gscratch/portia/eabe/data/Johnson_lab/red_data/general_model/courtship_V2/train/2026_03_09_14_39_40/Cam2012861/Frame_94146.jpg,/mmfs1/gscratch/portia/eabe/data/Johnson_lab/red_data/red_data_unified_V3/train/2026_04_08_14_59_45/Cam2012861/Frame_94146.jpg,T3L_Tro=48.09px; T2R_Tro=45.18px; T1R_Tro=30.07px; Scutellum=25.06px; T1L_Tro=19.65px,2026_03_09_14_39_40_Cam2012861_Frame_94146__643fbf33.png,,
47.854,22.765,4.748,0.0,19,50,af263e582714d8a0677006d1fec06214,1.0,2026_03_09_14_39_40,2026_04_08_14_59_45,Cam2012631,149624,8935,16132,0,1,unknown,unknown,general_model/courtship_V2/train,red_data_unified_V3/train,train,train,train,/mmfs1/gscratch/portia/eabe/data/Johnson_lab/red_data/general_model/courtship_V2/train/2026_03_09_14_39_40/Cam2012631/Frame_149624.jpg,/mmfs1/gscratch/portia/eabe/data/Johnson_lab/red_data/red_data_unified_V3/train/2026_04_08_14_59_45/Cam2012631/Frame_149624.jpg,T3R_Tro=47.85px; T2R_Tro=44.01px; T1R_Tro=26.17px; Scutellum=18.60px; T1R_ThxCx=18.11px,2026_03_09_14_39_40_Cam2012631_Frame_149624__af263e58.png,,
47.096,27.786,6.813,3.162,39,50,2915566fe3bd46832654795b19ab7865,0.9813,2026_03_09_14_39_40,2026_04_08_14_59_45,Cam2012857,94146,7752,15288,0,1,unknown,unknown,general_model/courtship_V2/train,red_data_unified_V3/train,train,train,train,/mmfs1/gscratch/portia/eabe/data/Johnson_lab/red_data/general_model/courtship_V2/train/2026_03_09_14_39_40/Cam2012857/Frame_94146.jpg,/mmfs1/gscratch/portia/eabe/data/Johnson_lab/red_data/red_data_unified_V3/train/2026_04_08_14_59_45/Cam2012857/Frame_94146.jpg,T3L_Tro=47.10px; T2R_Tro=45.28px; T1R_Tro=30.02px; Scutellum=25.06px; T1L_Tro=19.65px,2026_03_09_14_39_40_Cam2012857_Frame_94146__2915566f.png,,
47.074,10.749,2.646,0.0,15,50,4d8f90a8cc89de92e98de563388a0b9b,1.0,2026_03_09_14_39_40,2026_04_08_14_59_45,Cam2012853,149576,8866,16049,0,1,unknown,unknown,general_model/courtship_V2/train,red_data_unified_V3/train,train,train,train,/mmfs1/gscratch/portia/eabe/data/Johnson_lab/red_data/general_model/courtship_V2/train/2026_03_09_14_39_40/Cam2012853/Frame_149576.jpg,/mmfs1/gscratch/portia/eabe/data/Johnson_lab/red_data/red_data_unified_V3/train/2026_04_08_14_59_45/Cam2012853/Frame_149576.jpg,T2L_Tro=47.07px; T2R_FeTi=22.09px; T1R_Tro=12.00px; T1R_ThxCx=9.22px; T2R_Tro=6.32px,2026_03_09_14_39_40_Cam2012853_Frame_149576__4d8f90a8.png,,
47.043,26.787,7.111,4.298,49,50,2eb6c64fb0d87c69711d818451ea94a6,0.9415,2026_03_09_14_39_40,2026_04_08_14_59_45,Cam2012853,149820,9230,16502,0,1,unknown,unknown,general_model/courtship_V2/train,red_data_unified_V3/train,train,train,train,/mmfs1/gscratch/portia/eabe/data/Johnson_lab/red_data/general_model/courtship_V2/train/2026_03_09_14_39_40/Cam2012853/Frame_149820.jpg,/mmfs1/gscratch/portia/eabe/data/Johnson_lab/red_data/red_data_unified_V3/train/2026_04_08_14_59_45/Cam2012853/Frame_149820.jpg,T2R_FeTi=47.04px; T2L_Tro=38.05px; T2R_TaT1=29.00px; T2R_TiTa=24.08px; T1L_ThxCx=17.12px,2026_03_09_14_39_40_Cam2012853_Frame_149820__2eb6c64f.png,,
47.0,19.875,3.476,0.0,15,50,45e538bb5337bf511d75d7842e3952ed,1.0,2026_03_09_14_39_40,2026_04_08_14_59_45,Cam2012631,149576,8865,16048,0,1,unknown,unknown,general_model/courtship_V2/train,red_data_unified_V3/train,train,train,train,/mmfs1/gscratch/portia/eabe/data/Johnson_lab/red_data/general_model/courtship_V2/train/2026_03_09_14_39_40/Cam2012631/Frame_149576.jpg,/mmfs1/gscratch/portia/eabe/data/Johnson_lab/red_data/red_data_unified_V3/train/2026_04_08_14_59_45/Cam2012631/Frame_149576.jpg,T3R_Tro=47.00px; T2R_Tro=33.06px; T2L_Tro=20.59px; T1R_Tro=19.00px; T2R_FeTi=9.22px,2026_03_09_14_39_40_Cam2012631_Frame_149576__45e538bb.png,,
46.69,14.028,4.169,1.707,31,50,e8f0fd0b82d8d637c02f5202a4bafbd4,0.9958,2026_03_09_14_39_40,2026_04_08_14_59_45,Cam2012861,227772,9702,16840,0,1,unknown,unknown,general_model/courtship_V2/train,red_data_unified_V3/train,train,train,train,/mmfs1/gscratch/portia/eabe/data/Johnson_lab/red_data/general_model/courtship_V2/train/2026_03_09_14_39_40/Cam2012861/Frame_227772.jpg,/mmfs1/gscratch/portia/eabe/data/Johnson_lab/red_data/red_data_unified_V3/train/2026_04_08_14_59_45/Cam2012861/Frame_227772.jpg,T2L_Tro=46.69px; Scutellum=17.12px; T1L_ThxCx=15.65px; T3R_Tro=12.04px; T1L_Tro=10.44px,2026_03_09_14_39_40_Cam2012861_Frame_227772__e8f0fd0b.png,,
46.53,14.013,4.89,2.236,36,50,83a3f16b64c809e5718fdb02f4ab6e6a,0.9605,2026_03_09_14_39_40,2026_04_08_14_59_45,Cam2012861,94139,7732,15261,0,1,unknown,unknown,general_model/courtship_V2/val,red_data_unified_V3/train,train,train,train,/mmfs1/gscratch/portia/eabe/data/Johnson_lab/red_data/general_model/courtship_V2/val/2026_03_09_14_39_40/Cam2012861/Frame_94139.jpg,/mmfs1/gscratch/portia/eabe/data/Johnson_lab/red_data/red_data_unified_V3/train/2026_04_08_14_59_45/Cam2012861/Frame_94139.jpg,T2L_Tro=46.53px; T3L_Tro=34.13px; T1L_Tro=15.00px; Scutellum=12.81px; T1R_ThxCx=10.77px,2026_03_09_14_39_40_Cam2012861_Frame_94139__83a3f16b.png,,
46.098,15.392,2.402,0.0,6,50,844a7371e2b29b4405e5f44d256c8f64,1.0,2026_03_09_14_39_40,2026_04_07_11_33_33,Cam2012857,149798,9204,14885,0,0,unknown,unknown,general_model/courtship_V2/val,red_data_unified_V3/val,train,val,train,/mmfs1/gscratch/portia/eabe/data/Johnson_lab/red_data/general_model/courtship_V2/val/2026_03_09_14_39_40/Cam2012857/Frame_149798.jpg,/mmfs1/gscratch/portia/eabe/data/Johnson_lab/red_data/red_data_unified_V3/val/2026_04_07_11_33_33/Cam2012857/Frame_149798.jpg,T3R_Tro=46.10px; T2R_Tro=29.43px; Scutellum=20.22px; T1R_ThxCx=9.49px; T1R_Tro=8.54px,2026_03_09_14_39_40_Cam2012857_Frame_149798__844a7371.png,,
45.891,14.009,4.206,2.118,31,50,bc7a2e03b3b14d41443c0ceb999ffb8e,0.9903,2026_03_09_14_39_40,2026_04_08_14_59_45,Cam2012857,227772,9701,16839,0,1,unknown,unknown,general_model/courtship_V2/train,red_data_unified_V3/train,train,train,train,/mmfs1/gscratch/portia/eabe/data/Johnson_lab/red_data/general_model/courtship_V2/train/2026_03_09_14_39_40/Cam2012857/Frame_227772.jpg,/mmfs1/gscratch/portia/eabe/data/Johnson_lab/red_data/red_data_unified_V3/train/2026_04_08_14_59_45/Cam2012857/Frame_227772.jpg,T2L_Tro=45.89px; Scutellum=17.03px; T1L_ThxCx=15.65px; T3R_Tro=12.00px; T1L_Tro=10.44px,2026_03_09_14_39_40_Cam2012857_Frame_227772__bc7a2e03.png,,
45.88,20.061,4.201,0.0,19,50,f0328a20030fbbdc80dee27f38827da6,1.0,2026_03_09_14_39_40,2026_04_08_14_59_45,Cam2012855,149398,8585,15567,0,1,unknown,unknown,general_model/courtship_V2/train,red_data_unified_V3/train,train,train,train,/mmfs1/gscratch/portia/eabe/data/Johnson_lab/red_data/general_model/courtship_V2/train/2026_03_09_14_39_40/Cam2012855/Frame_149398.jpg,/mmfs1/gscratch/portia/eabe/data/Johnson_lab/red_data/red_data_unified_V3/train/2026_04_08_14_59_45/Cam2012855/Frame_149398.jpg,T2R_TiTa=45.88px; T2R_Tro=28.79px; Scutellum=23.54px; T2R_TaT1=15.81px; T2R_FeTi=14.87px,2026_03_09_14_39_40_Cam2012855_Frame_149398__f0328a20.png,,
45.706,14.563,4.867,2.914,36,50,5459fc6aaed9e84c7c3b2a3c788660de,0.966,2026_03_09_14_39_40,2026_04_08_14_59_45,Cam2012857,94139,7731,15260,0,1,unknown,unknown,general_model/courtship_V2/val,red_data_unified_V3/train,train,train,train,/mmfs1/gscratch/portia/eabe/data/Johnson_lab/red_data/general_model/courtship_V2/val/2026_03_09_14_39_40/Cam2012857/Frame_94139.jpg,/mmfs1/gscratch/portia/eabe/data/Johnson_lab/red_data/red_data_unified_V3/train/2026_04_08_14_59_45/Cam2012857/Frame_94139.jpg,T2L_Tro=45.71px; T3L_Tro=35.13px; T1L_Tro=16.00px; Scutellum=12.81px; T1R_ThxCx=10.77px,2026_03_09_14_39_40_Cam2012857_Frame_94139__5459fc6a.png,,
45.177,24.111,7.666,4.183,49,50,947a66c34acca27680b33a7a18a219f4,0.9614,2026_03_09_14_39_40,2026_04_08_14_59_45,Cam2012861,149816,9226,16491,0,1,unknown,unknown,general_model/courtship_V2/train,red_data_unified_V3/train,train,train,train,/mmfs1/gscratch/portia/eabe/data/Johnson_lab/red_data/general_model/courtship_V2/train/2026_03_09_14_39_40/Cam2012861/Frame_149816.jpg,/mmfs1/gscratch/portia/eabe/data/Johnson_lab/red_data/red_data_unified_V3/train/2026_04_08_14_59_45/Cam2012861/Frame_149816.jpg,T3R_Tro=45.18px; T2R_Tro=43.29px; T2R_FeTi=25.02px; T2R_TiTa=23.00px; T1R_Tro=19.65px,2026_03_09_14_39_40_Cam2012861_Frame_149816__947a66c3.png,,
45.177,24.692,7.611,4.123,48,50,73c1f66f22886932e681b1901a93611a,0.9602,2026_03_09_14_39_40,2026_04_08_14_59_45,Cam2012857,149816,9225,16490,0,1,unknown,unknown,general_model/courtship_V2/train,red_data_unified_V3/train,train,train,train,/mmfs1/gscratch/portia/eabe/data/Johnson_lab/red_data/general_model/courtship_V2/train/2026_03_09_14_39_40/Cam2012857/Frame_149816.jpg,/mmfs1/gscratch/portia/eabe/data/Johnson_lab/red_data/red_data_unified_V3/train/2026_04_08_14_59_45/Cam2012857/Frame_149816.jpg,T3R_Tro=45.18px; T2R_Tro=42.30px; T2R_FeTi=26.08px; T2R_TiTa=23.00px; T1R_Tro=18.97px,2026_03_09_14_39_40_Cam2012857_Frame_149816__73c1f66f.png,,
45.122,24.833,4.48,0.0,20,50,27d8938ba89fceb6139da3dd49db5727,1.0,2026_03_09_14_39_40,2026_04_08_14_59_45,Cam2012862,149624,8940,16137,0,1,unknown,unknown,general_model/courtship_V2/train,red_data_unified_V3/train,train,train,train,/mmfs1/gscratch/portia/eabe/data/Johnson_lab/red_data/general_model/courtship_V2/train/2026_03_09_14_39_40/Cam2012862/Frame_149624.jpg,/mmfs1/gscratch/portia/eabe/data/Johnson_lab/red_data/red_data_unified_V3/train/2026_04_08_14_59_45/Cam2012862/Frame_149624.jpg,T3R_Tro=45.12px; T2R_Tro=39.05px; T1R_Tro=26.17px; T1R_ThxCx=23.19px; Scutellum=14.21px,2026_03_09_14_39_40_Cam2012862_Frame_149624__27d8938b.png,,
45.122,15.392,2.381,0.0,6,50,1eecf9cf02cc5a6fb0ea2c469c213af3,1.0,2026_03_09_14_39_40,2026_04_07_11_33_33,Cam2012861,149798,9205,14886,0,0,unknown,unknown,general_model/courtship_V2/val,red_data_unified_V3/val,train,val,train,/mmfs1/gscratch/portia/eabe/data/Johnson_lab/red_data/general_model/courtship_V2/val/2026_03_09_14_39_40/Cam2012861/Frame_149798.jpg,/mmfs1/gscratch/portia/eabe/data/Johnson_lab/red_data/red_data_unified_V3/val/2026_04_07_11_33_33/Cam2012861/Frame_149798.jpg,T3R_Tro=45.12px; T2R_Tro=30.59px; Scutellum=20.22px; T1R_ThxCx=9.49px; T1R_Tro=7.28px,2026_03_09_14_39_40_Cam2012861_Frame_149798__1eecf9cf.png,,
45.1,26.239,5.222,0.0,21,50,48196d6c7ae045510afb75d9490a063c,1.0,2026_03_09_14_39_40,2026_04_08_14_59_45,Cam2012857,149649,8973,16205,0,1,unknown,unknown,general_model/courtship_V2/train,red_data_unified_V3/train,train,train,train,/mmfs1/gscratch/portia/eabe/data/Johnson_lab/red_data/general_model/courtship_V2/train/2026_03_09_14_39_40/Cam2012857/Frame_149649.jpg,/mmfs1/gscratch/portia/eabe/data/Johnson_lab/red_data/red_data_unified_V3/train/2026_04_08_14_59_45/Cam2012857/Frame_149649.jpg,T2L_Tro=45.10px; T3R_Tro=29.83px; T3L_Tro=28.07px; T2R_Tro=24.00px; Scutellum=23.02px,2026_03_09_14_39_40_Cam2012857_Frame_149649__48196d6c.png,,
45.044,25.905,7.141,4.5,48,50,ae50772dfd043c46362cf9f14f3f0a76,0.9707,2026_03_09_14_39_40,2026_04_08_14_59_45,Cam2012631,149840,9264,16529,0,1,unknown,unknown,general_model/courtship_V2/train,red_data_unified_V3/train,train,train,train,/mmfs1/gscratch/portia/eabe/data/Johnson_lab/red_data/general_model/courtship_V2/train/2026_03_09_14_39_40/Cam2012631/Frame_149840.jpg,/mmfs1/gscratch/portia/eabe/data/Johnson_lab/red_data/red_data_unified_V3/train/2026_04_08_14_59_45/Cam2012631/Frame_149840.jpg,T2R_Tro=45.04px; T3R_Tro=43.19px; T1R_Tro=31.58px; Scutellum=18.97px; T2R_TaT1=15.03px,,,
44.283,13.045,4.452,2.236,38,50,ccacaf7903d2b4b2d81144a86544e497,0.9698,2026_03_09_14_39_40,2026_04_08_14_59_45,Cam2012857,94179,7780,15337,0,1,unknown,unknown,general_model/courtship_V2/train,red_data_unified_V3/train,train,train,train,/mmfs1/gscratch/portia/eabe/data/Johnson_lab/red_data/general_model/courtship_V2/train/2026_03_09_14_39_40/Cam2012857/Frame_94179.jpg,/mmfs1/gscratch/portia/eabe/data/Johnson_lab/red_data/red_data_unified_V3/train/2026_04_08_14_59_45/Cam2012857/Frame_94179.jpg,T2L_Tro=44.28px; T3L_Tro=37.05px; Scutellum=14.14px; T1R_ThxCx=11.70px; Abd_A4=9.43px,,,
44.181,13.307,4.414,2.236,37,50,abb970097ff0cb3a1be728d9554f4258,0.9696,2026_03_09_14_39_40,2026_04_08_14_59_45,Cam2012861,94179,7781,15338,0,1,unknown,unknown,general_model/courtship_V2/train,red_data_unified_V3/train,train,train,train,/mmfs1/gscratch/portia/eabe/data/Johnson_lab/red_data/general_model/courtship_V2/train/2026_03_09_14_39_40/Cam2012861/Frame_94179.jpg,/mmfs1/gscratch/portia/eabe/data/Johnson_lab/red_data/red_data_unified_V3/train/2026_04_08_14_59_45/Cam2012861/Frame_94179.jpg,T2L_Tro=44.18px; T3L_Tro=36.06px; Scutellum=14.87px; T1R_ThxCx=11.40px; Abd_A4=9.43px,,,
44.102,20.922,3.044,0.0,9,50,6e5257dc85e9ee0a0a29ca6be8609e6f,0.9862,2026_03_09_14_39_40,2026_04_08_14_59_45,Cam2012855,149802,9210,16461,0,1,unknown,unknown,general_model/courtship_V2/train,red_data_unified_V3/train,train,train,train,/mmfs1/gscratch/portia/eabe/data/Johnson_lab/red_data/general_model/courtship_V2/train/2026_03_09_14_39_40/Cam2012855/Frame_149802.jpg,/mmfs1/gscratch/portia/eabe/data/Johnson_lab/red_data/red_data_unified_V3/train/2026_04_08_14_59_45/Cam2012855/Frame_149802.jpg,T2R_FeTi=44.10px; T2R_TiTa=33.00px; T3R_Tro=22.47px; T2R_TaT1=19.03px; T2R_Tro=14.14px,,,
44.045,18.186,5.198,3.081,39,50,0ee9e0a36f16cbe9a6272f5c76a36007,0.9671,2026_03_09_14_39_40,2026_04_08_14_59_45,Cam2012861,415161,10424,17715,0,1,unknown,unknown,general_model/courtship_V2/train,red_data_unified_V3/train,train,train,val,/mmfs1/gscratch/portia/eabe/data/Johnson_lab/red_data/general_model/courtship_V2/train/2026_03_09_14_39_40/Cam2012861/Frame_415161.jpg,/mmfs1/gscratch/portia/eabe/data/Johnson_lab/red_data/red_data_unified_V3/train/2026_04_08_14_59_45/Cam2012861/Frame_415161.jpg,T2L_Tro=44.05px; T3L_Tro=26.17px; T3R_Tro=19.65px; WingR_base=16.40px; T2R_Tro=14.76px,,,
44.045,24.127,5.723,0.0,24,50,64ed544186e53630538064d5f464c4f1,0.9685,2026_03_09_14_39_40,2026_04_08_14_59_45,Cam2012855,149806,9217,16475,0,1,unknown,unknown,general_model/courtship_V2/train,red_data_unified_V3/train,train,train,train,/mmfs1/gscratch/portia/eabe/data/Johnson_lab/red_data/general_model/courtship_V2/train/2026_03_09_14_39_40/Cam2012855/Frame_149806.jpg,/mmfs1/gscratch/portia/eabe/data/Johnson_lab/red_data/red_data_unified_V3/train/2026_04_08_14_59_45/Cam2012855/Frame_149806.jpg,T2R_FeTi=44.05px; T2R_TaT1=30.00px; T2R_TiTa=27.00px; T2R_Tro=20.62px; T3R_FeTi=18.03px,,,
44.045,26.844,5.1,0.0,21,50,50a3afcdc22cb223f4718c54efeaac91,1.0,2026_03_09_14_39_40,2026_04_08_14_59_45,Cam2012861,149649,8974,16206,0,1,unknown,unknown,general_model/courtship_V2/train,red_data_unified_V3/train,train,train,train,/mmfs1/gscratch/portia/eabe/data/Johnson_lab/red_data/general_model/courtship_V2/train/2026_03_09_14_39_40/Cam2012861/Frame_149649.jpg,/mmfs1/gscratch/portia/eabe/data/Johnson_lab/red_data/red_data_unified_V3/train/2026_04_08_14_59_45/Cam2012861/Frame_149649.jpg,T2L_Tro=44.05px; T3R_Tro=29.61px; T3L_Tro=29.15px; T2R_Tro=24.02px; Scutellum=23.02px,,,
43.738,10.472,3.535,1.0,29,50,44327dbd5d58e8470a149897e0145646,0.9938,2026_03_09_14_39_40,2026_04_08_14_59_45,Cam2012862,227772,9703,16841,0,1,unknown,unknown,general_model/courtship_V2/train,red_data_unified_V3/train,train,train,train,/mmfs1/gscratch/portia/eabe/data/Johnson_lab/red_data/general_model/courtship_V2/train/2026_03_09_14_39_40/Cam2012862/Frame_227772.jpg,/mmfs1/gscratch/portia/eabe/data/Johnson_lab/red_data/red_data_unified_V3/train/2026_04_08_14_59_45/Cam2012862/Frame_227772.jpg,T2L_Tro=43.74px; T1R_Tro=11.40px; T2R_TaT3=10.82px; T1L_Tro=10.05px; T1L_ThxCx=9.90px,,,
43.566,15.38,3.212,0.0,15,50,7f26ee8082f3b0465842af59d813b357,1.0,2026_03_09_14_39_40,2026_04_08_14_59_45,Cam2012631,149572,8858,16034,0,1,unknown,unknown,general_model/courtship_V2/val,red_data_unified_V3/train,train,train,train,/mmfs1/gscratch/portia/eabe/data/Johnson_lab/red_data/general_model/courtship_V2/val/2026_03_09_14_39_40/Cam2012631/Frame_149572.jpg,/mmfs1/gscratch/portia/eabe/data/Johnson_lab/red_data/red_data_unified_V3/train/2026_04_08_14_59_45/Cam2012631/Frame_149572.jpg,T3R_Tro=43.57px; T2R_Tro=35.00px; T2L_Tro=18.11px; T1R_TiTa=12.04px; WingR_base=9.06px,,,
43.324,21.832,4.22,0.0,18,50,af473a3021b18cfe0e9f58263e6994fd,1.0,2026_03_09_14_39_40,2026_04_08_14_59_45,Cam2012861,149398,8587,15569,0,1,unknown,unknown,general_model/courtship_V2/train,red_data_unified_V3/train,train,train,train,/mmfs1/gscratch/portia/eabe/data/Johnson_lab/red_data/general_model/courtship_V2/train/2026_03_09_14_39_40/Cam2012861/Frame_149398.jpg,/mmfs1/gscratch/portia/eabe/data/Johnson_lab/red_data/red_data_unified_V3/train/2026_04_08_14_59_45/Cam2012861/Frame_149398.jpg,T2R_TiTa=43.32px; T2R_Tro=32.57px; Scutellum=26.48px; T2R_FeTi=16.16px; T2R_TaT1=14.21px,,,
43.186,21.08,7.191,4.693,50,50,a10683d29ad22c04d0c7d62e02212566,0.9725,2026_03_09_14_39_40,2026_04_08_14_59_45,Cam2012861,149840,9268,16533,0,1,unknown,unknown,general_model/courtship_V2/train,red_data_unified_V3/train,train,train,train,/mmfs1/gscratch/portia/eabe/data/Johnson_lab/red_data/general_model/courtship_V2/train/2026_03_09_14_39_40/Cam2012861/Frame_149840.jpg,/mmfs1/gscratch/portia/eabe/data/Johnson_lab/red_data/red_data_unified_V3/train/2026_04_08_14_59_45/Cam2012861/Frame_149840.jpg,T3R_Tro=43.19px; T2R_Tro=42.11px; T1R_Tro=22.80px; Scutellum=18.97px; Abd_tip=13.15px,,,
43.186,20.287,7.126,4.611,49,50,c9ce9b5a5c1fd4ad8a1ee582995103f1,0.9753,2026_03_09_14_39_40,2026_04_08_14_59_45,Cam2012857,149840,9267,16532,0,1,unknown,unknown,general_model/courtship_V2/train,red_data_unified_V3/train,train,train,train,/mmfs1/gscratch/portia/eabe/data/Johnson_lab/red_data/general_model/courtship_V2/train/2026_03_09_14_39_40/Cam2012857/Frame_149840.jpg,/mmfs1/gscratch/portia/eabe/data/Johnson_lab/red_data/red_data_unified_V3/train/2026_04_08_14_59_45/Cam2012857/Frame_149840.jpg,T3R_Tro=43.19px; T2R_Tro=41.05px; T1R_Tro=22.14px; Scutellum=18.03px; Abd_tip=14.32px,,,
43.186,18.912,5.758,3.162,39,50,ad54ef6b9c1aa2b2619bff77a12ef9e2,0.9812,2026_03_09_14_39_40,2026_04_08_14_59_45,Cam2012861,415156,10417,17701,0,1,unknown,unknown,general_model/courtship_V2/val,red_data_unified_V3/train,train,train,val,/mmfs1/gscratch/portia/eabe/data/Johnson_lab/red_data/general_model/courtship_V2/val/2026_03_09_14_39_40/Cam2012861/Frame_415156.jpg,/mmfs1/gscratch/portia/eabe/data/Johnson_lab/red_data/red_data_unified_V3/train/2026_04_08_14_59_45/Cam2012861/Frame_415156.jpg,T2L_Tro=43.19px; T3L_Tro=32.06px; T2R_Tro=22.47px; WingL_base=14.56px; T3R_Tro=14.32px,,,
43.186,22.875,4.979,2.0,33,50,a22f9ab55d95750f9e4156abf1659fad,0.9696,2026_03_09_14_39_40,2026_04_08_14_59_45,Cam2012631,94150,7756,15299,0,1,unknown,unknown,general_model/courtship_V2/train,red_data_unified_V3/train,train,train,train,/mmfs1/gscratch/portia/eabe/data/Johnson_lab/red_data/general_model/courtship_V2/train/2026_03_09_14_39_40/Cam2012631/Frame_94150.jpg,/mmfs1/gscratch/portia/eabe/data/Johnson_lab/red_data/red_data_unified_V3/train/2026_04_08_14_59_45/Cam2012631/Frame_94150.jpg,T3L_Tro=43.19px; T2L_Tro=33.06px; T1R_ThxCx=24.33px; T1L_Tro=21.10px; Scutellum=15.23px,,,
43.186,13.322,2.495,0.0,12,50,ce2a0a89c139520e99b15154b9eab8af,1.0,2026_03_09_14_39_40,2026_04_08_14_59_45,Cam2012855,149422,8627,15609,0,1,unknown,unknown,general_model/courtship_V2/train,red_data_unified_V3/train,train,train,train,/mmfs1/gscratch/portia/eabe/data/Johnson_lab/red_data/general_model/courtship_V2/train/2026_03_09_14_39_40/Cam2012855/Frame_149422.jpg,/mmfs1/gscratch/portia/eabe/data/Johnson_lab/red_data/red_data_unified_V3/train/2026_04_08_14_59_45/Cam2012855/Frame_149422.jpg,T3L_Tro=43.19px; Scutellum=20.00px; T2L_Tro=16.00px; Abd_A4=10.05px; EyeL=10.00px,,,
43.046,28.687,7.896,4.183,50,50,7fb17b2df29b80683d034f66d267affc,0.9484,2026_03_09_14_39_40,2026_04_08_14_59_45,Cam2012855,149816,9224,16489,0,1,unknown,unknown,general_model/courtship_V2/train,red_data_unified_V3/train,train,train,train,/mmfs1/gscratch/portia/eabe/data/Johnson_lab/red_data/general_model/courtship_V2/train/2026_03_09_14_39_40/Cam2012855/Frame_149816.jpg,/mmfs1/gscratch/portia/eabe/data/Johnson_lab/red_data/red_data_unified_V3/train/2026_04_08_14_59_45/Cam2012855/Frame_149816.jpg,T2R_FeTi=43.05px; T2R_Tro=30.59px; T2R_TiTa=29.02px; T3R_Tro=28.28px; T2R_TaT1=23.09px,,,
43.046,17.708,5.212,3.162,39,50,cc075170965ee93d3791c80f35243e8c,0.9681,2026_03_09_14_39_40,2026_04_08_14_59_45,Cam2012857,415161,10423,17714,0,1,unknown,unknown,general_model/courtship_V2/train,red_data_unified_V3/train,train,train,val,/mmfs1/gscratch/portia/eabe/data/Johnson_lab/red_data/general_model/courtship_V2/train/2026_03_09_14_39_40/Cam2012857/Frame_415161.jpg,/mmfs1/gscratch/portia/eabe/data/Johnson_lab/red_data/red_data_unified_V3/train/2026_04_08_14_59_45/Cam2012857/Frame_415161.jpg,T2L_Tro=43.05px; T3L_Tro=26.17px; T3R_Tro=19.42px; WingR_base=15.62px; T2R_Tro=15.26px,,,
43.046,18.952,3.729,0.0,18,50,c2df0e67b336c563804176735f1b27fc,1.0,2026_03_09_14_39_40,2026_04_08_14_59_45,Cam2012631,149612,8914,16104,0,1,unknown,unknown,general_model/courtship_V2/train,red_data_unified_V3/train,train,train,train,/mmfs1/gscratch/portia/eabe/data/Johnson_lab/red_data/general_model/courtship_V2/train/2026_03_09_14_39_40/Cam2012631/Frame_149612.jpg,/mmfs1/gscratch/portia/eabe/data/Johnson_lab/red_data/red_data_unified_V3/train/2026_04_08_14_59_45/Cam2012631/Frame_149612.jpg,T3R_Tro=43.05px; T2R_Tro=23.35px; T2L_Tro=19.42px; T3L_Tro=18.38px; T1R_Tro=16.49px,,,
43.012,21.738,4.211,0.0,18,50,54d157e192f6c280edf7d3454af8d09f,1.0,2026_03_09_14_39_40,2026_04_08_14_59_45,Cam2012857,149398,8586,15568,0,1,unknown,unknown,general_model/courtship_V2/train,red_data_unified_V3/train,train,train,train,/mmfs1/gscratch/portia/eabe/data/Johnson_lab/red_data/general_model/courtship_V2/train/2026_03_09_14_39_40/Cam2012857/Frame_149398.jpg,/mmfs1/gscratch/portia/eabe/data/Johnson_lab/red_data/red_data_unified_V3/train/2026_04_08_14_59_45/Cam2012857/Frame_149398.jpg,T2R_TiTa=43.01px; T2R_Tro=32.57px; Scutellum=26.31px; T2R_FeTi=16.16px; T2R_TaT1=14.21px,,,
42.579,17.497,4.389,1.707,35,50,715a1cbed5756a10dcf575f956dc482b,0.9884,2026_03_09_14_39_40,2026_04_08_14_59_45,Cam2012862,94139,7733,15262,0,1,unknown,unknown,general_model/courtship_V2/val,red_data_unified_V3/train,train,train,train,/mmfs1/gscratch/portia/eabe/data/Johnson_lab/red_data/general_model/courtship_V2/val/2026_03_09_14_39_40/Cam2012862/Frame_94139.jpg,/mmfs1/gscratch/portia/eabe/data/Johnson_lab/red_data/red_data_unified_V3/train/2026_04_08_14_59_45/Cam2012862/Frame_94139.jpg,T2L_Tro=42.58px; T3L_Tro=31.14px; T1L_Tro=23.00px; T1R_ThxCx=10.77px; Scutellum=9.85px,,,
42.107,19.105,5.739,3.162,39,50,b49eeb017da8f129a884f787d388f1f7,0.9811,2026_03_09_14_39_40,2026_04_08_14_59_45,Cam2012857,415156,10416,17700,0,1,unknown,unknown,general_model/courtship_V2/val,red_data_unified_V3/train,train,train,val,/mmfs1/gscratch/portia/eabe/data/Johnson_lab/red_data/general_model/courtship_V2/val/2026_03_09_14_39_40/Cam2012857/Frame_415156.jpg,/mmfs1/gscratch/portia/eabe/data/Johnson_lab/red_data/red_data_unified_V3/train/2026_04_08_14_59_45/Cam2012857/Frame_415156.jpg,T2L_Tro=42.11px; T3L_Tro=31.06px; T2R_Tro=23.02px; WingL_base=14.32px; T3R_Tro=14.32px,,,
42.012,26.296,3.836,0.0,15,50,c0e550251ca993fa7d673e86a2972d38,1.0,2026_03_09_14_39_40,2026_04_08_14_59_45,Cam2012861,149576,8869,16052,0,1,unknown,unknown,general_model/courtship_V2/train,red_data_unified_V3/train,train,train,train,/mmfs1/gscratch/portia/eabe/data/Johnson_lab/red_data/general_model/courtship_V2/train/2026_03_09_14_39_40/Cam2012861/Frame_149576.jpg,/mmfs1/gscratch/portia/eabe/data/Johnson_lab/red_data/red_data_unified_V3/train/2026_04_08_14_59_45/Cam2012861/Frame_149576.jpg,T3R_Tro=42.01px; T2L_Tro=39.29px; T2R_Tro=33.06px; T2R_FeTi=18.03px; T1R_Tro=11.00px,,,
42.0,25.758,3.832,0.0,15,50,baffb7a2a5f637619f81690a86360fef,1.0,2026_03_09_14_39_40,2026_04_08_14_59_45,Cam2012857,149576,8868,16051,0,1,unknown,unknown,general_model/courtship_V2/train,red_data_unified_V3/train,train,train,train,/mmfs1/gscratch/portia/eabe/data/Johnson_lab/red_data/general_model/courtship_V2/train/2026_03_09_14_39_40/Cam2012857/Frame_149576.jpg,/mmfs1/gscratch/portia/eabe/data/Johnson_lab/red_data/red_data_unified_V3/train/2026_04_08_14_59_45/Cam2012857/Frame_149576.jpg,T3R_Tro=42.00px; T2L_Tro=39.56px; T2R_Tro=32.02px; T2R_FeTi=18.11px; T1R_Tro=11.05px,,,
41.437,27.059,6.264,3.162,47,50,06f1dd3466190a6a7f5480dce5f634f4,0.9853,2026_03_09_14_39_40,2026_04_08_14_59_45,Cam2012862,149828,9248,16520,0,1,unknown,unknown,general_model/courtship_V2/train,red_data_unified_V3/train,train,train,train,/mmfs1/gscratch/portia/eabe/data/Johnson_lab/red_data/general_model/courtship_V2/train/2026_03_09_14_39_40/Cam2012862/Frame_149828.jpg,/mmfs1/gscratch/portia/eabe/data/Johnson_lab/red_data/red_data_unified_V3/train/2026_04_08_14_59_45/Cam2012862/Frame_149828.jpg,T3R_Tro=41.44px; T1R_Tro=35.74px; T2R_Tro=32.02px; T2R_FeTi=21.00px; T2L_Tro=13.00px,,,
41.195,15.401,4.048,2.0,28,50,c1cfbf62d52f73f17c458e29d5053720,0.9941,2026_03_09_14_39_40,2026_04_08_14_59_45,Cam2012862,227764,9689,16817,0,1,unknown,unknown,general_model/courtship_V2/val,red_data_unified_V3/train,train,train,train,/mmfs1/gscratch/portia/eabe/data/Johnson_lab/red_data/general_model/courtship_V2/val/2026_03_09_14_39_40/Cam2012862/Frame_227764.jpg,/mmfs1/gscratch/portia/eabe/data/Johnson_lab/red_data/red_data_unified_V3/train/2026_04_08_14_59_45/Cam2012862/Frame_227764.jpg,T2L_FeTi=41.19px; T3L_Tro=16.03px; Scutellum=15.62px; T2L_Tro=15.13px; T1R_Tro=13.34px,,,
41.11,30.615,8.393,4.786,50,50,e5cc5a54765e2cd43a12f6c6dfcd6640,0.96,2026_03_09_14_39_40,2026_04_08_14_59_45,Cam2012855,149820,9231,16503,0,1,unknown,unknown,general_model/courtship_V2/train,red_data_unified_V3/train,train,train,train,/mmfs1/gscratch/portia/eabe/data/Johnson_lab/red_data/general_model/courtship_V2/train/2026_03_09_14_39_40/Cam2012855/Frame_149820.jpg,/mmfs1/gscratch/portia/eabe/data/Johnson_lab/red_data/red_data_unified_V3/train/2026_04_08_14_59_45/Cam2012855/Frame_149820.jpg,T2R_FeTi=41.11px; T2R_TaT1=36.00px; T2R_TiTa=31.06px; T2L_Tro=30.07px; T1L_ThxCx=20.10px,,,
41.11,19.902,4.71,2.236,33,50,e075a94b5b72ae0bb003dacd23097d9b,0.9607,2026_03_09_14_39_40,2026_04_08_14_59_45,Cam2012861,94150,7760,15303,0,1,unknown,unknown,general_model/courtship_V2/train,red_data_unified_V3/train,train,train,train,/mmfs1/gscratch/portia/eabe/data/Johnson_lab/red_data/general_model/courtship_V2/train/2026_03_09_14_39_40/Cam2012861/Frame_94150.jpg,/mmfs1/gscratch/portia/eabe/data/Johnson_lab/red_data/red_data_unified_V3/train/2026_04_08_14_59_45/Cam2012861/Frame_94150.jpg,T3L_Tro=41.11px; T2L_Tro=23.09px; T1R_ThxCx=22.20px; Scutellum=17.09px; T1L_Tro=15.13px,,,
41.049,21.304,3.012,0.0,18,50,438329eb420007b76dfe4efc07144346,0.9992,2026_03_09_14_39_40,2026_04_08_14_59_45,Cam2012857,227768,9694,16827,0,1,unknown,unknown,general_model/courtship_V2/train,red_data_unified_V3/train,train,train,train,/mmfs1/gscratch/portia/eabe/data/Johnson_lab/red_data/general_model/courtship_V2/train/2026_03_09_14_39_40/Cam2012857/Frame_227768.jpg,/mmfs1/gscratch/portia/eabe/data/Johnson_lab/red_data/red_data_unified_V3/train/2026_04_08_14_59_45/Cam2012857/Frame_227768.jpg,T2L_Tro=41.05px; Antenna_Base=22.80px; T3L_Tro=21.38px; Scutellum=21.21px; T1L_Tro=10.30px,,,
41.049,20.712,2.975,0.0,18,50,c9f8ad314a9dcc5860c47c577a18d161,0.9992,2026_03_09_14_39_40,2026_04_08_14_59_45,Cam2012861,227768,9695,16828,0,1,unknown,unknown,general_model/courtship_V2/train,red_data_unified_V3/train,train,train,train,/mmfs1/gscratch/portia/eabe/data/Johnson_lab/red_data/general_model/courtship_V2/train/2026_03_09_14_39_40/Cam2012861/Frame_227768.jpg,/mmfs1/gscratch/portia/eabe/data/Johnson_lab/red_data/red_data_unified_V3/train/2026_04_08_14_59_45/Cam2012861/Frame_227768.jpg,T2L_Tro=41.05px; Antenna_Base=22.80px; Scutellum=21.21px; T3L_Tro=20.10px; T1L_Tro=10.82px,,,
41.049,9.257,1.904,0.0,9,50,67cd79355485da8b6513f79c4352b17e,0.9933,2026_03_09_14_39_40,2026_04_08_14_59_45,Cam2012853,149802,9209,16460,0,1,unknown,unknown,general_model/courtship_V2/train,red_data_unified_V3/train,train,train,train,/mmfs1/gscratch/portia/eabe/data/Johnson_lab/red_data/general_model/courtship_V2/train/2026_03_09_14_39_40/Cam2012853/Frame_149802.jpg,/mmfs1/gscratch/portia/eabe/data/Johnson_lab/red_data/red_data_unified_V3/train/2026_04_08_14_59_45/Cam2012853/Frame_149802.jpg,T2R_FeTi=41.05px; T2R_TiTa=21.00px; T2R_TaT1=11.05px; T3R_Tro=7.07px; T2R_TaT3=6.00px,,,
41.012,22.603,6.646,3.864,49,50,59aa81d1ac124bcdecf5e67aace41caf,0.9635,2026_03_09_14_39_40,2026_04_08_14_59_45,Cam2012630,149816,9221,16486,0,1,unknown,unknown,general_model/courtship_V2/train,red_data_unified_V3/train,train,train,train,/mmfs1/gscratch/portia/eabe/data/Johnson_lab/red_data/general_model/courtship_V2/train/2026_03_09_14_39_40/Cam2012630/Frame_149816.jpg,/mmfs1/gscratch/portia/eabe/data/Johnson_lab/red_data/red_data_unified_V3/train/2026_04_08_14_59_45/Cam2012630/Frame_149816.jpg,T2R_FeTi=41.01px; T1R_Tro=23.77px; T2R_TaT1=23.02px; T2L_Tro=22.09px; T3R_Tro=20.40px,,,
40.608,20.674,3.066,0.0,9,50,03c3943ef842c6709df338c2d5a13ba0,1.0,2026_03_09_14_39_40,2026_04_08_14_59_45,Cam2012631,149802,9208,16459,0,1,unknown,unknown,general_model/courtship_V2/train,red_data_unified_V3/train,train,train,train,/mmfs1/gscratch/portia/eabe/data/Johnson_lab/red_data/general_model/courtship_V2/train/2026_03_09_14_39_40/Cam2012631/Frame_149802.jpg,/mmfs1/gscratch/portia/eabe/data/Johnson_lab/red_data/red_data_unified_V3/train/2026_04_08_14_59_45/Cam2012631/Frame_149802.jpg,T3R_Tro=40.61px; T2R_TiTa=28.00px; T2R_Tro=22.02px; T2R_TaT1=19.03px; T2R_FeTi=17.46px,,,
40.447,13.407,3.26,0.0,16,50,8a8c3ff294d1e8e572ccdfdbbf1729e9,1.0,2026_03_09_14_39_40,2026_04_08_14_59_45,Cam2012853,149417,8619,15594,0,1,unknown,unknown,general_model/courtship_V2/train,red_data_unified_V3/train,train,train,train,/mmfs1/gscratch/portia/eabe/data/Johnson_lab/red_data/general_model/courtship_V2/train/2026_03_09_14_39_40/Cam2012853/Frame_149417.jpg,/mmfs1/gscratch/portia/eabe/data/Johnson_lab/red_data/red_data_unified_V3/train/2026_04_08_14_59_45/Cam2012853/Frame_149417.jpg,T3L_Tro=40.45px; T2L_Tro=36.12px; Scutellum=14.42px; T1L_Tro=12.17px; T1R_Tro=11.70px,,,
40.2,10.721,3.814,1.707,35,50,00e53d4bfe8640f8a31e4ff207d90b55,0.9889,2026_03_09_14_39_40,2026_04_08_14_59_45,Cam2012862,94179,7782,15339,0,1,unknown,unknown,general_model/courtship_V2/train,red_data_unified_V3/train,train,train,train,/mmfs1/gscratch/portia/eabe/data/Johnson_lab/red_data/general_model/courtship_V2/train/2026_03_09_14_39_40/Cam2012862/Frame_94179.jpg,/mmfs1/gscratch/portia/eabe/data/Johnson_lab/red_data/red_data_unified_V3/train/2026_04_08_14_59_45/Cam2012862/Frame_94179.jpg,T2L_Tro=40.20px; T3L_Tro=33.06px; Scutellum=12.08px; T2R_TaT3=9.06px; T1R_Tro=8.00px,,,
40.2,19.84,4.676,2.236,33,50,c2eddd457b9f96bc4013980f01919c85,0.9624,2026_03_09_14_39_40,2026_04_08_14_59_45,Cam2012857,94150,7759,15302,0,1,unknown,unknown,general_model/courtship_V2/train,red_data_unified_V3/train,train,train,train,/mmfs1/gscratch/portia/eabe/data/Johnson_lab/red_data/general_model/courtship_V2/train/2026_03_09_14_39_40/Cam2012857/Frame_94150.jpg,/mmfs1/gscratch/portia/eabe/data/Johnson_lab/red_data/red_data_unified_V3/train/2026_04_08_14_59_45/Cam2012857/Frame_94150.jpg,T3L_Tro=40.20px; T1R_ThxCx=22.20px; T2L_Tro=22.09px; Scutellum=17.09px; T1L_Tro=15.03px,,,
40.112,25.023,4.457,0.0,19,50,b8ee2c83588f54059ebf0313a7c3d125,1.0,2026_03_09_14_39_40,2026_04_08_14_59_45,Cam2012857,149612,8917,16107,0,1,unknown,unknown,general_model/courtship_V2/train,red_data_unified_V3/train,train,train,train,/mmfs1/gscratch/portia/eabe/data/Johnson_lab/red_data/general_model/courtship_V2/train/2026_03_09_14_39_40/Cam2012857/Frame_149612.jpg,/mmfs1/gscratch/portia/eabe/data/Johnson_lab/red_data/red_data_unified_V3/train/2026_04_08_14_59_45/Cam2012857/Frame_149612.jpg,T3R_Tro=40.11px; T2L_Tro=32.25px; T2R_Tro=28.16px; T3L_Tro=21.19px; T1R_Tro=18.25px,,,
40.112,25.449,4.425,0.0,19,50,634cdf7c39cb9516acb6e9b46bd1c90f,1.0,2026_03_09_14_39_40,2026_04_08_14_59_45,Cam2012861,149612,8918,16108,0,1,unknown,unknown,general_model/courtship_V2/train,red_data_unified_V3/train,train,train,train,/mmfs1/gscratch/portia/eabe/data/Johnson_lab/red_data/general_model/courtship_V2/train/2026_03_09_14_39_40/Cam2012861/Frame_149612.jpg,/mmfs1/gscratch/portia/eabe/data/Johnson_lab/red_data/red_data_unified_V3/train/2026_04_08_14_59_45/Cam2012861/Frame_149612.jpg,T3R_Tro=40.11px; T2L_Tro=31.26px; T2R_Tro=28.16px; T3L_Tro=22.14px; T1R_Tro=19.42px,,,
40.012,18.988,4.544,0.0,24,50,751219c10b954f2832595745f152948e,0.9929,2026_03_09_14_39_40,2026_04_08_14_59_45,Cam2012630,149806,9214,16472,0,1,unknown,unknown,general_model/courtship_V2/train,red_data_unified_V3/train,train,train,train,/mmfs1/gscratch/portia/eabe/data/Johnson_lab/red_data/general_model/courtship_V2/train/2026_03_09_14_39_40/Cam2012630/Frame_149806.jpg,/mmfs1/gscratch/portia/eabe/data/Johnson_lab/red_data/red_data_unified_V3/train/2026_04_08_14_59_45/Cam2012630/Frame_149806.jpg,T2R_FeTi=40.01px; T1R_Tro=26.40px; T2L_Tro=20.02px; T2R_Tro=17.72px; T3R_Tro=17.12px,,,
39.812,17.021,3.151,0.0,15,50,bda1263075165d0c3da71e0374dc8000,1.0,2026_03_09_14_39_40,2026_04_08_14_59_45,Cam2012861,149572,8862,16038,0,1,unknown,unknown,general_model/courtship_V2/val,red_data_unified_V3/train,train,train,train,/mmfs1/gscratch/portia/eabe/data/Johnson_lab/red_data/general_model/courtship_V2/val/2026_03_09_14_39_40/Cam2012861/Frame_149572.jpg,/mmfs1/gscratch/portia/eabe/data/Johnson_lab/red_data/red_data_unified_V3/train/2026_04_08_14_59_45/Cam2012861/Frame_149572.jpg,T3R_Tro=39.81px; T2R_Tro=29.02px; T2L_Tro=21.10px; T1R_TiTa=12.04px; WingR_base=10.00px,,,
39.294,21.705,4.432,0.0,20,50,1fe5691d68b417772c0ed343ed4aacb3,1.0,2026_03_09_14_39_40,2026_04_08_14_59_45,Cam2012857,149624,8938,16135,0,1,unknown,unknown,general_model/courtship_V2/train,red_data_unified_V3/train,train,train,train,/mmfs1/gscratch/portia/eabe/data/Johnson_lab/red_data/general_model/courtship_V2/train/2026_03_09_14_39_40/Cam2012857/Frame_149624.jpg,/mmfs1/gscratch/portia/eabe/data/Johnson_lab/red_data/red_data_unified_V3/train/2026_04_08_14_59_45/Cam2012857/Frame_149624.jpg,T3R_Tro=39.29px; T2R_Tro=37.01px; T1L_Tro=22.20px; Scutellum=21.10px; T1R_Tro=19.10px,,,
39.294,21.705,4.489,0.0,20,50,3df723f85f3f0bbb98ca3bc8c4602833,1.0,2026_03_09_14_39_40,2026_04_08_14_59_45,Cam2012861,149624,8939,16136,0,1,unknown,unknown,general_model/courtship_V2/train,red_data_unified_V3/train,train,train,train,/mmfs1/gscratch/portia/eabe/data/Johnson_lab/red_data/general_model/courtship_V2/train/2026_03_09_14_39_40/Cam2012861/Frame_149624.jpg,/mmfs1/gscratch/portia/eabe/data/Johnson_lab/red_data/red_data_unified_V3/train/2026_04_08_14_59_45/Cam2012861/Frame_149624.jpg,T3R_Tro=39.29px; T2R_Tro=38.05px; T1L_Tro=22.20px; Scutellum=21.10px; T1R_Tro=19.24px,,,
39.205,26.648,6.731,4.0,49,50,a0937ed6be938e11b8c66e0f5a0fe039,0.9664,2026_03_09_14_39_40,2026_04_08_14_59_45,Cam2012862,149816,9227,16492,0,1,unknown,unknown,general_model/courtship_V2/train,red_data_unified_V3/train,train,train,train,/mmfs1/gscratch/portia/eabe/data/Johnson_lab/red_data/general_model/courtship_V2/train/2026_03_09_14_39_40/Cam2012862/Frame_149816.jpg,/mmfs1/gscratch/portia/eabe/data/Johnson_lab/red_data/red_data_unified_V3/train/2026_04_08_14_59_45/Cam2012862/Frame_149816.jpg,T3R_Tro=39.20px; T2R_Tro=34.53px; T1R_Tro=29.61px; T2R_FeTi=23.02px; T2L_Tro=14.14px,,,
39.205,17.362,4.427,2.828,38,50,d15347bab9f16a25f55110e8c381c177,0.992,2026_03_09_14_39_40,2026_04_08_14_59_45,Cam2012862,94146,7754,15290,0,1,unknown,unknown,general_model/courtship_V2/train,red_data_unified_V3/train,train,train,train,/mmfs1/gscratch/portia/eabe/data/Johnson_lab/red_data/general_model/courtship_V2/train/2026_03_09_14_39_40/Cam2012862/Frame_94146.jpg,/mmfs1/gscratch/portia/eabe/data/Johnson_lab/red_data/red_data_unified_V3/train/2026_04_08_14_59_45/Cam2012862/Frame_94146.jpg,T3L_Tro=39.20px; T1L_Tro=20.62px; T2L_Tro=18.25px; Scutellum=16.28px; T3R_TaT3=9.90px,,,
39.205,13.684,2.405,0.0,12,50,be8e37202b4854d576ae18dcac91a603,1.0,2026_03_09_14_39_40,2026_04_08_14_59_45,Cam2012853,149422,8626,15608,0,1,unknown,unknown,general_model/courtship_V2/train,red_data_unified_V3/train,train,train,train,/mmfs1/gscratch/portia/eabe/data/Johnson_lab/red_data/general_model/courtship_V2/train/2026_03_09_14_39_40/Cam2012853/Frame_149422.jpg,/mmfs1/gscratch/portia/eabe/data/Johnson_lab/red_data/red_data_unified_V3/train/2026_04_08_14_59_45/Cam2012853/Frame_149422.jpg,T3L_Tro=39.20px; T2L_Tro=19.00px; Scutellum=14.21px; T2R_Tro=13.04px; EyeL=8.94px,,,
39.115,23.027,6.423,3.606,50,50,78429a17489d8d020ccf9e84af1508c7,0.9717,2026_03_09_14_39_40,2026_04_08_14_59_45,Cam2012630,149820,9228,16500,0,1,unknown,unknown,general_model/courtship_V2/train,red_data_unified_V3/train,train,train,train,/mmfs1/gscratch/portia/eabe/data/Johnson_lab/red_data/general_model/courtship_V2/train/2026_03_09_14_39_40/Cam2012630/Frame_149820.jpg,/mmfs1/gscratch/portia/eabe/data/Johnson_lab/red_data/red_data_unified_V3/train/2026_04_08_14_59_45/Cam2012630/Frame_149820.jpg,T2R_FeTi=39.12px; T2L_Tro=35.06px; T1R_Tro=25.00px; T3R_Tro=20.62px; T2R_TaT1=14.00px,,,
38.639,17.068,3.127,0.0,15,50,d1ee0b3e1cdd64789f7f0ac6cb034331,1.0,2026_03_09_14_39_40,2026_04_08_14_59_45,Cam2012857,149572,8861,16037,0,1,unknown,unknown,general_model/courtship_V2/val,red_data_unified_V3/train,train,train,train,/mmfs1/gscratch/portia/eabe/data/Johnson_lab/red_data/general_model/courtship_V2/val/2026_03_09_14_39_40/Cam2012857/Frame_149572.jpg,/mmfs1/gscratch/portia/eabe/data/Johnson_lab/red_data/red_data_unified_V3/train/2026_04_08_14_59_45/Cam2012857/Frame_149572.jpg,T3R_Tro=38.64px; T2R_Tro=28.02px; T2L_Tro=20.02px; T1R_TiTa=13.45px; WingR_base=11.00px,,,
38.471,13.4,4.612,3.0,41,50,2b88e6954adc671a1737714296d143b8,0.9842,2026_03_09_14_39_40,2026_04_08_14_59_45,Cam2012855,94144,7744,15273,0,1,unknown,unknown,general_model/courtship_V2/train,red_data_unified_V3/train,train,train,train,/mmfs1/gscratch/portia/eabe/data/Johnson_lab/red_data/general_model/courtship_V2/train/2026_03_09_14_39_40/Cam2012855/Frame_94144.jpg,/mmfs1/gscratch/portia/eabe/data/Johnson_lab/red_data/red_data_unified_V3/train/2026_04_08_14_59_45/Cam2012855/Frame_94144.jpg,T2R_Tro=38.47px; T3L_Tro=20.02px; Scutellum=13.60px; T1L_ThxCx=13.15px; T3R_Tro=13.04px,,,
38.471,16.879,3.118,0.0,16,50,f2c71af0bb113cb62a80b167e9733c26,1.0,2026_03_09_14_39_40,2026_04_08_14_59_45,Cam2012855,149417,8620,15595,0,1,unknown,unknown,general_model/courtship_V2/train,red_data_unified_V3/train,train,train,train,/mmfs1/gscratch/portia/eabe/data/Johnson_lab/red_data/general_model/courtship_V2/train/2026_03_09_14_39_40/Cam2012855/Frame_149417.jpg,/mmfs1/gscratch/portia/eabe/data/Johnson_lab/red_data/red_data_unified_V3/train/2026_04_08_14_59_45/Cam2012855/Frame_149417.jpg,T3L_Tro=38.47px; T2L_Tro=34.06px; Scutellum=21.54px; T1L_Tro=11.18px; T1R_TaT3=7.07px,,,
38.21,19.757,5.138,2.0,39,50,bade173ac91541fcb17853e8665978c6,0.9862,2026_03_09_14_39_40,2026_04_08_14_59_45,Cam2012630,415156,10412,17696,0,1,unknown,unknown,general_model/courtship_V2/val,red_data_unified_V3/train,train,train,val,/mmfs1/gscratch/portia/eabe/data/Johnson_lab/red_data/general_model/courtship_V2/val/2026_03_09_14_39_40/Cam2012630/Frame_415156.jpg,/mmfs1/gscratch/portia/eabe/data/Johnson_lab/red_data/red_data_unified_V3/train/2026_04_08_14_59_45/Cam2012630/Frame_415156.jpg,T2L_Tro=38.21px; T3L_Tro=32.06px; T2R_Tro=21.63px; T1R_Tro=17.46px; T3R_Tro=17.26px,,,
38.21,14.372,4.38,2.236,37,50,cb0194751385796abacfd22a3aec8060,0.9928,2026_03_09_14_39_40,2026_04_08_14_59_45,Cam2012853,94146,7750,15286,0,1,unknown,unknown,general_model/courtship_V2/train,red_data_unified_V3/train,train,train,train,/mmfs1/gscratch/portia/eabe/data/Johnson_lab/red_data/general_model/courtship_V2/train/2026_03_09_14_39_40/Cam2012853/Frame_94146.jpg,/mmfs1/gscratch/portia/eabe/data/Johnson_lab/red_data/red_data_unified_V3/train/2026_04_08_14_59_45/Cam2012853/Frame_94146.jpg,T2R_Tro=38.21px; T1R_Tro=28.07px; Scutellum=16.28px; T3R_Tro=12.04px; T3L_Tro=9.49px,,,
38.21,18.061,3.769,0.0,24,50,151858d1b5701571f3b29eb47592732f,1.0,2026_03_09_14_39_40,2026_04_08_14_59_45,Cam2012631,149659,8991,16230,0,1,unknown,unknown,general_model/courtship_V2/train,red_data_unified_V3/train,train,train,train,/mmfs1/gscratch/portia/eabe/data/Johnson_lab/red_data/general_model/courtship_V2/train/2026_03_09_14_39_40/Cam2012631/Frame_149659.jpg,/mmfs1/gscratch/portia/eabe/data/Johnson_lab/red_data/red_data_unified_V3/train/2026_04_08_14_59_45/Cam2012631/Frame_149659.jpg,T3R_Tro=38.21px; T2R_Tro=34.01px; T1R_Tro=22.36px; Scutellum=12.81px; T2L_TaT3=8.06px,,,
38.118,18.129,3.423,0.0,20,50,8f1dd8fc16becd0ce965045d3cc536a7,1.0,2026_03_09_14_39_40,2026_04_08_14_59_45,Cam2012862,149649,8975,16207,0,1,unknown,unknown,general_model/courtship_V2/train,red_data_unified_V3/train,train,train,train,/mmfs1/gscratch/portia/eabe/data/Johnson_lab/red_data/general_model/courtship_V2/train/2026_03_09_14_39_40/Cam2012862/Frame_149649.jpg,/mmfs1/gscratch/portia/eabe/data/Johnson_lab/red_data/red_data_unified_V3/train/2026_04_08_14_59_45/Cam2012862/Frame_149649.jpg,T1R_Tro=38.12px; T3R_Tro=22.14px; T2R_Tro=20.02px; Scutellum=15.81px; T1L_ThxCx=10.30px,,,
38.053,28.785,6.38,3.303,38,50,1f2369a7406e38b26d8664b7ccb7a68f,0.9949,2026_03_09_14_39_40,2026_04_08_14_59_45,Cam2012857,94134,7717,15246,0,1,unknown,unknown,general_model/courtship_V2/train,red_data_unified_V3/train,train,train,train,/mmfs1/gscratch/portia/eabe/data/Johnson_lab/red_data/general_model/courtship_V2/train/2026_03_09_14_39_40/Cam2012857/Frame_94134.jpg,/mmfs1/gscratch/portia/eabe/data/Johnson_lab/red_data/red_data_unified_V3/train/2026_04_08_14_59_45/Cam2012857/Frame_94134.jpg,T3L_Tro=38.05px; T2L_Tro=31.58px; T1L_Tro=31.00px; T1L_ThxCx=26.08px; T1R_Tro=17.03px,,,
38.013,28.828,6.399,3.562,36,50,cd63769ee81f280c90a2be619f2ebe3b,0.9962,2026_03_09_14_39_40,2026_04_08_14_59_45,Cam2012861,94134,7718,15247,0,1,unknown,unknown,general_model/courtship_V2/train,red_data_unified_V3/train,train,train,train,/mmfs1/gscratch/portia/eabe/data/Johnson_lab/red_data/general_model/courtship_V2/train/2026_03_09_14_39_40/Cam2012861/Frame_94134.jpg,/mmfs1/gscratch/portia/eabe/data/Johnson_lab/red_data/red_data_unified_V3/train/2026_04_08_14_59_45/Cam2012861/Frame_94134.jpg,T3L_Tro=38.01px; T2L_Tro=32.39px; T1L_Tro=31.00px; T1L_ThxCx=26.17px; T1R_Tro=17.03px,,,
38.013,24.056,5.25,0.0,23,50,634283d40a9310818992f3818d87b733,0.9673,2026_03_09_14_39_40,2026_04_08_14_59_45,Cam2012861,149617,8925,16122,0,1,unknown,unknown,general_model/courtship_V2/train,red_data_unified_V3/train,train,train,train,/mmfs1/gscratch/portia/eabe/data/Johnson_lab/red_data/general_model/courtship_V2/train/2026_03_09_14_39_40/Cam2012861/Frame_149617.jpg,/mmfs1/gscratch/portia/eabe/data/Johnson_lab/red_data/red_data_unified_V3/train/2026_04_08_14_59_45/Cam2012861/Frame_149617.jpg,T2R_Tro=38.01px; T3R_Tro=26.68px; T1R_Tro=26.08px; T1L_Tro=21.59px; Scutellum=19.31px,,,
38.0,20.914,6.411,4.183,50,50,4935bbe6e0cb96a090d58ef709e8172c,0.9579,2026_03_09_14_39_40,2026_04_08_14_59_45,Cam2012853,149828,9244,16516,0,1,unknown,unknown,general_model/courtship_V2/train,red_data_unified_V3/train,train,train,train,/mmfs1/gscratch/portia/eabe/data/Johnson_lab/red_data/general_model/courtship_V2/train/2026_03_09_14_39_40/Cam2012853/Frame_149828.jpg,/mmfs1/gscratch/portia/eabe/data/Johnson_lab/red_data/red_data_unified_V3/train/2026_04_08_14_59_45/Cam2012853/Frame_149828.jpg,T2L_Tro=38.00px; T1L_Tro=25.08px; T2R_FeTi=24.02px; T3L_Tro=17.12px; T1R_Tro=14.21px,,,
38.0,17.875,2.837,0.0,15,50,96c295fb5e926887a39fbe2e5308cd59,1.0,2026_03_09_14_39_40,2026_04_08_14_59_45,Cam2012862,149576,8870,16053,0,1,unknown,unknown,general_model/courtship_V2/train,red_data_unified_V3/train,train,train,train,/mmfs1/gscratch/portia/eabe/data/Johnson_lab/red_data/general_model/courtship_V2/train/2026_03_09_14_39_40/Cam2012862/Frame_149576.jpg,/mmfs1/gscratch/portia/eabe/data/Johnson_lab/red_data/red_data_unified_V3/train/2026_04_08_14_59_45/Cam2012862/Frame_149576.jpg,T3R_Tro=38.00px; T2R_Tro=26.08px; T1R_Tro=22.02px; T2L_Tro=12.81px; T3L_TaT3=6.40px,,,
37.696,15.163,3.435,0.0,18,50,78b5c517dfdf78e4354dbd953bc8f005,1.0,2026_03_09_14_39_40,2026_04_08_14_59_45,Cam2012853,149398,8584,15566,0,1,unknown,unknown,general_model/courtship_V2/train,red_data_unified_V3/train,train,train,train,/mmfs1/gscratch/portia/eabe/data/Johnson_lab/red_data/general_model/courtship_V2/train/2026_03_09_14_39_40/Cam2012853/Frame_149398.jpg,/mmfs1/gscratch/portia/eabe/data/Johnson_lab/red_data/red_data_unified_V3/train/2026_04_08_14_59_45/Cam2012853/Frame_149398.jpg,T2R_TiTa=37.70px; T2R_Tro=18.87px; T2R_FeTi=15.30px; T2R_TaT1=15.00px; Scutellum=13.93px,,,
37.483,24.826,7.3,4.472,49,50,f3373ecba9b06a63d9c65824f5b75e18,0.9596,2026_03_09_14_39_40,2026_04_08_14_59_45,Cam2012631,149820,9229,16501,0,1,unknown,unknown,general_model/courtship_V2/train,red_data_unified_V3/train,train,train,train,/mmfs1/gscratch/portia/eabe/data/Johnson_lab/red_data/general_model/courtship_V2/train/2026_03_09_14_39_40/Cam2012631/Frame_149820.jpg,/mmfs1/gscratch/portia/eabe/data/Johnson_lab/red_data/red_data_unified_V3/train/2026_04_08_14_59_45/Cam2012631/Frame_149820.jpg,T1R_Tro=37.48px; T3R_Tro=37.34px; T3R_FeTi=25.08px; T2R_Tro=24.52px; T2R_TiTa=21.10px,,,
37.336,15.268,3.352,0.5,25,50,1b8aa93c8c34e92c867987208215eaf2,1.0,2026_03_09_14_39_40,2026_04_08_14_59_45,Cam2012855,227753,9665,16802,0,1,unknown,unknown,general_model/courtship_V2/train,red_data_unified_V3/train,train,train,train,/mmfs1/gscratch/portia/eabe/data/Johnson_lab/red_data/general_model/courtship_V2/train/2026_03_09_14_39_40/Cam2012855/Frame_227753.jpg,/mmfs1/gscratch/portia/eabe/data/Johnson_lab/red_data/red_data_unified_V3/train/2026_04_08_14_59_45/Cam2012855/Frame_227753.jpg,T2R_Tro=37.34px; T3R_Tro=16.28px; Antenna_Base=15.30px; Scutellum=15.23px; T3L_FeTi=11.00px,,,
37.336,22.073,4.11,0.0,19,50,8f84d6bc490b9ca875622fe0425e9ff0,1.0,2026_03_09_14_39_40,2026_04_08_14_59_45,Cam2012855,149612,8916,16106,0,1,unknown,unknown,general_model/courtship_V2/train,red_data_unified_V3/train,train,train,train,/mmfs1/gscratch/portia/eabe/data/Johnson_lab/red_data/general_model/courtship_V2/train/2026_03_09_14_39_40/Cam2012855/Frame_149612.jpg,/mmfs1/gscratch/portia/eabe/data/Johnson_lab/red_data/red_data_unified_V3/train/2026_04_08_14_59_45/Cam2012855/Frame_149612.jpg,T2L_Tro=37.34px; T3R_Tro=26.17px; T2R_Tro=24.33px; T3L_Tro=19.31px; T1L_Tro=19.24px,,,
37.216,27.515,4.571,0.0,24,50,e68b05892457361480ee8d70667e6b60,0.9929,2026_03_09_14_39_40,2026_04_08_14_59_45,Cam2012631,149806,9215,16473,0,1,unknown,unknown,general_model/courtship_V2/train,red_data_unified_V3/train,train,train,train,/mmfs1/gscratch/portia/eabe/data/Johnson_lab/red_data/general_model/courtship_V2/train/2026_03_09_14_39_40/Cam2012631/Frame_149806.jpg,/mmfs1/gscratch/portia/eabe/data/Johnson_lab/red_data/red_data_unified_V3/train/2026_04_08_14_59_45/Cam2012631/Frame_149806.jpg,T2R_Tro=37.22px; T3R_Tro=35.06px; T1R_Tro=31.95px; T3R_FeTi=22.09px; T2R_TaT1=14.04px,,,
37.121,29.023,7.016,4.123,49,50,df508b2a9917f43a36446099c67169eb,0.9722,2026_03_09_14_39_40,2026_04_08_14_59_45,Cam2012862,149840,9269,16534,0,1,unknown,unknown,general_model/courtship_V2/train,red_data_unified_V3/train,train,train,train,/mmfs1/gscratch/portia/eabe/data/Johnson_lab/red_data/general_model/courtship_V2/train/2026_03_09_14_39_40/Cam2012862/Frame_149840.jpg,/mmfs1/gscratch/portia/eabe/data/Johnson_lab/red_data/red_data_unified_V3/train/2026_04_08_14_59_45/Cam2012862/Frame_149840.jpg,T2R_Tro=37.12px; T1R_Tro=32.56px; T3R_Tro=32.25px; T2R_FeTi=25.08px; T2R_TaT1=19.03px,,,
37.014,24.001,5.276,0.0,23,50,07c1cc98ab097b9cab69f5cd3a7ee678,0.9634,2026_03_09_14_39_40,2026_04_08_14_59_45,Cam2012857,149617,8924,16121,0,1,unknown,unknown,general_model/courtship_V2/train,red_data_unified_V3/train,train,train,train,/mmfs1/gscratch/portia/eabe/data/Johnson_lab/red_data/general_model/courtship_V2/train/2026_03_09_14_39_40/Cam2012857/Frame_149617.jpg,/mmfs1/gscratch/portia/eabe/data/Johnson_lab/red_data/red_data_unified_V3/train/2026_04_08_14_59_45/Cam2012857/Frame_149617.jpg,T2R_Tro=37.01px; T3R_Tro=27.46px; T1R_Tro=25.18px; T1L_Tro=22.56px; T2L_Tro=19.31px,,,
36.878,10.252,2.585,0.0,15,50,9fe02565d50cb95ece4ef808b216cc6c,1.0,2026_03_09_14_39_40,2026_04_08_14_59_45,Cam2012862,149572,8863,16039,0,1,unknown,unknown,general_model/courtship_V2/val,red_data_unified_V3/train,train,train,train,/mmfs1/gscratch/portia/eabe/data/Johnson_lab/red_data/general_model/courtship_V2/val/2026_03_09_14_39_40/Cam2012862/Frame_149572.jpg,/mmfs1/gscratch/portia/eabe/data/Johnson_lab/red_data/red_data_unified_V3/train/2026_04_08_14_59_45/Cam2012862/Frame_149572.jpg,T3R_Tro=36.88px; T2R_Tro=32.06px; T1R_TiTa=10.30px; T2L_Tro=10.20px; EyeL=6.32px,,,
36.401,7.465,1.805,0.0,6,50,6b0f455ba3c1add24f40b28403ce95d2,1.0,2026_03_09_14_39_40,2026_04_07_11_33_33,Cam2012862,149798,9206,14887,0,0,unknown,unknown,general_model/courtship_V2/val,red_data_unified_V3/val,train,val,train,/mmfs1/gscratch/portia/eabe/data/Johnson_lab/red_data/general_model/courtship_V2/val/2026_03_09_14_39_40/Cam2012862/Frame_149798.jpg,/mmfs1/gscratch/portia/eabe/data/Johnson_lab/red_data/red_data_unified_V3/val/2026_04_07_11_33_33/Cam2012862/Frame_149798.jpg,T3R_Tro=36.40px; T2R_Tro=33.54px; Scutellum=7.62px; T1L_ThxCx=7.28px; T1R_ThxCx=3.16px,2026_03_09_14_39_40_Cam2012862_Frame_149798__6b0f455b.png,,
36.222,16.219,3.543,0.0,17,50,26d69ad58ea03ff7408d09a923439496,1.0,2026_03_09_14_39_40,2026_04_08_14_59_45,Cam2012855,149634,8951,16162,0,1,unknown,unknown,general_model/courtship_V2/train,red_data_unified_V3/train,train,train,train,/mmfs1/gscratch/portia/eabe/data/Johnson_lab/red_data/general_model/courtship_V2/train/2026_03_09_14_39_40/Cam2012855/Frame_149634.jpg,/mmfs1/gscratch/portia/eabe/data/Johnson_lab/red_data/red_data_unified_V3/train/2026_04_08_14_59_45/Cam2012855/Frame_149634.jpg,T2R_Tro=36.22px; T1L_Tro=34.06px; T1R_Tro=16.55px; T3R_Tro=15.81px; Scutellum=9.90px,,,
36.222,12.302,2.717,0.0,12,50,551b76f4212c0b7510b0eeebf3ea5ae7,1.0,2026_03_09_14_39_40,2026_04_08_14_59_45,Cam2012861,149422,8629,15611,0,1,unknown,unknown,general_model/courtship_V2/train,red_data_unified_V3/train,train,train,train,/mmfs1/gscratch/portia/eabe/data/Johnson_lab/red_data/general_model/courtship_V2/train/2026_03_09_14_39_40/Cam2012861/Frame_149422.jpg,/mmfs1/gscratch/portia/eabe/data/Johnson_lab/red_data/red_data_unified_V3/train/2026_04_08_14_59_45/Cam2012861/Frame_149422.jpg,T3L_Tro=36.22px; Scutellum=21.95px; Abd_A4=13.04px; T2R_Tro=11.40px; T3R_Tro=11.18px,,,
36.222,29.16,3.552,0.0,9,50,8ba46d321be7f1b938626cfe26350192,0.9893,2026_03_09_14_39_40,2026_04_08_14_59_45,Cam2012857,149802,9211,16462,0,1,unknown,unknown,general_model/courtship_V2/train,red_data_unified_V3/train,train,train,train,/mmfs1/gscratch/portia/eabe/data/Johnson_lab/red_data/general_model/courtship_V2/train/2026_03_09_14_39_40/Cam2012857/Frame_149802.jpg,/mmfs1/gscratch/portia/eabe/data/Johnson_lab/red_data/red_data_unified_V3/train/2026_04_08_14_59_45/Cam2012857/Frame_149802.jpg,T2R_FeTi=36.22px; T3R_Tro=35.51px; T2R_TiTa=35.00px; T2R_TaT1=22.02px; T2R_Tro=21.02px,,,
36.139,17.078,3.587,0.0,17,50,0041d628d28bfa5adfb1648b31901756,0.9969,2026_03_09_14_39_40,2026_04_08_14_59_45,Cam2012631,149584,8879,16062,0,1,unknown,unknown,general_model/courtship_V2/train,red_data_unified_V3/train,train,train,train,/mmfs1/gscratch/portia/eabe/data/Johnson_lab/red_data/general_model/courtship_V2/train/2026_03_09_14_39_40/Cam2012631/Frame_149584.jpg,/mmfs1/gscratch/portia/eabe/data/Johnson_lab/red_data/red_data_unified_V3/train/2026_04_08_14_59_45/Cam2012631/Frame_149584.jpg,T3R_Tro=36.14px; T2R_Tro=22.02px; Scutellum=17.12px; WingR_base=17.03px; WingL_base=15.65px,,,
36.125,18.387,3.479,0.0,15,50,386eb72a8cab3e4dd0816c7004e6769b,1.0,2026_03_09_14_39_40,2026_04_08_14_59_45,Cam2012631,149596,8893,16076,0,1,unknown,unknown,general_model/courtship_V2/train,red_data_unified_V3/train,train,train,train,/mmfs1/gscratch/portia/eabe/data/Johnson_lab/red_data/general_model/courtship_V2/train/2026_03_09_14_39_40/Cam2012631/Frame_149596.jpg,/mmfs1/gscratch/portia/eabe/data/Johnson_lab/red_data/red_data_unified_V3/train/2026_04_08_14_59_45/Cam2012631/Frame_149596.jpg,T2R_Tro=36.12px; T1R_Tro=23.00px; Scutellum=18.68px; T3R_Tro=18.03px; T1L_Tro=11.18px,,,
36.125,12.59,2.705,0.0,12,50,99ec2d4245e748d6437a85ded47f01b5,1.0,2026_03_09_14_39_40,2026_04_08_14_59_45,Cam2012857,149422,8628,15610,0,1,unknown,unknown,general_model/courtship_V2/train,red_data_unified_V3/train,train,train,train,/mmfs1/gscratch/portia/eabe/data/Johnson_lab/red_data/general_model/courtship_V2/train/2026_03_09_14_39_40/Cam2012857/Frame_149422.jpg,/mmfs1/gscratch/portia/eabe/data/Johnson_lab/red_data/red_data_unified_V3/train/2026_04_08_14_59_45/Cam2012857/Frame_149422.jpg,T3L_Tro=36.12px; Scutellum=21.10px; Abd_A4=13.04px; T2R_Tro=12.04px; T3R_Tro=10.20px,,,
36.125,29.16,3.535,0.0,9,50,f00b238593c9325eb18e90c2be051c56,0.9895,2026_03_09_14_39_40,2026_04_08_14_59_45,Cam2012861,149802,9212,16463,0,1,unknown,unknown,general_model/courtship_V2/train,red_data_unified_V3/train,train,train,train,/mmfs1/gscratch/portia/eabe/data/Johnson_lab/red_data/general_model/courtship_V2/train/2026_03_09_14_39_40/Cam2012861/Frame_149802.jpg,/mmfs1/gscratch/portia/eabe/data/Johnson_lab/red_data/red_data_unified_V3/train/2026_04_08_14_59_45/Cam2012861/Frame_149802.jpg,T2R_FeTi=36.12px; T3R_Tro=35.69px; T2R_TiTa=35.00px; T2R_TaT1=22.02px; T2R_Tro=21.02px,,,
36.056,15.487,4.708,2.532,35,50,0b2128e8a0da6afc30e67c38d18229e3,0.9809,2026_03_09_14_39_40,2026_04_08_14_59_45,Cam2012631,415151,10406,17683,0,1,unknown,unknown,general_model/courtship_V2/train,red_data_unified_V3/train,train,train,val,/mmfs1/gscratch/portia/eabe/data/Johnson_lab/red_data/general_model/courtship_V2/train/2026_03_09_14_39_40/Cam2012631/Frame_415151.jpg,/mmfs1/gscratch/portia/eabe/data/Johnson_lab/red_data/red_data_unified_V3/train/2026_04_08_14_59_45/Cam2012631/Frame_415151.jpg,T3L_Tro=36.06px; T2L_Tro=35.23px; T1L_Tro=17.03px; WingL_base=13.60px; T2R_TaT3=10.00px,,,
36.056,25.628,4.372,0.0,24,50,fd5a0112f138bde333a9b0744eb9af63,0.9259,2026_03_09_14_39_40,2026_04_08_14_59_45,Cam2012857,227746,9645,16781,0,1,unknown,unknown,general_model/courtship_V2/train,red_data_unified_V3/train,train,train,train,/mmfs1/gscratch/portia/eabe/data/Johnson_lab/red_data/general_model/courtship_V2/train/2026_03_09_14_39_40/Cam2012857/Frame_227746.jpg,/mmfs1/gscratch/portia/eabe/data/Johnson_lab/red_data/red_data_unified_V3/train/2026_04_08_14_59_45/Cam2012857/Frame_227746.jpg,T3L_Tro=36.06px; Antenna_Base=26.48px; T2L_Tro=26.08px; T1L_Tro=25.08px; Scutellum=16.03px,,,
36.056,26.077,4.361,0.0,24,50,b6913e5858eda961c6ab2539e9596e74,0.9341,2026_03_09_14_39_40,2026_04_08_14_59_45,Cam2012861,227746,9646,16782,0,1,unknown,unknown,general_model/courtship_V2/train,red_data_unified_V3/train,train,train,train,/mmfs1/gscratch/portia/eabe/data/Johnson_lab/red_data/general_model/courtship_V2/train/2026_03_09_14_39_40/Cam2012861/Frame_227746.jpg,/mmfs1/gscratch/portia/eabe/data/Johnson_lab/red_data/red_data_unified_V3/train/2026_04_08_14_59_45/Cam2012861/Frame_227746.jpg,T3L_Tro=36.06px; Antenna_Base=26.48px; T1L_Tro=26.08px; T2L_Tro=26.08px; Scutellum=17.03px,,,
36.0,24.274,7.533,4.786,50,50,cb342ad12b7f0646cf65080e59ce5c8d,0.9542,2026_03_09_14_39_40,2026_04_08_14_59_45,Cam2012855,149828,9245,16517,0,1,unknown,unknown,general_model/courtship_V2/train,red_data_unified_V3/train,train,train,train,/mmfs1/gscratch/portia/eabe/data/Johnson_lab/red_data/general_model/courtship_V2/train/2026_03_09_14_39_40/Cam2012855/Frame_149828.jpg,/mmfs1/gscratch/portia/eabe/data/Johnson_lab/red_data/red_data_unified_V3/train/2026_04_08_14_59_45/Cam2012855/Frame_149828.jpg,T2L_Tro=36.00px; T3R_Tro=31.58px; T2R_Tro=25.30px; T1L_Tro=23.02px; Scutellum=18.25px,,,
35.903,12.083,2.89,0.0,24,50,508c33b5ec330b74716ffe4980e6cabf,1.0,2026_03_09_14_39_40,2026_04_08_14_59_45,Cam2012862,149468,8695,15745,0,1,unknown,unknown,general_model/courtship_V2/train,red_data_unified_V3/train,train,train,train,/mmfs1/gscratch/portia/eabe/data/Johnson_lab/red_data/general_model/courtship_V2/train/2026_03_09_14_39_40/Cam2012862/Frame_149468.jpg,/mmfs1/gscratch/portia/eabe/data/Johnson_lab/red_data/red_data_unified_V3/train/2026_04_08_14_59_45/Cam2012862/Frame_149468.jpg,T3R_Tro=35.90px; Scutellum=13.60px; T1L_ThxCx=12.08px; T1R_Tro=12.08px; T2L_Tro=11.05px,,,
35.693,17.463,5.247,3.162,41,50,61971bc86f9a45eeda897d005cf3e277,0.985,2026_03_09_14_39_40,2026_04_08_14_59_45,Cam2012857,94144,7745,15274,0,1,unknown,unknown,general_model/courtship_V2/train,red_data_unified_V3/train,train,train,train,/mmfs1/gscratch/portia/eabe/data/Johnson_lab/red_data/general_model/courtship_V2/train/2026_03_09_14_39_40/Cam2012857/Frame_94144.jpg,/mmfs1/gscratch/portia/eabe/data/Johnson_lab/red_data/red_data_unified_V3/train/2026_04_08_14_59_45/Cam2012857/Frame_94144.jpg,T2R_Tro=35.69px; T3L_Tro=28.02px; T1L_Tro=19.24px; Scutellum=15.30px; T2L_Tro=14.87px,,,
35.511,23.131,6.392,3.606,48,50,2360c4839415745d30638f605b13df04,0.9757,2026_03_09_14_39_40,2026_04_08_14_59_45,Cam2012862,149820,9234,16506,0,1,unknown,unknown,general_model/courtship_V2/train,red_data_unified_V3/train,train,train,train,/mmfs1/gscratch/portia/eabe/data/Johnson_lab/red_data/general_model/courtship_V2/train/2026_03_09_14_39_40/Cam2012862/Frame_149820.jpg,/mmfs1/gscratch/portia/eabe/data/Johnson_lab/red_data/red_data_unified_V3/train/2026_04_08_14_59_45/Cam2012862/Frame_149820.jpg,T1R_Tro=35.51px; T3R_Tro=32.39px; T2L_Tro=24.19px; T2R_Tro=21.84px; T2R_FeTi=21.21px,,,
35.44,20.216,3.161,0.0,18,50,5ae55fb52643962a30cdc8e70bbdcd38,0.9833,2026_03_09_14_39_40,2026_04_07_11_33_33,Cam2012861,227755,9674,14971,0,0,unknown,unknown,general_model/courtship_V2/train,red_data_unified_V3/val,train,val,train,/mmfs1/gscratch/portia/eabe/data/Johnson_lab/red_data/general_model/courtship_V2/train/2026_03_09_14_39_40/Cam2012861/Frame_227755.jpg,/mmfs1/gscratch/portia/eabe/data/Johnson_lab/red_data/red_data_unified_V3/val/2026_04_07_11_33_33/Cam2012861/Frame_227755.jpg,T2L_Tro=35.44px; T3L_Tro=27.89px; Antenna_Base=21.19px; Scutellum=19.03px; T1R_Tro=8.06px,2026_03_09_14_39_40_Cam2012861_Frame_227755__5ae55fb5.png,,
35.355,16.951,4.364,2.0,37,50,20e671fbe65021f10b9c5ac5072761f0,0.9812,2026_03_09_14_39_40,2026_04_08_14_59_45,Cam2012853,415161,10421,17712,0,1,unknown,unknown,general_model/courtship_V2/train,red_data_unified_V3/train,train,train,val,/mmfs1/gscratch/portia/eabe/data/Johnson_lab/red_data/general_model/courtship_V2/train/2026_03_09_14_39_40/Cam2012853/Frame_415161.jpg,/mmfs1/gscratch/portia/eabe/data/Johnson_lab/red_data/red_data_unified_V3/train/2026_04_08_14_59_45/Cam2012853/Frame_415161.jpg,T3R_Tro=35.36px; T2R_Tro=21.19px; WingR_base=19.10px; T1R_Tro=14.32px; T1L_Tro=11.66px,,,
35.228,12.878,3.22,0.0,17,50,cff3da60b045a25847175b77a3fe8ba0,1.0,2026_03_09_14_39_40,2026_04_08_14_59_45,Cam2012862,149634,8954,16165,0,1,unknown,unknown,general_model/courtship_V2/train,red_data_unified_V3/train,train,train,train,/mmfs1/gscratch/portia/eabe/data/Johnson_lab/red_data/general_model/courtship_V2/train/2026_03_09_14_39_40/Cam2012862/Frame_149634.jpg,/mmfs1/gscratch/portia/eabe/data/Johnson_lab/red_data/red_data_unified_V3/train/2026_04_08_14_59_45/Cam2012862/Frame_149634.jpg,T2R_Tro=35.23px; T1R_Tro=33.73px; Scutellum=15.65px; T3R_TaT3=9.49px; T3R_Tro=9.43px,,,
35.171,22.431,5.091,2.236,36,50,103cf52540103668e45e2b2b834e89ce,0.993,2026_03_09_14_39_40,2026_04_08_14_59_45,Cam2012631,94154,7763,15320,0,1,unknown,unknown,general_model/courtship_V2/train,red_data_unified_V3/train,train,train,train,/mmfs1/gscratch/portia/eabe/data/Johnson_lab/red_data/general_model/courtship_V2/train/2026_03_09_14_39_40/Cam2012631/Frame_94154.jpg,/mmfs1/gscratch/portia/eabe/data/Johnson_lab/red_data/red_data_unified_V3/train/2026_04_08_14_59_45/Cam2012631/Frame_94154.jpg,T3L_Tro=35.17px; T2L_Tro=34.06px; T1L_Tro=29.15px; Scutellum=14.21px; T3R_TaT3=13.60px,,,
35.171,18.891,3.852,0.0,22,50,ab732558d70b103eea86308ba1b97205,1.0,2026_03_09_14_39_40,2026_04_08_14_59_45,Cam2012631,149629,8942,16146,0,1,unknown,unknown,general_model/courtship_V2/train,red_data_unified_V3/train,train,train,train,/mmfs1/gscratch/portia/eabe/data/Johnson_lab/red_data/general_model/courtship_V2/train/2026_03_09_14_39_40/Cam2012631/Frame_149629.jpg,/mmfs1/gscratch/portia/eabe/data/Johnson_lab/red_data/red_data_unified_V3/train/2026_04_08_14_59_45/Cam2012631/Frame_149629.jpg,T1R_Tro=35.17px; T3R_Tro=34.37px; T2R_Tro=19.42px; Scutellum=18.25px; T3L_TaT3=13.15px,,,
35.128,13.271,2.655,0.0,17,50,1f57e5685b4b13bff50a306f0348a1a3,1.0,2026_03_09_14_39_40,2026_04_08_14_59_45,Cam2012862,149612,8919,16109,0,1,unknown,unknown,general_model/courtship_V2/train,red_data_unified_V3/train,train,train,train,/mmfs1/gscratch/portia/eabe/data/Johnson_lab/red_data/general_model/courtship_V2/train/2026_03_09_14_39_40/Cam2012862/Frame_149612.jpg,/mmfs1/gscratch/portia/eabe/data/Johnson_lab/red_data/red_data_unified_V3/train/2026_04_08_14_59_45/Cam2012862/Frame_149612.jpg,T3R_Tro=35.13px; T2R_Tro=14.56px; Scutellum=14.14px; T3L_Tro=12.21px; T1R_Tro=9.49px,,,
35.114,19.059,3.137,0.0,18,50,e26f294f03c2c62d39c31cf89a492a44,0.9798,2026_03_09_14_39_40,2026_04_07_11_33_33,Cam2012857,227755,9673,14970,0,0,unknown,unknown,general_model/courtship_V2/train,red_data_unified_V3/val,train,val,train,/mmfs1/gscratch/portia/eabe/data/Johnson_lab/red_data/general_model/courtship_V2/train/2026_03_09_14_39_40/Cam2012857/Frame_227755.jpg,/mmfs1/gscratch/portia/eabe/data/Johnson_lab/red_data/red_data_unified_V3/val/2026_04_07_11_33_33/Cam2012857/Frame_227755.jpg,T2L_Tro=35.11px; T3L_Tro=27.89px; Antenna_Base=19.92px; Scutellum=18.00px; T1R_Tro=8.06px,2026_03_09_14_39_40_Cam2012857_Frame_227755__e26f294f.png,,
35.057,23.638,7.197,5.0,50,50,6f83d3a2aa4bf6aedad43c7ddc8ea0b9,0.9704,2026_03_09_14_39_40,2026_04_08_14_59_45,Cam2012631,149848,9278,16557,0,1,unknown,unknown,general_model/courtship_V2/train,red_data_unified_V3/train,train,train,train,/mmfs1/gscratch/portia/eabe/data/Johnson_lab/red_data/general_model/courtship_V2/train/2026_03_09_14_39_40/Cam2012631/Frame_149848.jpg,/mmfs1/gscratch/portia/eabe/data/Johnson_lab/red_data/red_data_unified_V3/train/2026_04_08_14_59_45/Cam2012631/Frame_149848.jpg,T2R_Tro=35.06px; T3R_Tro=34.93px; T1R_Tro=29.07px; Scutellum=17.00px; T1R_ThxCx=13.93px,,,
35.057,13.006,2.545,0.0,18,50,d05264530e193e6eec8d73823262ae64,0.9992,2026_03_09_14_39_40,2026_04_08_14_59_45,Cam2012631,227768,9691,16824,0,1,unknown,unknown,general_model/courtship_V2/train,red_data_unified_V3/train,train,train,train,/mmfs1/gscratch/portia/eabe/data/Johnson_lab/red_data/general_model/courtship_V2/train/2026_03_09_14_39_40/Cam2012631/Frame_227768.jpg,/mmfs1/gscratch/portia/eabe/data/Johnson_lab/red_data/red_data_unified_V3/train/2026_04_08_14_59_45/Cam2012631/Frame_227768.jpg,T2L_Tro=35.06px; Scutellum=18.25px; Antenna_Base=14.32px; T1L_Tro=11.40px; T3L_Tro=10.44px,,,
35.014,26.768,5.699,2.914,37,50,57bad3561a23e81fc0eee098b07b6e14,0.9946,2026_03_09_14_39_40,2026_04_08_14_59_45,Cam2012631,94134,7714,15243,0,1,unknown,unknown,general_model/courtship_V2/train,red_data_unified_V3/train,train,train,train,/mmfs1/gscratch/portia/eabe/data/Johnson_lab/red_data/general_model/courtship_V2/train/2026_03_09_14_39_40/Cam2012631/Frame_94134.jpg,/mmfs1/gscratch/portia/eabe/data/Johnson_lab/red_data/red_data_unified_V3/train/2026_04_08_14_59_45/Cam2012631/Frame_94134.jpg,T3L_Tro=35.01px; T1L_Tro=34.00px; T2L_Tro=30.59px; T1L_ThxCx=22.09px; T1R_ThxCx=14.87px,,,
35.014,22.352,3.074,0.0,19,50,588cfad57c2936f1c8447a3f9cd62361,0.9992,2026_03_09_14_39_40,2026_04_08_14_59_45,Cam2012855,227768,9693,16826,0,1,unknown,unknown,general_model/courtship_V2/train,red_data_unified_V3/train,train,train,train,/mmfs1/gscratch/portia/eabe/data/Johnson_lab/red_data/general_model/courtship_V2/train/2026_03_09_14_39_40/Cam2012855/Frame_227768.jpg,/mmfs1/gscratch/portia/eabe/data/Johnson_lab/red_data/red_data_unified_V3/train/2026_04_08_14_59_45/Cam2012855/Frame_227768.jpg,T2L_Tro=35.01px; T3L_Tro=26.17px; Antenna_Base=25.71px; Scutellum=18.25px; T1L_Tro=8.54px,,,
34.713,18.351,4.8,2.236,38,50,0d5df5af191c6a4e1e2fc7008339e630,0.9868,2026_03_09_14_39_40,2026_04_08_14_59_45,Cam2012853,94134,7715,15244,0,1,unknown,unknown,general_model/courtship_V2/train,red_data_unified_V3/train,train,train,train,/mmfs1/gscratch/portia/eabe/data/Johnson_lab/red_data/general_model/courtship_V2/train/2026_03_09_14_39_40/Cam2012853/Frame_94134.jpg,/mmfs1/gscratch/portia/eabe/data/Johnson_lab/red_data/red_data_unified_V3/train/2026_04_08_14_59_45/Cam2012853/Frame_94134.jpg,T3R_Tro=34.71px; T1R_Tro=22.02px; T2R_Tro=20.25px; T3L_Tro=16.03px; T1L_ThxCx=14.14px,,,
34.525,17.463,5.326,3.162,41,50,6ea1745b28f24271be21aa54da582972,0.9849,2026_03_09_14_39_40,2026_04_08_14_59_45,Cam2012861,94144,7746,15275,0,1,unknown,unknown,general_model/courtship_V2/train,red_data_unified_V3/train,train,train,train,/mmfs1/gscratch/portia/eabe/data/Johnson_lab/red_data/general_model/courtship_V2/train/2026_03_09_14_39_40/Cam2012861/Frame_94144.jpg,/mmfs1/gscratch/portia/eabe/data/Johnson_lab/red_data/red_data_unified_V3/train/2026_04_08_14_59_45/Cam2012861/Frame_94144.jpg,T2R_Tro=34.53px; T3L_Tro=28.02px; T1L_Tro=19.24px; Scutellum=15.30px; T2L_Tro=14.56px,,,
34.366,26.687,5.702,0.0,24,50,06d72ee6c2a5c12d3e4e66273d11a101,0.9248,2026_03_09_14_39_40,2026_04_08_14_59_45,Cam2012861,149806,9219,16477,0,1,unknown,unknown,general_model/courtship_V2/train,red_data_unified_V3/train,train,train,train,/mmfs1/gscratch/portia/eabe/data/Johnson_lab/red_data/general_model/courtship_V2/train/2026_03_09_14_39_40/Cam2012861/Frame_149806.jpg,/mmfs1/gscratch/portia/eabe/data/Johnson_lab/red_data/red_data_unified_V3/train/2026_04_08_14_59_45/Cam2012861/Frame_149806.jpg,T2R_Tro=34.37px; T3R_Tro=30.02px; T2R_FeTi=28.02px; T1R_Tro=25.06px; T2R_TaT1=25.02px,,,
34.234,18.792,3.6,0.0,24,50,2bf2700d84772fd7c982d00c6204fc22,1.0,2026_03_09_14_39_40,2026_04_08_14_59_45,Cam2012862,149659,8996,16235,0,1,unknown,unknown,general_model/courtship_V2/train,red_data_unified_V3/train,train,train,train,/mmfs1/gscratch/portia/eabe/data/Johnson_lab/red_data/general_model/courtship_V2/train/2026_03_09_14_39_40/Cam2012862/Frame_149659.jpg,/mmfs1/gscratch/portia/eabe/data/Johnson_lab/red_data/red_data_unified_V3/train/2026_04_08_14_59_45/Cam2012862/Frame_149659.jpg,T3R_Tro=34.23px; T2R_Tro=29.02px; T1R_Tro=25.32px; Scutellum=10.82px; T1L_TaT3=8.60px,,,
34.132,20.768,4.375,2.0,32,50,f3697f932ad0d11e01b4f6ea8ca3e83d,0.9766,2026_03_09_14_39_40,2026_04_08_14_59_45,Cam2012862,94150,7761,15304,0,1,unknown,unknown,general_model/courtship_V2/train,red_data_unified_V3/train,train,train,train,/mmfs1/gscratch/portia/eabe/data/Johnson_lab/red_data/general_model/courtship_V2/train/2026_03_09_14_39_40/Cam2012862/Frame_94150.jpg,/mmfs1/gscratch/portia/eabe/data/Johnson_lab/red_data/red_data_unified_V3/train/2026_04_08_14_59_45/Cam2012862/Frame_94150.jpg,T3L_Tro=34.13px; T2L_Tro=34.06px; T1L_Tro=22.02px; T1R_ThxCx=19.24px; Scutellum=10.63px,,,
34.132,24.188,4.537,0.0,21,50,43a4e3fe1a89961dc4619af5d2962a64,1.0,2026_03_09_14_39_40,2026_04_08_14_59_45,Cam2012631,149649,8970,16202,0,1,unknown,unknown,general_model/courtship_V2/train,red_data_unified_V3/train,train,train,train,/mmfs1/gscratch/portia/eabe/data/Johnson_lab/red_data/general_model/courtship_V2/train/2026_03_09_14_39_40/Cam2012631/Frame_149649.jpg,/mmfs1/gscratch/portia/eabe/data/Johnson_lab/red_data/red_data_unified_V3/train/2026_04_08_14_59_45/Cam2012631/Frame_149649.jpg,T1R_Tro=34.13px; T3R_Tro=29.61px; T2R_Tro=25.00px; T2L_Tro=23.19px; Scutellum=20.00px,,,
34.059,22.254,5.124,2.532,39,50,cea94a30990613c3d4f625da9c7bd305,0.9945,2026_03_09_14_39_40,2026_04_08_14_59_45,Cam2012630,415161,10419,17710,0,1,unknown,unknown,general_model/courtship_V2/train,red_data_unified_V3/train,train,train,val,/mmfs1/gscratch/portia/eabe/data/Johnson_lab/red_data/general_model/courtship_V2/train/2026_03_09_14_39_40/Cam2012630/Frame_415161.jpg,/mmfs1/gscratch/portia/eabe/data/Johnson_lab/red_data/red_data_unified_V3/train/2026_04_08_14_59_45/Cam2012630/Frame_415161.jpg,T2L_Tro=34.06px; T3R_Tro=28.44px; T3L_Tro=26.17px; T2R_Tro=17.46px; WingR_base=15.81px,,,
34.059,18.548,3.273,0.0,19,50,ceda159caf53704cba5f2f31d319fdc2,0.9998,2026_03_09_14_39_40,2026_04_08_14_59_45,Cam2012861,149602,8904,16094,0,1,unknown,unknown,general_model/courtship_V2/train,red_data_unified_V3/train,train,train,train,/mmfs1/gscratch/portia/eabe/data/Johnson_lab/red_data/general_model/courtship_V2/train/2026_03_09_14_39_40/Cam2012861/Frame_149602.jpg,/mmfs1/gscratch/portia/eabe/data/Johnson_lab/red_data/red_data_unified_V3/train/2026_04_08_14_59_45/Cam2012861/Frame_149602.jpg,T2R_Tro=34.06px; Scutellum=21.10px; T3R_Tro=18.97px; T1L_Tro=18.03px; T1R_Tro=15.23px,,,
34.015,21.311,6.339,4.298,50,50,44788f075f1e5c782208de8572baaf8b,0.9689,2026_03_09_14_39_40,2026_04_08_14_59_45,Cam2012631,149844,9271,16543,0,1,unknown,unknown,general_model/courtship_V2/train,red_data_unified_V3/train,train,train,train,/mmfs1/gscratch/portia/eabe/data/Johnson_lab/red_data/general_model/courtship_V2/train/2026_03_09_14_39_40/Cam2012631/Frame_149844.jpg,/mmfs1/gscratch/portia/eabe/data/Johnson_lab/red_data/red_data_unified_V3/train/2026_04_08_14_59_45/Cam2012631/Frame_149844.jpg,T2R_Tro=34.01px; T3R_Tro=31.40px; T1R_Tro=28.86px; T3L_Tro=12.08px; Scutellum=12.00px,,,
33.956,9.291,2.627,0.0,23,50,0f68bfc5c843f051a75ca880c5b3a1f5,1.0,2026_03_09_14_39_40,2026_04_08_14_59_45,Cam2012630,149468,8689,15739,0,1,unknown,unknown,general_model/courtship_V2/train,red_data_unified_V3/train,train,train,train,/mmfs1/gscratch/portia/eabe/data/Johnson_lab/red_data/general_model/courtship_V2/train/2026_03_09_14_39_40/Cam2012630/Frame_149468.jpg,/mmfs1/gscratch/portia/eabe/data/Johnson_lab/red_data/red_data_unified_V3/train/2026_04_08_14_59_45/Cam2012630/Frame_149468.jpg,T3R_Tro=33.96px; T2L_Tro=22.02px; T1R_Tro=10.30px; T1L_ThxCx=8.06px; Scutellum=8.00px,,,
33.734,13.22,2.072,0.0,9,50,51047f4f44f4503adc2edbcaacf14bad,1.0,2026_03_09_14_39_40,2026_04_08_14_59_45,Cam2012862,149802,9213,16464,0,1,unknown,unknown,general_model/courtship_V2/train,red_data_unified_V3/train,train,train,train,/mmfs1/gscratch/portia/eabe/data/Johnson_lab/red_data/general_model/courtship_V2/train/2026_03_09_14_39_40/Cam2012862/Frame_149802.jpg,/mmfs1/gscratch/portia/eabe/data/Johnson_lab/red_data/red_data_unified_V3/train/2026_04_08_14_59_45/Cam2012862/Frame_149802.jpg,T3R_Tro=33.73px; T2R_Tro=19.10px; T2R_TiTa=15.00px; T2R_TaT1=11.05px; Scutellum=9.22px,,,
33.377,9.376,2.888,1.0,27,50,21614ec0306e42548c2450003c906ab7,1.0,2026_03_09_14_39_40,2026_04_08_14_59_45,Cam2012853,227753,9664,16801,0,1,unknown,unknown,general_model/courtship_V2/train,red_data_unified_V3/train,train,train,train,/mmfs1/gscratch/portia/eabe/data/Johnson_lab/red_data/general_model/courtship_V2/train/2026_03_09_14_39_40/Cam2012853/Frame_227753.jpg,/mmfs1/gscratch/portia/eabe/data/Johnson_lab/red_data/red_data_unified_V3/train/2026_04_08_14_59_45/Cam2012853/Frame_227753.jpg,T2R_Tro=33.38px; T3R_Tro=17.46px; Scutellum=10.82px; T2L_TaT3=7.62px; T1L_ThxCx=6.08px,,,
33.242,14.785,4.377,2.118,35,50,15a8b4a8726fd0f045e915385bfb5b30,0.9702,2026_03_09_14_39_40,2026_04_08_14_59_45,Cam2012862,415151,10411,17688,0,1,unknown,unknown,general_model/courtship_V2/train,red_data_unified_V3/train,train,train,val,/mmfs1/gscratch/portia/eabe/data/Johnson_lab/red_data/general_model/courtship_V2/train/2026_03_09_14_39_40/Cam2012862/Frame_415151.jpg,/mmfs1/gscratch/portia/eabe/data/Johnson_lab/red_data/red_data_unified_V3/train/2026_04_08_14_59_45/Cam2012862/Frame_415151.jpg,T2L_Tro=33.24px; T3L_Tro=33.06px; T1L_Tro=17.03px; WingL_base=12.04px; T3R_TaT3=11.31px,,,
33.242,20.236,4.266,1.707,33,50,c2c9d4cc389b33287e0e71f206871e9e,1.0,2026_03_09_14_39_40,2026_04_07_11_33_33,Cam2012631,94158,7770,14755,0,0,unknown,unknown,general_model/courtship_V2/train,red_data_unified_V3/val,train,val,train,/mmfs1/gscratch/portia/eabe/data/Johnson_lab/red_data/general_model/courtship_V2/train/2026_03_09_14_39_40/Cam2012631/Frame_94158.jpg,/mmfs1/gscratch/portia/eabe/data/Johnson_lab/red_data/red_data_unified_V3/val/2026_04_07_11_33_33/Cam2012631/Frame_94158.jpg,T1L_Tro=33.24px; T3L_Tro=28.07px; T2L_Tro=24.33px; Scutellum=15.23px; Abd_A4=14.32px,2026_03_09_14_39_40_Cam2012631_Frame_94158__c2c9d4cc.png,,
33.242,15.821,3.844,0.0,24,50,d6c84020c70351ed47fcfc982f0d0ce2,0.9932,2026_03_09_14_39_40,2026_04_08_14_59_45,Cam2012861,149659,8995,16234,0,1,unknown,unknown,general_model/courtship_V2/train,red_data_unified_V3/train,train,train,train,/mmfs1/gscratch/portia/eabe/data/Johnson_lab/red_data/general_model/courtship_V2/train/2026_03_09_14_39_40/Cam2012861/Frame_149659.jpg,/mmfs1/gscratch/portia/eabe/data/Johnson_lab/red_data/red_data_unified_V3/train/2026_04_08_14_59_45/Cam2012861/Frame_149659.jpg,T3R_Tro=33.24px; T2R_Tro=29.02px; T1R_Tro=16.49px; Scutellum=15.00px; T2R_TiTa=8.25px,,,
33.242,27.139,5.617,0.0,24,50,2c74abe12cebe857cf0a2d7b09c13f39,0.9233,2026_03_09_14_39_40,2026_04_08_14_59_45,Cam2012857,149806,9218,16476,0,1,unknown,unknown,general_model/courtship_V2/train,red_data_unified_V3/train,train,train,train,/mmfs1/gscratch/portia/eabe/data/Johnson_lab/red_data/general_model/courtship_V2/train/2026_03_09_14_39_40/Cam2012857/Frame_149806.jpg,/mmfs1/gscratch/portia/eabe/data/Johnson_lab/red_data/red_data_unified_V3/train/2026_04_08_14_59_45/Cam2012857/Frame_149806.jpg,T2R_Tro=33.24px; T3R_Tro=31.06px; T2R_FeTi=28.07px; T2R_TaT1=26.00px; T1R_Tro=24.60px,,,
33.242,25.997,4.007,0.0,23,50,3342a158465c09b50b107b4e52231dc7,0.9928,2026_03_09_14_39_40,2026_04_08_14_59_45,Cam2012862,149806,9220,16478,0,1,unknown,unknown,general_model/courtship_V2/train,red_data_unified_V3/train,train,train,train,/mmfs1/gscratch/portia/eabe/data/Johnson_lab/red_data/general_model/courtship_V2/train/2026_03_09_14_39_40/Cam2012862/Frame_149806.jpg,/mmfs1/gscratch/portia/eabe/data/Johnson_lab/red_data/red_data_unified_V3/train/2026_04_08_14_59_45/Cam2012862/Frame_149806.jpg,T1R_Tro=33.24px; T2R_Tro=31.40px; T3R_Tro=30.07px; T2R_FeTi=21.02px; T2L_Tro=14.04px,,,
33.242,17.26,3.743,0.0,15,50,fee342da1e2ddb06181fdb799bc20d68,1.0,2026_03_09_14_39_40,2026_04_08_14_59_45,Cam2012861,149596,8897,16080,0,1,unknown,unknown,general_model/courtship_V2/train,red_data_unified_V3/train,train,train,train,/mmfs1/gscratch/portia/eabe/data/Johnson_lab/red_data/general_model/courtship_V2/train/2026_03_09_14_39_40/Cam2012861/Frame_149596.jpg,/mmfs1/gscratch/portia/eabe/data/Johnson_lab/red_data/red_data_unified_V3/train/2026_04_08_14_59_45/Cam2012861/Frame_149596.jpg,T2R_Tro=33.24px; Scutellum=21.59px; T1R_Tro=19.00px; T2L_Tro=15.13px; T3R_Tro=15.03px,,,
33.136,15.561,3.805,0.0,24,50,af39cf7a70216480aa691bd40b12354c,0.9932,2026_03_09_14_39_40,2026_04_08_14_59_45,Cam2012857,149659,8994,16233,0,1,unknown,unknown,general_model/courtship_V2/train,red_data_unified_V3/train,train,train,train,/mmfs1/gscratch/portia/eabe/data/Johnson_lab/red_data/general_model/courtship_V2/train/2026_03_09_14_39_40/Cam2012857/Frame_149659.jpg,/mmfs1/gscratch/portia/eabe/data/Johnson_lab/red_data/red_data_unified_V3/train/2026_04_08_14_59_45/Cam2012857/Frame_149659.jpg,T3R_Tro=33.14px; T2R_Tro=29.07px; T1R_Tro=16.49px; Scutellum=14.42px; T1L_Tro=9.00px,,,
33.136,15.455,3.752,0.0,20,50,60767b43185decfdfbb609803d4b7d5f,1.0,2026_03_09_14_39_40,2026_04_08_14_59_45,Cam2012630,149649,8969,16201,0,1,unknown,unknown,general_model/courtship_V2/train,red_data_unified_V3/train,train,train,train,/mmfs1/gscratch/portia/eabe/data/Johnson_lab/red_data/general_model/courtship_V2/train/2026_03_09_14_39_40/Cam2012630/Frame_149649.jpg,/mmfs1/gscratch/portia/eabe/data/Johnson_lab/red_data/red_data_unified_V3/train/2026_04_08_14_59_45/Cam2012630/Frame_149649.jpg,T1R_Tro=33.14px; T2L_Tro=31.06px; T3L_Tro=17.46px; Scutellum=13.00px; T1R_FeTi=12.65px,,,
33.136,17.72,3.706,0.0,15,50,7c6b79de94ceff7abe3ef320aa13b8ca,1.0,2026_03_09_14_39_40,2026_04_08_14_59_45,Cam2012857,149596,8896,16079,0,1,unknown,unknown,general_model/courtship_V2/train,red_data_unified_V3/train,train,train,train,/mmfs1/gscratch/portia/eabe/data/Johnson_lab/red_data/general_model/courtship_V2/train/2026_03_09_14_39_40/Cam2012857/Frame_149596.jpg,/mmfs1/gscratch/portia/eabe/data/Johnson_lab/red_data/red_data_unified_V3/train/2026_04_08_14_59_45/Cam2012857/Frame_149596.jpg,T2R_Tro=33.14px; Scutellum=21.59px; T1R_Tro=19.03px; T3R_Tro=16.12px; T2L_Tro=15.03px,,,
33.061,18.548,3.349,0.0,19,50,94f9f9996a2c191d6b36c2d8b3a6198f,0.9999,2026_03_09_14_39_40,2026_04_08_14_59_45,Cam2012857,149602,8903,16093,0,1,unknown,unknown,general_model/courtship_V2/train,red_data_unified_V3/train,train,train,train,/mmfs1/gscratch/portia/eabe/data/Johnson_lab/red_data/general_model/courtship_V2/train/2026_03_09_14_39_40/Cam2012857/Frame_149602.jpg,/mmfs1/gscratch/portia/eabe/data/Johnson_lab/red_data/red_data_unified_V3/train/2026_04_08_14_59_45/Cam2012857/Frame_149602.jpg,T2R_Tro=33.06px; Scutellum=20.25px; T3R_Tro=18.97px; T1L_Tro=18.03px; T1R_Tro=15.23px,,,
33.0,29.524,8.623,5.193,50,50,20d900e25d33e6cb7a9fbae1c02d98cf,0.8667,2026_03_09_14_39_40,2026_04_08_14_59_45,Cam2012857,149820,9232,16504,0,1,unknown,unknown,general_model/courtship_V2/train,red_data_unified_V3/train,train,train,train,/mmfs1/gscratch/portia/eabe/data/Johnson_lab/red_data/general_model/courtship_V2/train/2026_03_09_14_39_40/Cam2012857/Frame_149820.jpg,/mmfs1/gscratch/portia/eabe/data/Johnson_lab/red_data/red_data_unified_V3/train/2026_04_08_14_59_45/Cam2012857/Frame_149820.jpg,T2R_TaT1=33.00px; T3R_Tro=32.39px; T2R_TiTa=30.07px; T1R_Tro=28.86px; T2R_FeTi=26.17px,,,
33.0,22.629,4.524,0.0,23,50,fe59b8b3d925bcf590e9933f5239bcd2,0.9806,2026_03_09_14_39_40,2026_04_08_14_59_45,Cam2012631,149617,8921,16118,0,1,unknown,unknown,general_model/courtship_V2/train,red_data_unified_V3/train,train,train,train,/mmfs1/gscratch/portia/eabe/data/Johnson_lab/red_data/general_model/courtship_V2/train/2026_03_09_14_39_40/Cam2012631/Frame_149617.jpg,/mmfs1/gscratch/portia/eabe/data/Johnson_lab/red_data/red_data_unified_V3/train/2026_04_08_14_59_45/Cam2012631/Frame_149617.jpg,T2R_Tro=33.00px; T1R_Tro=29.07px; T3R_Tro=28.44px; T3L_Tro=15.52px; Scutellum=15.23px,,,
32.757,19.265,7.163,5.05,50,50,bfd93f9e8f7357b30c7f85f92151eecb,0.9406,2026_03_09_14_39_40,2026_04_08_14_59_45,Cam2012857,149848,9281,16560,0,1,unknown,unknown,general_model/courtship_V2/train,red_data_unified_V3/train,train,train,train,/mmfs1/gscratch/portia/eabe/data/Johnson_lab/red_data/general_model/courtship_V2/train/2026_03_09_14_39_40/Cam2012857/Frame_149848.jpg,/mmfs1/gscratch/portia/eabe/data/Johnson_lab/red_data/red_data_unified_V3/train/2026_04_08_14_59_45/Cam2012857/Frame_149848.jpg,T3R_Tro=32.76px; T2R_Tro=30.07px; T1R_Tro=21.10px; Scutellum=17.03px; T3L_Tro=16.03px,,,
32.757,20.262,7.227,4.736,50,50,a0253b43e1c54edf00878a53f8911337,0.9428,2026_03_09_14_39_40,2026_04_08_14_59_45,Cam2012861,149848,9282,16561,0,1,unknown,unknown,general_model/courtship_V2/train,red_data_unified_V3/train,train,train,train,/mmfs1/gscratch/portia/eabe/data/Johnson_lab/red_data/general_model/courtship_V2/train/2026_03_09_14_39_40/Cam2012861/Frame_149848.jpg,/mmfs1/gscratch/portia/eabe/data/Johnson_lab/red_data/red_data_unified_V3/train/2026_04_08_14_59_45/Cam2012861/Frame_149848.jpg,T3R_Tro=32.76px; T2R_Tro=31.14px; T1R_Tro=22.09px; Scutellum=18.03px; T3L_Tro=16.00px,,,
32.573,17.378,2.753,0.0,14,50,141e0386b3dcf00988253a5264cf5731,1.0,2026_03_09_14_39_40,2026_04_08_14_59_45,Cam2012630,149576,8864,16047,0,1,unknown,unknown,general_model/courtship_V2/train,red_data_unified_V3/train,train,train,train,/mmfs1/gscratch/portia/eabe/data/Johnson_lab/red_data/general_model/courtship_V2/train/2026_03_09_14_39_40/Cam2012630/Frame_149576.jpg,/mmfs1/gscratch/portia/eabe/data/Johnson_lab/red_data/red_data_unified_V3/train/2026_04_08_14_59_45/Cam2012630/Frame_149576.jpg,T2L_Tro=32.57px; T3R_Tro=21.00px; T1R_Tro=20.02px; T2R_FeTi=14.14px; T2R_Tro=12.04px,,,
32.573,14.262,1.853,0.0,6,50,f0873894d7c2acf8ab7e1b335317c4f0,1.0,2026_03_09_14_39_40,2026_04_07_11_33_33,Cam2012855,149798,9203,14884,0,0,unknown,unknown,general_model/courtship_V2/val,red_data_unified_V3/val,train,val,train,/mmfs1/gscratch/portia/eabe/data/Johnson_lab/red_data/general_model/courtship_V2/val/2026_03_09_14_39_40/Cam2012855/Frame_149798.jpg,/mmfs1/gscratch/portia/eabe/data/Johnson_lab/red_data/red_data_unified_V3/val/2026_04_07_11_33_33/Cam2012855/Frame_149798.jpg,T3R_Tro=32.57px; Scutellum=19.24px; T2R_Tro=15.81px; T1R_ThxCx=12.37px; T1R_Tro=9.49px,,,
32.558,10.319,3.328,2.0,40,50,e9f6e2a77a954534f4e36a2d7faf1463,0.992,2026_03_09_14_39_40,2026_04_08_14_59_45,Cam2012853,94144,7743,15272,0,1,unknown,unknown,general_model/courtship_V2/train,red_data_unified_V3/train,train,train,train,/mmfs1/gscratch/portia/eabe/data/Johnson_lab/red_data/general_model/courtship_V2/train/2026_03_09_14_39_40/Cam2012853/Frame_94144.jpg,/mmfs1/gscratch/portia/eabe/data/Johnson_lab/red_data/red_data_unified_V3/train/2026_04_08_14_59_45/Cam2012853/Frame_94144.jpg,T2R_Tro=32.56px; T1L_ThxCx=13.04px; T3R_Tro=12.17px; Scutellum=8.06px; T3L_Tro=7.07px,,,
32.558,14.424,3.046,0.0,16,50,dd901d5ad1e4b643bd7edaea0823d4f8,1.0,2026_03_09_14_39_40,2026_04_08_14_59_45,Cam2012630,149417,8617,15592,0,1,unknown,unknown,general_model/courtship_V2/train,red_data_unified_V3/train,train,train,train,/mmfs1/gscratch/portia/eabe/data/Johnson_lab/red_data/general_model/courtship_V2/train/2026_03_09_14_39_40/Cam2012630/Frame_149417.jpg,/mmfs1/gscratch/portia/eabe/data/Johnson_lab/red_data/red_data_unified_V3/train/2026_04_08_14_59_45/Cam2012630/Frame_149417.jpg,T3L_Tro=32.56px; T2L_Tro=30.07px; T1R_Tro=18.68px; T1L_Tro=9.22px; Scutellum=9.00px,,,
32.388,29.836,8.471,5.05,50,50,f7535a71746b3c22eafd99205b23272c,0.8682,2026_03_09_14_39_40,2026_04_08_14_59_45,Cam2012861,149820,9233,16505,0,1,unknown,unknown,general_model/courtship_V2/train,red_data_unified_V3/train,train,train,train,/mmfs1/gscratch/portia/eabe/data/Johnson_lab/red_data/general_model/courtship_V2/train/2026_03_09_14_39_40/Cam2012861/Frame_149820.jpg,/mmfs1/gscratch/portia/eabe/data/Johnson_lab/red_data/red_data_unified_V3/train/2026_04_08_14_59_45/Cam2012861/Frame_149820.jpg,T3R_Tro=32.39px; T2R_TaT1=32.02px; T2R_TiTa=30.02px; T1R_Tro=29.61px; T2R_FeTi=25.08px,,,
32.388,15.765,3.505,1.0,26,50,1afc4463ee517a7d6a69dcca0fc489a0,1.0,2026_03_09_14_39_40,2026_04_08_14_59_45,Cam2012861,227753,9667,16804,0,1,unknown,unknown,general_model/courtship_V2/train,red_data_unified_V3/train,train,train,train,/mmfs1/gscratch/portia/eabe/data/Johnson_lab/red_data/general_model/courtship_V2/train/2026_03_09_14_39_40/Cam2012861/Frame_227753.jpg,/mmfs1/gscratch/portia/eabe/data/Johnson_lab/red_data/red_data_unified_V3/train/2026_04_08_14_59_45/Cam2012861/Frame_227753.jpg,T2R_Tro=32.39px; Antenna_Base=21.10px; Scutellum=18.03px; T3L_FeTi=13.00px; T2L_TaT1=11.05px,,,
32.388,15.765,3.466,0.5,25,50,3a6bd3b2bd0377fb2421469e104afd2e,1.0,2026_03_09_14_39_40,2026_04_08_14_59_45,Cam2012857,227753,9666,16803,0,1,unknown,unknown,general_model/courtship_V2/train,red_data_unified_V3/train,train,train,train,/mmfs1/gscratch/portia/eabe/data/Johnson_lab/red_data/general_model/courtship_V2/train/2026_03_09_14_39_40/Cam2012857/Frame_227753.jpg,/mmfs1/gscratch/portia/eabe/data/Johnson_lab/red_data/red_data_unified_V3/train/2026_04_08_14_59_45/Cam2012857/Frame_227753.jpg,T2R_Tro=32.39px; Antenna_Base=21.10px; Scutellum=18.03px; T3L_FeTi=13.00px; T3R_Tro=10.44px,,,
32.388,13.742,2.932,0.0,19,50,ca14a98a04baf80c1645410d94ae55de,1.0,2026_03_09_14_39_40,2026_04_08_14_59_45,Cam2012853,149612,8915,16105,0,1,unknown,unknown,general_model/courtship_V2/train,red_data_unified_V3/train,train,train,train,/mmfs1/gscratch/portia/eabe/data/Johnson_lab/red_data/general_model/courtship_V2/train/2026_03_09_14_39_40/Cam2012853/Frame_149612.jpg,/mmfs1/gscratch/portia/eabe/data/Johnson_lab/red_data/red_data_unified_V3/train/2026_04_08_14_59_45/Cam2012853/Frame_149612.jpg,T2L_Tro=32.39px; T1L_Tro=18.25px; T2R_Tro=14.32px; T3L_Tro=13.04px; T1R_Tro=10.44px,,,
32.28,21.844,5.113,2.236,36,50,c5e767f1ae8501a905db6b2b6456b2da,0.9576,2026_03_09_14_39_40,2026_04_08_14_59_45,Cam2012861,94154,7767,15324,0,1,unknown,unknown,general_model/courtship_V2/train,red_data_unified_V3/train,train,train,train,/mmfs1/gscratch/portia/eabe/data/Johnson_lab/red_data/general_model/courtship_V2/train/2026_03_09_14_39_40/Cam2012861/Frame_94154.jpg,/mmfs1/gscratch/portia/eabe/data/Johnson_lab/red_data/red_data_unified_V3/train/2026_04_08_14_59_45/Cam2012861/Frame_94154.jpg,T3L_Tro=32.28px; T2L_Tro=27.07px; T1L_Tro=26.17px; T1R_ThxCx=16.55px; Scutellum=16.40px,,,
32.28,18.986,3.624,0.0,22,50,f935947ed873ef082ce54d03de6871d8,1.0,2026_03_09_14_39_40,2026_04_08_14_59_45,Cam2012862,149629,8947,16151,0,1,unknown,unknown,general_model/courtship_V2/train,red_data_unified_V3/train,train,train,train,/mmfs1/gscratch/portia/eabe/data/Johnson_lab/red_data/general_model/courtship_V2/train/2026_03_09_14_39_40/Cam2012862/Frame_149629.jpg,/mmfs1/gscratch/portia/eabe/data/Johnson_lab/red_data/red_data_unified_V3/train/2026_04_08_14_59_45/Cam2012862/Frame_149629.jpg,T1R_Tro=32.28px; T3R_Tro=29.61px; T2R_Tro=20.40px; Scutellum=17.26px; T3L_TaT3=12.65px,,,
32.28,13.097,2.956,0.0,17,50,6e4b471a3648f5cd0e8baf0377a2202f,0.9975,2026_03_09_14_39_40,2026_04_08_14_59_45,Cam2012862,149584,8884,16067,0,1,unknown,unknown,general_model/courtship_V2/train,red_data_unified_V3/train,train,train,train,/mmfs1/gscratch/portia/eabe/data/Johnson_lab/red_data/general_model/courtship_V2/train/2026_03_09_14_39_40/Cam2012862/Frame_149584.jpg,/mmfs1/gscratch/portia/eabe/data/Johnson_lab/red_data/red_data_unified_V3/train/2026_04_08_14_59_45/Cam2012862/Frame_149584.jpg,T3R_Tro=32.28px; Scutellum=15.13px; T2R_Tro=15.00px; T3L_TaT3=10.77px; WingL_base=10.63px,,,
32.249,20.049,4.361,2.0,29,50,354e70d56ccb5a681e9ef247526ccb92,0.9882,2026_03_09_14_39_40,2026_04_08_14_59_45,Cam2012631,227764,9684,16812,0,1,unknown,unknown,general_model/courtship_V2/val,red_data_unified_V3/train,train,train,train,/mmfs1/gscratch/portia/eabe/data/Johnson_lab/red_data/general_model/courtship_V2/val/2026_03_09_14_39_40/Cam2012631/Frame_227764.jpg,/mmfs1/gscratch/portia/eabe/data/Johnson_lab/red_data/red_data_unified_V3/train/2026_04_08_14_59_45/Cam2012631/Frame_227764.jpg,T2L_FeTi=32.25px; T3L_Tro=22.00px; Scutellum=21.95px; T1L_Tro=17.72px; T2L_Tro=16.12px,,,
32.016,22.984,4.914,0.0,23,50,aabe7f595ba51c1f202af511a8da15d3,0.8733,2026_03_09_14_39_40,2026_04_08_14_59_45,Cam2012855,149617,8923,16120,0,1,unknown,unknown,general_model/courtship_V2/train,red_data_unified_V3/train,train,train,train,/mmfs1/gscratch/portia/eabe/data/Johnson_lab/red_data/general_model/courtship_V2/train/2026_03_09_14_39_40/Cam2012855/Frame_149617.jpg,/mmfs1/gscratch/portia/eabe/data/Johnson_lab/red_data/red_data_unified_V3/train/2026_04_08_14_59_45/Cam2012855/Frame_149617.jpg,T2R_Tro=32.02px; T1L_Tro=29.43px; T2L_Tro=23.77px; T2R_TaTip=22.02px; T3R_Tro=18.68px,,,
32.016,12.022,2.806,0.0,20,50,7ce86cce422347e983faf0bd41ae50d0,1.0,2026_03_09_14_39_40,2026_04_08_14_59_45,Cam2012853,149602,8901,16091,0,1,unknown,unknown,general_model/courtship_V2/train,red_data_unified_V3/train,train,train,train,/mmfs1/gscratch/portia/eabe/data/Johnson_lab/red_data/general_model/courtship_V2/train/2026_03_09_14_39_40/Cam2012853/Frame_149602.jpg,/mmfs1/gscratch/portia/eabe/data/Johnson_lab/red_data/red_data_unified_V3/train/2026_04_08_14_59_45/Cam2012853/Frame_149602.jpg,T1L_Tro=32.02px; T2R_Tro=17.26px; T3R_Tro=12.53px; Scutellum=11.40px; T1R_Tro=11.18px,,,
32.016,9.434,2.581,0.0,17,50,9b33e644fa0ccbdbe82e77d63eedfdcc,1.0,2026_03_09_14_39_40,2026_04_08_14_59_45,Cam2012853,149634,8950,16161,0,1,unknown,unknown,general_model/courtship_V2/train,red_data_unified_V3/train,train,train,train,/mmfs1/gscratch/portia/eabe/data/Johnson_lab/red_data/general_model/courtship_V2/train/2026_03_09_14_39_40/Cam2012853/Frame_149634.jpg,/mmfs1/gscratch/portia/eabe/data/Johnson_lab/red_data/red_data_unified_V3/train/2026_04_08_14_59_45/Cam2012853/Frame_149634.jpg,T1L_Tro=32.02px; T2R_Tro=14.56px; T3R_Tro=9.43px; T3R_TaT3=9.43px; T1R_Tro=8.06px,,,
32.016,13.816,2.449,0.0,13,50,f2b3b79d5989335348ef0408666568be,1.0,2026_03_09_14_39_40,2026_04_08_14_59_45,Cam2012853,149444,8649,15671,0,1,unknown,unknown,general_model/courtship_V2/train,red_data_unified_V3/train,train,train,train,/mmfs1/gscratch/portia/eabe/data/Johnson_lab/red_data/general_model/courtship_V2/train/2026_03_09_14_39_40/Cam2012853/Frame_149444.jpg,/mmfs1/gscratch/portia/eabe/data/Johnson_lab/red_data/red_data_unified_V3/train/2026_04_08_14_59_45/Cam2012853/Frame_149444.jpg,T2L_TiTa=32.02px; T1L_Tro=25.00px; Scutellum=14.14px; WingL_base=13.42px; T1R_ThxCx=11.40px,,,
31.78,24.499,6.265,4.123,49,50,6007a4d151a233a5ff85e8b1bdd5bcd1,0.9796,2026_03_09_14_39_40,2026_04_08_14_59_45,Cam2012862,149844,9276,16548,0,1,unknown,unknown,general_model/courtship_V2/train,red_data_unified_V3/train,train,train,train,/mmfs1/gscratch/portia/eabe/data/Johnson_lab/red_data/general_model/courtship_V2/train/2026_03_09_14_39_40/Cam2012862/Frame_149844.jpg,/mmfs1/gscratch/portia/eabe/data/Johnson_lab/red_data/red_data_unified_V3/train/2026_04_08_14_59_45/Cam2012862/Frame_149844.jpg,T1R_Tro=31.78px; T2R_Tro=30.02px; T3R_Tro=27.46px; T2R_FeTi=20.88px; T2R_TaT1=13.04px,,,
31.623,20.424,3.78,0.0,20,50,cb12b84aeff5cb1ee9f43218a534f6df,1.0,2026_03_09_14_39_40,2026_04_08_14_59_45,Cam2012630,149624,8934,16131,0,1,unknown,unknown,general_model/courtship_V2/train,red_data_unified_V3/train,train,train,train,/mmfs1/gscratch/portia/eabe/data/Johnson_lab/red_data/general_model/courtship_V2/train/2026_03_09_14_39_40/Cam2012630/Frame_149624.jpg,/mmfs1/gscratch/portia/eabe/data/Johnson_lab/red_data/red_data_unified_V3/train/2026_04_08_14_59_45/Cam2012630/Frame_149624.jpg,T3R_Tro=31.62px; T2R_Tro=24.08px; T1R_ThxCx=22.20px; T1R_Tro=18.25px; T1L_Tro=16.28px,,,
31.575,14.667,3.898,2.0,36,50,7b2c7b7360cdbbab48f2ea76c65596bb,0.9972,2026_03_09_14_39_40,2026_04_08_14_59_45,Cam2012630,94134,7713,15242,0,1,unknown,unknown,general_model/courtship_V2/train,red_data_unified_V3/train,train,train,train,/mmfs1/gscratch/portia/eabe/data/Johnson_lab/red_data/general_model/courtship_V2/train/2026_03_09_14_39_40/Cam2012630/Frame_94134.jpg,/mmfs1/gscratch/portia/eabe/data/Johnson_lab/red_data/red_data_unified_V3/train/2026_04_08_14_59_45/Cam2012630/Frame_94134.jpg,T3R_Tro=31.58px; T2R_Tro=18.38px; T1R_Tro=16.03px; T1L_Tro=13.00px; WingR_base=12.73px,,,
31.575,15.09,3.63,0.0,21,50,ac7fb1932b3c152a2edc4b4b8816de15,1.0,2026_03_09_14_39_40,2026_04_08_14_59_45,Cam2012861,149629,8946,16150,0,1,unknown,unknown,general_model/courtship_V2/train,red_data_unified_V3/train,train,train,train,/mmfs1/gscratch/portia/eabe/data/Johnson_lab/red_data/general_model/courtship_V2/train/2026_03_09_14_39_40/Cam2012861/Frame_149629.jpg,/mmfs1/gscratch/portia/eabe/data/Johnson_lab/red_data/red_data_unified_V3/train/2026_04_08_14_59_45/Cam2012861/Frame_149629.jpg,T3R_Tro=31.58px; T1R_Tro=28.46px; Scutellum=15.52px; T2R_Tro=14.56px; T3L_TaT3=12.04px,,,
31.401,16.167,3.677,1.414,34,50,5de14b68bb4aec3401e7c25c789466c4,0.9963,2026_03_09_14_39_40,2026_04_07_11_33_33,Cam2012862,94158,7775,14760,0,0,unknown,unknown,general_model/courtship_V2/train,red_data_unified_V3/val,train,val,train,/mmfs1/gscratch/portia/eabe/data/Johnson_lab/red_data/general_model/courtship_V2/train/2026_03_09_14_39_40/Cam2012862/Frame_94158.jpg,/mmfs1/gscratch/portia/eabe/data/Johnson_lab/red_data/red_data_unified_V3/val/2026_04_07_11_33_33/Cam2012862/Frame_94158.jpg,T1L_Tro=31.40px; T3L_Tro=23.19px; T2L_Tro=21.21px; Scutellum=10.00px; T1R_ThxCx=10.00px,,,
31.401,10.793,2.209,0.0,17,50,2df3512537603157dc40188c852209e1,1.0,2026_03_09_14_39_40,2026_04_08_14_59_45,Cam2012853,149431,8635,15636,0,1,unknown,unknown,general_model/courtship_V2/train,red_data_unified_V3/train,train,train,train,/mmfs1/gscratch/portia/eabe/data/Johnson_lab/red_data/general_model/courtship_V2/train/2026_03_09_14_39_40/Cam2012853/Frame_149431.jpg,/mmfs1/gscratch/portia/eabe/data/Johnson_lab/red_data/red_data_unified_V3/train/2026_04_08_14_59_45/Cam2012853/Frame_149431.jpg,T3L_Tro=31.40px; T3R_Tro=13.15px; T1R_Tro=11.40px; T1R_ThxCx=10.05px; WingL_base=9.22px,,,
31.385,19.37,4.834,3.081,49,50,79638260bf1f74ea12e819e02ff36b62,0.9776,2026_03_09_14_39_40,2026_04_08_14_59_45,Cam2012862,150390,9304,16592,0,1,unknown,unknown,general_model/courtship_V2/train,red_data_unified_V3/train,train,train,train,/mmfs1/gscratch/portia/eabe/data/Johnson_lab/red_data/general_model/courtship_V2/train/2026_03_09_14_39_40/Cam2012862/Frame_150390.jpg,/mmfs1/gscratch/portia/eabe/data/Johnson_lab/red_data/red_data_unified_V3/train/2026_04_08_14_59_45/Cam2012862/Frame_150390.jpg,T3R_Tro=31.38px; T2R_Tro=27.07px; T1R_Tro=22.00px; Scutellum=16.16px; T1L_Tro=9.22px,,,
31.257,19.611,4.721,2.618,39,50,de4663e3186be5cf0e5f9261a76e5e49,0.9577,2026_03_09_14_39_40,2026_04_08_14_59_45,Cam2012855,415161,10422,17713,0,1,unknown,unknown,general_model/courtship_V2/train,red_data_unified_V3/train,train,train,val,/mmfs1/gscratch/portia/eabe/data/Johnson_lab/red_data/general_model/courtship_V2/train/2026_03_09_14_39_40/Cam2012855/Frame_415161.jpg,/mmfs1/gscratch/portia/eabe/data/Johnson_lab/red_data/red_data_unified_V3/train/2026_04_08_14_59_45/Cam2012855/Frame_415161.jpg,T3R_Tro=31.26px; T2R_Tro=20.62px; T2L_Tro=20.02px; WingR_base=19.10px; T1R_Tro=11.40px,,,
31.064,20.241,3.99,0.0,24,50,e05722b61d01994c6e7ff0b06b607f18,0.9941,2026_03_09_14_39_40,2026_04_08_14_59_45,Cam2012631,227746,9642,16779,0,1,unknown,unknown,general_model/courtship_V2/train,red_data_unified_V3/train,train,train,train,/mmfs1/gscratch/portia/eabe/data/Johnson_lab/red_data/general_model/courtship_V2/train/2026_03_09_14_39_40/Cam2012631/Frame_227746.jpg,/mmfs1/gscratch/portia/eabe/data/Johnson_lab/red_data/red_data_unified_V3/train/2026_04_08_14_59_45/Cam2012631/Frame_227746.jpg,T3L_Tro=31.06px; T1L_Tro=30.07px; T2L_Tro=23.09px; Antenna_Base=16.76px; Scutellum=14.14px,,,
31.048,20.892,5.09,2.532,36,50,0bb21add82bfe6bb1996eb590327a43d,0.9573,2026_03_09_14_39_40,2026_04_08_14_59_45,Cam2012857,94154,7766,15323,0,1,unknown,unknown,general_model/courtship_V2/train,red_data_unified_V3/train,train,train,train,/mmfs1/gscratch/portia/eabe/data/Johnson_lab/red_data/general_model/courtship_V2/train/2026_03_09_14_39_40/Cam2012857/Frame_94154.jpg,/mmfs1/gscratch/portia/eabe/data/Johnson_lab/red_data/red_data_unified_V3/train/2026_04_08_14_59_45/Cam2012857/Frame_94154.jpg,T3L_Tro=31.05px; T2L_Tro=28.07px; T1L_Tro=25.18px; T1R_ThxCx=15.65px; Scutellum=15.26px,,,
31.016,23.963,5.944,3.081,36,50,f8679ea34cfb05f30528c676b91092ca,0.9777,2026_03_09_14_39_40,2026_04_08_14_59_45,Cam2012855,94134,7716,15245,0,1,unknown,unknown,general_model/courtship_V2/train,red_data_unified_V3/train,train,train,train,/mmfs1/gscratch/portia/eabe/data/Johnson_lab/red_data/general_model/courtship_V2/train/2026_03_09_14_39_40/Cam2012855/Frame_94134.jpg,/mmfs1/gscratch/portia/eabe/data/Johnson_lab/red_data/red_data_unified_V3/train/2026_04_08_14_59_45/Cam2012855/Frame_94134.jpg,T3L_Tro=31.02px; T3R_Tro=26.68px; T2L_Tro=25.50px; T1L_ThxCx=22.09px; T1R_Tro=22.00px,,,
31.016,18.925,4.113,1.707,36,50,23ce596c9969b25892593cc7037eb3b9,0.9753,2026_03_09_14_39_40,2026_04_08_14_59_45,Cam2012862,94154,7768,15325,0,1,unknown,unknown,general_model/courtship_V2/train,red_data_unified_V3/train,train,train,train,/mmfs1/gscratch/portia/eabe/data/Johnson_lab/red_data/general_model/courtship_V2/train/2026_03_09_14_39_40/Cam2012862/Frame_94154.jpg,/mmfs1/gscratch/portia/eabe/data/Johnson_lab/red_data/red_data_unified_V3/train/2026_04_08_14_59_45/Cam2012862/Frame_94154.jpg,T2L_Tro=31.02px; T3L_Tro=29.12px; T1L_Tro=25.08px; Scutellum=11.40px; T3R_TaT3=11.31px,,,
31.016,19.567,4.122,0.0,24,50,2cd76a924545394fcafe6ff9e51a2f00,1.0,2026_03_09_14_39_40,2026_04_08_14_59_45,Cam2012855,227746,9644,16780,0,1,unknown,unknown,general_model/courtship_V2/train,red_data_unified_V3/train,train,train,train,/mmfs1/gscratch/portia/eabe/data/Johnson_lab/red_data/general_model/courtship_V2/train/2026_03_09_14_39_40/Cam2012855/Frame_227746.jpg,/mmfs1/gscratch/portia/eabe/data/Johnson_lab/red_data/red_data_unified_V3/train/2026_04_08_14_59_45/Cam2012855/Frame_227746.jpg,T3L_Tro=31.02px; Antenna_Base=29.43px; T2L_Tro=23.19px; T1L_Tro=15.13px; Scutellum=14.14px,,,
31.016,14.837,2.734,0.0,18,50,415a5727cd260672c4b3f8383eccc40c,0.9971,2026_03_09_14_39_40,2026_04_07_11_33_33,Cam2012631,227755,9670,14967,0,0,unknown,unknown,general_model/courtship_V2/train,red_data_unified_V3/val,train,val,train,/mmfs1/gscratch/portia/eabe/data/Johnson_lab/red_data/general_model/courtship_V2/train/2026_03_09_14_39_40/Cam2012631/Frame_227755.jpg,/mmfs1/gscratch/portia/eabe/data/Johnson_lab/red_data/red_data_unified_V3/val/2026_04_07_11_33_33/Cam2012631/Frame_227755.jpg,T2L_Tro=31.02px; T3L_Tro=24.35px; Scutellum=16.00px; Antenna_Base=13.42px; T2L_TaT3=8.49px,,,
31.016,19.375,3.046,0.0,18,50,0a83ca44c92b5785c30ce8f99a3382e7,0.9972,2026_03_09_14_39_40,2026_04_07_11_33_33,Cam2012855,227755,9672,14969,0,0,unknown,unknown,general_model/courtship_V2/train,red_data_unified_V3/val,train,val,train,/mmfs1/gscratch/portia/eabe/data/Johnson_lab/red_data/general_model/courtship_V2/train/2026_03_09_14_39_40/Cam2012855/Frame_227755.jpg,/mmfs1/gscratch/portia/eabe/data/Johnson_lab/red_data/red_data_unified_V3/val/2026_04_07_11_33_33/Cam2012855/Frame_227755.jpg,T2L_Tro=31.02px; T3L_Tro=24.04px; Antenna_Base=22.14px; Scutellum=16.00px; T1R_Tro=10.77px,,,
30.594,15.461,6.22,5.0,49,50,db2794d95c5b6cea0678bc386cda26f9,0.9516,2026_03_09_14_39_40,2026_04_08_14_59_45,Cam2012855,149844,9273,16545,0,1,unknown,unknown,general_model/courtship_V2/train,red_data_unified_V3/train,train,train,train,/mmfs1/gscratch/portia/eabe/data/Johnson_lab/red_data/general_model/courtship_V2/train/2026_03_09_14_39_40/Cam2012855/Frame_149844.jpg,/mmfs1/gscratch/portia/eabe/data/Johnson_lab/red_data/red_data_unified_V3/train/2026_04_08_14_59_45/Cam2012855/Frame_149844.jpg,T3L_Tro=30.59px; T2R_FeTi=18.03px; T3R_Tro=15.81px; T2L_Tro=15.03px; T2R_Tro=15.03px,,,
30.594,15.09,3.629,0.0,21,50,c63b868ba9487fdc36b07a6d654ce140,1.0,2026_03_09_14_39_40,2026_04_08_14_59_45,Cam2012857,149629,8945,16149,0,1,unknown,unknown,general_model/courtship_V2/train,red_data_unified_V3/train,train,train,train,/mmfs1/gscratch/portia/eabe/data/Johnson_lab/red_data/general_model/courtship_V2/train/2026_03_09_14_39_40/Cam2012857/Frame_149629.jpg,/mmfs1/gscratch/portia/eabe/data/Johnson_lab/red_data/red_data_unified_V3/train/2026_04_08_14_59_45/Cam2012857/Frame_149629.jpg,T3R_Tro=30.59px; T1R_Tro=28.16px; Scutellum=15.52px; T2R_Tro=14.56px; T3L_TaT3=13.04px,,,
30.594,20.807,3.387,0.0,20,50,8ade39a11e4c477719a219cbf70467ea,0.9998,2026_03_09_14_39_40,2026_04_08_14_59_45,Cam2012862,149602,8905,16095,0,1,unknown,unknown,general_model/courtship_V2/train,red_data_unified_V3/train,train,train,train,/mmfs1/gscratch/portia/eabe/data/Johnson_lab/red_data/general_model/courtship_V2/train/2026_03_09_14_39_40/Cam2012862/Frame_149602.jpg,/mmfs1/gscratch/portia/eabe/data/Johnson_lab/red_data/red_data_unified_V3/train/2026_04_08_14_59_45/Cam2012862/Frame_149602.jpg,T3R_Tro=30.59px; T1R_Tro=23.77px; Scutellum=23.71px; T2R_Tro=17.26px; T1L_Tro=14.04px,,,
30.364,18.664,3.461,0.0,17,50,6e84fbe20dea8b6f18cf2583614a4293,1.0,2026_03_09_14_39_40,2026_04_08_14_59_45,Cam2012861,149584,8883,16066,0,1,unknown,unknown,general_model/courtship_V2/train,red_data_unified_V3/train,train,train,train,/mmfs1/gscratch/portia/eabe/data/Johnson_lab/red_data/general_model/courtship_V2/train/2026_03_09_14_39_40/Cam2012861/Frame_149584.jpg,/mmfs1/gscratch/portia/eabe/data/Johnson_lab/red_data/red_data_unified_V3/train/2026_04_08_14_59_45/Cam2012861/Frame_149584.jpg,T3R_Tro=30.36px; T2R_Tro=24.00px; WingR_base=20.02px; WingL_base=17.00px; Scutellum=13.15px,,,
30.265,17.779,6.874,5.099,49,50,ca89b4c22d3ebffdad332229156837b8,0.9553,2026_03_09_14_39_40,2026_04_08_14_59_45,Cam2012855,149840,9266,16531,0,1,unknown,unknown,general_model/courtship_V2/train,red_data_unified_V3/train,train,train,train,/mmfs1/gscratch/portia/eabe/data/Johnson_lab/red_data/general_model/courtship_V2/train/2026_03_09_14_39_40/Cam2012855/Frame_149840.jpg,/mmfs1/gscratch/portia/eabe/data/Johnson_lab/red_data/red_data_unified_V3/train/2026_04_08_14_59_45/Cam2012855/Frame_149840.jpg,T3R_Tro=30.27px; T2R_Tro=26.17px; T1L_Tro=20.02px; T2R_FeTi=15.03px; Scutellum=14.76px,,,
30.265,18.548,3.002,0.0,18,50,ba5357a686a369ac698e27241525d1ab,0.9966,2026_03_09_14_39_40,2026_04_08_14_59_45,Cam2012631,149639,8956,16174,0,1,unknown,unknown,general_model/courtship_V2/train,red_data_unified_V3/train,train,train,train,/mmfs1/gscratch/portia/eabe/data/Johnson_lab/red_data/general_model/courtship_V2/train/2026_03_09_14_39_40/Cam2012631/Frame_149639.jpg,/mmfs1/gscratch/portia/eabe/data/Johnson_lab/red_data/red_data_unified_V3/train/2026_04_08_14_59_45/Cam2012631/Frame_149639.jpg,T2R_Tro=30.27px; T3R_Tro=24.17px; T1R_Tro=23.77px; T3R_TiTa=12.17px; T2L_TaT3=10.77px,,,
30.15,25.993,6.795,4.472,49,50,2b9037431cbdfef560ba793af9f22f9b,0.9751,2026_03_09_14_39_40,2026_04_08_14_59_45,Cam2012862,149848,9283,16562,0,1,unknown,unknown,general_model/courtship_V2/train,red_data_unified_V3/train,train,train,train,/mmfs1/gscratch/portia/eabe/data/Johnson_lab/red_data/general_model/courtship_V2/train/2026_03_09_14_39_40/Cam2012862/Frame_149848.jpg,/mmfs1/gscratch/portia/eabe/data/Johnson_lab/red_data/red_data_unified_V3/train/2026_04_08_14_59_45/Cam2012862/Frame_149848.jpg,T2R_Tro=30.15px; T3R_Tro=28.86px; T1R_Tro=28.16px; T2R_FeTi=23.35px; T2L_Tro=14.04px,,,
30.15,10.543,3.919,3.0,45,47,4e8e60ad19b3be510d80b2444c11195f,0.9628,2026_06_09_15_38_35,2026_06_10_15_05_02,Cam2012861,13912,23883,24107,0,0,unknown,unknown,general_model/headless_56_42/train,general_model/headless_56_42_1/train,train,train,-,/mmfs1/gscratch/portia/eabe/data/Johnson_lab/red_data/general_model/headless_56_42/train/2026_06_09_15_38_35/Cam2012861/Frame_13912.jpg,/mmfs1/gscratch/portia/eabe/data/Johnson_lab/red_data/general_model/headless_56_42_1/train/2026_06_10_15_05_02/Cam2012861/Frame_13912.jpg,T3R_TaTip=30.15px; T2R_Tro=13.00px; T3R_Tro=11.18px; T3R_TaT1=9.06px; WingL_V13=7.07px,2026_06_09_15_38_35_Cam2012861_Frame_13912__4e8e60ad.png,,
30.15,10.15,3.904,3.0,44,47,cd87ece351191248fed6bbb632e1fc69,0.9629,2026_06_09_15_38_35,2026_06_10_15_05_02,Cam2012857,13912,23882,24106,0,0,unknown,unknown,general_model/headless_56_42/train,general_model/headless_56_42_1/train,train,train,-,/mmfs1/gscratch/portia/eabe/data/Johnson_lab/red_data/general_model/headless_56_42/train/2026_06_09_15_38_35/Cam2012857/Frame_13912.jpg,/mmfs1/gscratch/portia/eabe/data/Johnson_lab/red_data/general_model/headless_56_42_1/train/2026_06_10_15_05_02/Cam2012857/Frame_13912.jpg,T3R_TaTip=30.15px; T2R_Tro=13.00px; T3R_Tro=11.05px; T3R_TaT1=8.06px; WingL_V13=7.81px,2026_06_09_15_38_35_Cam2012857_Frame_13912__cd87ece3.png,,
30.15,17.069,4.607,2.618,34,50,03ca27706f9479c84332c4d7fd904c5e,0.9496,2026_03_09_14_39_40,2026_04_08_14_59_45,Cam2012857,415151,10409,17686,0,1,unknown,unknown,general_model/courtship_V2/train,red_data_unified_V3/train,train,train,val,/mmfs1/gscratch/portia/eabe/data/Johnson_lab/red_data/general_model/courtship_V2/train/2026_03_09_14_39_40/Cam2012857/Frame_415151.jpg,/mmfs1/gscratch/portia/eabe/data/Johnson_lab/red_data/red_data_unified_V3/train/2026_04_08_14_59_45/Cam2012857/Frame_415151.jpg,T3L_Tro=30.15px; T2L_Tro=28.28px; T3R_Tro=19.24px; WingL_base=14.42px; T1L_Tro=11.05px,,,
30.15,16.7,4.69,2.914,34,50,20d8e7e0a71fa0049e09d67941c860e4,0.9533,2026_03_09_14_39_40,2026_04_08_14_59_45,Cam2012861,415151,10410,17687,0,1,unknown,unknown,general_model/courtship_V2/train,red_data_unified_V3/train,train,train,val,/mmfs1/gscratch/portia/eabe/data/Johnson_lab/red_data/general_model/courtship_V2/train/2026_03_09_14_39_40/Cam2012861/Frame_415151.jpg,/mmfs1/gscratch/portia/eabe/data/Johnson_lab/red_data/red_data_unified_V3/train/2026_04_08_14_59_45/Cam2012861/Frame_415151.jpg,T3L_Tro=30.15px; T2L_Tro=28.28px; T3R_Tro=19.24px; WingL_base=13.60px; T1L_Tro=11.05px,,,
30.15,17.805,3.451,0.0,20,50,628da5860f0094d2643c1bcb6ddbbeeb,1.0,2026_03_09_14_39_40,2026_04_08_14_59_45,Cam2012857,227743,9638,16771,0,1,unknown,unknown,general_model/courtship_V2/train,red_data_unified_V3/train,train,train,train,/mmfs1/gscratch/portia/eabe/data/Johnson_lab/red_data/general_model/courtship_V2/train/2026_03_09_14_39_40/Cam2012857/Frame_227743.jpg,/mmfs1/gscratch/portia/eabe/data/Johnson_lab/red_data/red_data_unified_V3/train/2026_04_08_14_59_45/Cam2012857/Frame_227743.jpg,T3L_Tro=30.15px; Antenna_Base=23.54px; T2L_Tro=22.02px; T1R_Tro=12.65px; Scutellum=12.37px,,,
30.083,18.367,3.425,0.0,17,50,6eb3f81090c49f0786adec5a0be3ba18,1.0,2026_03_09_14_39_40,2026_04_08_14_59_45,Cam2012857,149584,8882,16065,0,1,unknown,unknown,general_model/courtship_V2/train,red_data_unified_V3/train,train,train,train,/mmfs1/gscratch/portia/eabe/data/Johnson_lab/red_data/general_model/courtship_V2/train/2026_03_09_14_39_40/Cam2012857/Frame_149584.jpg,/mmfs1/gscratch/portia/eabe/data/Johnson_lab/red_data/red_data_unified_V3/train/2026_04_08_14_59_45/Cam2012857/Frame_149584.jpg,T3R_Tro=30.08px; T2R_Tro=24.00px; WingR_base=19.10px; WingL_base=17.46px; Scutellum=13.15px,,,
30.0,9.955,1.987,0.0,13,50,6caf69a71bad4974724dc6b4bbc41552,1.0,2026_03_09_14_39_40,2026_04_08_14_59_45,Cam2012630,149444,8647,15669,0,1,unknown,unknown,general_model/courtship_V2/train,red_data_unified_V3/train,train,train,train,/mmfs1/gscratch/portia/eabe/data/Johnson_lab/red_data/general_model/courtship_V2/train/2026_03_09_14_39_40/Cam2012630/Frame_149444.jpg,/mmfs1/gscratch/portia/eabe/data/Johnson_lab/red_data/red_data_unified_V3/train/2026_04_08_14_59_45/Cam2012630/Frame_149444.jpg,T2L_TiTa=30.00px; T1L_Tro=18.03px; T1R_ThxCx=10.00px; WingL_base=9.90px; Scutellum=9.00px,,,
29.614,16.799,6.057,4.357,49,50,0b27e542b6141b1e786f90a597d4e612,0.9618,2026_03_09_14_39_40,2026_04_08_14_59_45,Cam2012853,149844,9272,16544,0,1,unknown,unknown,general_model/courtship_V2/train,red_data_unified_V3/train,train,train,train,/mmfs1/gscratch/portia/eabe/data/Johnson_lab/red_data/general_model/courtship_V2/train/2026_03_09_14_39_40/Cam2012853/Frame_149844.jpg,/mmfs1/gscratch/portia/eabe/data/Johnson_lab/red_data/red_data_unified_V3/train/2026_04_08_14_59_45/Cam2012853/Frame_149844.jpg,T3L_Tro=29.61px; T2R_FeTi=25.96px; T2L_Tro=17.00px; T1R_Tro=16.55px; T3L_FeTi=12.04px,,,
29.614,18.595,4.544,2.0,33,50,c17af16aa74794819c7a8ebd10d45def,1.0,2026_03_09_14_39_40,2026_04_08_14_59_45,Cam2012631,94187,7791,15362,0,1,unknown,unknown,general_model/courtship_V2/train,red_data_unified_V3/train,train,train,train,/mmfs1/gscratch/portia/eabe/data/Johnson_lab/red_data/general_model/courtship_V2/train/2026_03_09_14_39_40/Cam2012631/Frame_94187.jpg,/mmfs1/gscratch/portia/eabe/data/Johnson_lab/red_data/red_data_unified_V3/train/2026_04_08_14_59_45/Cam2012631/Frame_94187.jpg,T2L_Tro=29.61px; T3L_Tro=22.36px; Scutellum=20.62px; T1L_Tro=16.12px; Abd_A4=15.65px,,,
29.547,19.524,3.596,0.0,18,50,18a9617a8ce591dbb72ef6a1edd64c1c,1.0,2026_03_09_14_39_40,2026_04_08_14_59_45,Cam2012631,149398,8583,15565,0,1,unknown,unknown,general_model/courtship_V2/train,red_data_unified_V3/train,train,train,train,/mmfs1/gscratch/portia/eabe/data/Johnson_lab/red_data/general_model/courtship_V2/train/2026_03_09_14_39_40/Cam2012631/Frame_149398.jpg,/mmfs1/gscratch/portia/eabe/data/Johnson_lab/red_data/red_data_unified_V3/train/2026_04_08_14_59_45/Cam2012631/Frame_149398.jpg,T2R_TiTa=29.55px; T2R_Tro=28.79px; Scutellum=22.56px; T2R_FeTi=15.81px; Abd_A4=12.08px,,,
29.428,6.201,1.773,0.0,17,50,b99b492771402ace8317acf85be5b39e,1.0,2026_03_09_14_39_40,2026_04_08_14_59_45,Cam2012855,149431,8636,15637,0,1,unknown,unknown,general_model/courtship_V2/train,red_data_unified_V3/train,train,train,train,/mmfs1/gscratch/portia/eabe/data/Johnson_lab/red_data/general_model/courtship_V2/train/2026_03_09_14_39_40/Cam2012855/Frame_149431.jpg,/mmfs1/gscratch/portia/eabe/data/Johnson_lab/red_data/red_data_unified_V3/train/2026_04_08_14_59_45/Cam2012855/Frame_149431.jpg,T3L_Tro=29.43px; T1R_ThxCx=10.05px; WingL_base=7.62px; Scutellum=4.47px; T1L_TaT3=4.12px,,,
29.155,17.805,3.502,0.0,20,50,94d81d09b9be2543a77ebf3dea0b5764,1.0,2026_03_09_14_39_40,2026_04_08_14_59_45,Cam2012861,227743,9639,16772,0,1,unknown,unknown,general_model/courtship_V2/train,red_data_unified_V3/train,train,train,train,/mmfs1/gscratch/portia/eabe/data/Johnson_lab/red_data/general_model/courtship_V2/train/2026_03_09_14_39_40/Cam2012861/Frame_227743.jpg,/mmfs1/gscratch/portia/eabe/data/Johnson_lab/red_data/red_data_unified_V3/train/2026_04_08_14_59_45/Cam2012861/Frame_227743.jpg,T3L_Tro=29.15px; Antenna_Base=24.52px; T2L_Tro=22.02px; Scutellum=12.65px; T1R_Tro=11.70px,,,
29.155,13.76,2.682,0.0,15,50,0e90f25c2b2bbf89cc91742b3f6a7464,1.0,2026_03_09_14_39_40,2026_04_08_14_59_45,Cam2012862,149596,8898,16081,0,1,unknown,unknown,general_model/courtship_V2/train,red_data_unified_V3/train,train,train,train,/mmfs1/gscratch/portia/eabe/data/Johnson_lab/red_data/general_model/courtship_V2/train/2026_03_09_14_39_40/Cam2012862/Frame_149596.jpg,/mmfs1/gscratch/portia/eabe/data/Johnson_lab/red_data/red_data_unified_V3/train/2026_04_08_14_59_45/Cam2012862/Frame_149596.jpg,T2R_Tro=29.15px; T1R_Tro=21.00px; T3R_Tro=15.13px; Scutellum=12.08px; T3R_TaT3=8.06px,,,
29.12,14.575,4.125,2.0,31,50,c8dfb0959f0ab1dde522cb333d750bf5,0.9987,2026_03_09_14_39_40,2026_04_08_14_59_45,Cam2012855,227772,9700,16838,0,1,unknown,unknown,general_model/courtship_V2/train,red_data_unified_V3/train,train,train,train,/mmfs1/gscratch/portia/eabe/data/Johnson_lab/red_data/general_model/courtship_V2/train/2026_03_09_14_39_40/Cam2012855/Frame_227772.jpg,/mmfs1/gscratch/portia/eabe/data/Johnson_lab/red_data/red_data_unified_V3/train/2026_04_08_14_59_45/Cam2012855/Frame_227772.jpg,T2L_Tro=29.12px; T3R_Tro=19.00px; Scutellum=15.13px; T1L_ThxCx=13.89px; T1L_FeTi=11.18px,,,
29.069,18.692,6.477,4.183,48,50,1cb4889a7fd977ca0e448790e7ad31ed,0.9676,2026_03_09_14_39_40,2026_04_08_14_59_45,Cam2012630,149840,9263,16528,0,1,unknown,unknown,general_model/courtship_V2/train,red_data_unified_V3/train,train,train,train,/mmfs1/gscratch/portia/eabe/data/Johnson_lab/red_data/general_model/courtship_V2/train/2026_03_09_14_39_40/Cam2012630/Frame_149840.jpg,/mmfs1/gscratch/portia/eabe/data/Johnson_lab/red_data/red_data_unified_V3/train/2026_04_08_14_59_45/Cam2012630/Frame_149840.jpg,T2R_FeTi=29.07px; T1R_Tro=25.71px; T2R_Tro=19.24px; T2R_TaT1=18.03px; T1L_Tro=17.03px,,,
29.069,23.356,3.297,0.0,20,50,f241f4a4134b2f8b87403d4fba1cef76,0.9997,2026_03_09_14_39_40,2026_04_08_14_59_45,Cam2012631,149602,8900,16090,0,1,unknown,unknown,general_model/courtship_V2/train,red_data_unified_V3/train,train,train,train,/mmfs1/gscratch/portia/eabe/data/Johnson_lab/red_data/general_model/courtship_V2/train/2026_03_09_14_39_40/Cam2012631/Frame_149602.jpg,/mmfs1/gscratch/portia/eabe/data/Johnson_lab/red_data/red_data_unified_V3/train/2026_04_08_14_59_45/Cam2012631/Frame_149602.jpg,T2R_Tro=29.07px; T3R_Tro=28.86px; Scutellum=24.60px; T1R_Tro=21.84px; T2L_TaT3=8.54px,,,
29.069,10.726,2.896,0.0,20,50,d936ca46c35fa34a1ce48707bcbac130,1.0,2026_03_09_14_39_40,2026_04_08_14_59_45,Cam2012855,149602,8902,16092,0,1,unknown,unknown,general_model/courtship_V2/train,red_data_unified_V3/train,train,train,train,/mmfs1/gscratch/portia/eabe/data/Johnson_lab/red_data/general_model/courtship_V2/train/2026_03_09_14_39_40/Cam2012855/Frame_149602.jpg,/mmfs1/gscratch/portia/eabe/data/Johnson_lab/red_data/red_data_unified_V3/train/2026_04_08_14_59_45/Cam2012855/Frame_149602.jpg,T2R_Tro=29.07px; T1L_Tro=28.02px; Scutellum=13.60px; T3R_Tro=7.21px; EyeL=6.71px,,,
29.017,22.414,6.31,4.298,50,50,8512b141596cf958710f88a26538e815,0.9404,2026_03_09_14_39_40,2026_04_08_14_59_45,Cam2012861,149844,9275,16547,0,1,unknown,unknown,general_model/courtship_V2/train,red_data_unified_V3/train,train,train,train,/mmfs1/gscratch/portia/eabe/data/Johnson_lab/red_data/general_model/courtship_V2/train/2026_03_09_14_39_40/Cam2012861/Frame_149844.jpg,/mmfs1/gscratch/portia/eabe/data/Johnson_lab/red_data/red_data_unified_V3/train/2026_04_08_14_59_45/Cam2012861/Frame_149844.jpg,T2R_Tro=29.02px; T3R_Tro=27.46px; T3L_Tro=25.71px; T1R_Tro=18.38px; Abd_tip=12.17px,,,
29.0,23.254,5.895,2.995,49,50,d7e7486a1a0ef836d21120260b4fc2bd,0.9793,2026_03_09_14_39_40,2026_04_08_14_59_45,Cam2012630,149828,9242,16514,0,1,unknown,unknown,general_model/courtship_V2/train,red_data_unified_V3/train,train,train,train,/mmfs1/gscratch/portia/eabe/data/Johnson_lab/red_data/general_model/courtship_V2/train/2026_03_09_14_39_40/Cam2012630/Frame_149828.jpg,/mmfs1/gscratch/portia/eabe/data/Johnson_lab/red_data/red_data_unified_V3/train/2026_04_08_14_59_45/Cam2012630/Frame_149828.jpg,T2L_Tro=29.00px; T1R_Tro=27.31px; T2R_FeTi=25.02px; T1L_Tro=21.10px; T3R_Tro=20.62px,,,
28.862,12.023,4.206,2.236,36,50,4b30c254bfed35b0447b7049561e0076,0.9883,2026_03_09_14_39_40,2026_04_08_14_59_45,Cam2012855,94139,7730,15259,0,1,unknown,unknown,general_model/courtship_V2/val,red_data_unified_V3/train,train,train,train,/mmfs1/gscratch/portia/eabe/data/Johnson_lab/red_data/general_model/courtship_V2/val/2026_03_09_14_39_40/Cam2012855/Frame_94139.jpg,/mmfs1/gscratch/portia/eabe/data/Johnson_lab/red_data/red_data_unified_V3/train/2026_04_08_14_59_45/Cam2012855/Frame_94139.jpg,T2L_Tro=28.86px; T3L_Tro=22.20px; Scutellum=12.04px; T3R_Tro=12.00px; T1R_ThxCx=10.20px,,,
28.636,19.126,3.699,0.0,23,50,b21ebcbc91a907f7f9d07ada2e082200,0.9991,2026_03_09_14_39_40,2026_04_08_14_59_45,Cam2012853,149617,8922,16119,0,1,unknown,unknown,general_model/courtship_V2/train,red_data_unified_V3/train,train,train,train,/mmfs1/gscratch/portia/eabe/data/Johnson_lab/red_data/general_model/courtship_V2/train/2026_03_09_14_39_40/Cam2012853/Frame_149617.jpg,/mmfs1/gscratch/portia/eabe/data/Johnson_lab/red_data/red_data_unified_V3/train/2026_04_08_14_59_45/Cam2012853/Frame_149617.jpg,T1L_Tro=28.64px; T2L_Tro=22.80px; T2R_TaTip=20.02px; T2R_Tro=18.03px; Scutellum=11.66px,,,
28.443,13.188,3.434,1.207,34,50,86eb4da4c5fc03389b4f5da38731d5ff,0.9978,2026_03_09_14_39_40,2026_04_08_14_59_45,Cam2012862,94187,7796,15367,0,1,unknown,unknown,general_model/courtship_V2/train,red_data_unified_V3/train,train,train,train,/mmfs1/gscratch/portia/eabe/data/Johnson_lab/red_data/general_model/courtship_V2/train/2026_03_09_14_39_40/Cam2012862/Frame_94187.jpg,/mmfs1/gscratch/portia/eabe/data/Johnson_lab/red_data/red_data_unified_V3/train/2026_04_08_14_59_45/Cam2012862/Frame_94187.jpg,T2L_Tro=28.44px; T3L_Tro=17.46px; T1L_Tro=13.34px; Scutellum=13.00px; T1L_ThxCx=12.37px,,,
28.284,15.811,3.237,0.0,22,50,76f73505c84a227240d0475de637223d,0.9999,2026_03_09_14_39_40,2026_04_08_14_59_45,Cam2012855,149436,8643,15651,0,1,unknown,unknown,general_model/courtship_V2/train,red_data_unified_V3/train,train,train,train,/mmfs1/gscratch/portia/eabe/data/Johnson_lab/red_data/general_model/courtship_V2/train/2026_03_09_14_39_40/Cam2012855/Frame_149436.jpg,/mmfs1/gscratch/portia/eabe/data/Johnson_lab/red_data/red_data_unified_V3/train/2026_04_08_14_59_45/Cam2012855/Frame_149436.jpg,T1L_ThxCx=28.28px; T3L_Tro=24.08px; T1L_Tro=17.26px; T1R_ThxCx=14.04px; T1R_TaT3=8.60px,,,
28.16,11.927,3.079,0.0,24,50,186031a0c099f949300c676f5914c988,1.0,2026_03_09_14_39_40,2026_04_08_14_59_45,Cam2012631,149468,8690,15740,0,1,unknown,unknown,general_model/courtship_V2/train,red_data_unified_V3/train,train,train,train,/mmfs1/gscratch/portia/eabe/data/Johnson_lab/red_data/general_model/courtship_V2/train/2026_03_09_14_39_40/Cam2012631/Frame_149468.jpg,/mmfs1/gscratch/portia/eabe/data/Johnson_lab/red_data/red_data_unified_V3/train/2026_04_08_14_59_45/Cam2012631/Frame_149468.jpg,T3R_Tro=28.16px; Scutellum=20.62px; T1L_ThxCx=12.65px; T1R_ThxCx=11.05px; T1R_Tro=10.30px,,,
28.071,14.709,4.361,2.699,36,50,700a10b0b442a01150b58d8f1aa42487,0.9898,2026_03_09_14_39_40,2026_04_08_14_59_45,Cam2012631,94183,7784,15348,0,1,unknown,unknown,general_model/courtship_V2/train,red_data_unified_V3/train,train,train,train,/mmfs1/gscratch/portia/eabe/data/Johnson_lab/red_data/general_model/courtship_V2/train/2026_03_09_14_39_40/Cam2012631/Frame_94183.jpg,/mmfs1/gscratch/portia/eabe/data/Johnson_lab/red_data/red_data_unified_V3/train/2026_04_08_14_59_45/Cam2012631/Frame_94183.jpg,T2L_Tro=28.07px; T1L_Tro=17.26px; T3L_Tro=16.49px; Scutellum=12.53px; T1L_ThxCx=12.53px,,,
28.018,19.211,4.921,3.081,41,50,90073e4927ec8c4cf0057dfdabb3e4bf,0.9985,2026_03_09_14_39_40,2026_04_08_14_59_45,Cam2012631,94144,7742,15271,0,1,unknown,unknown,general_model/courtship_V2/train,red_data_unified_V3/train,train,train,train,/mmfs1/gscratch/portia/eabe/data/Johnson_lab/red_data/general_model/courtship_V2/train/2026_03_09_14_39_40/Cam2012631/Frame_94144.jpg,/mmfs1/gscratch/portia/eabe/data/Johnson_lab/red_data/red_data_unified_V3/train/2026_04_08_14_59_45/Cam2012631/Frame_94144.jpg,T3L_Tro=28.02px; T2R_Tro=23.09px; T1L_Tro=21.21px; T2L_Tro=16.76px; Scutellum=13.60px,,,
28.0,21.656,6.298,4.298,49,50,3336f31d365cacb92a98021eafab36dd,0.9407,2026_03_09_14_39_40,2026_04_08_14_59_45,Cam2012857,149844,9274,16546,0,1,unknown,unknown,general_model/courtship_V2/train,red_data_unified_V3/train,train,train,train,/mmfs1/gscratch/portia/eabe/data/Johnson_lab/red_data/general_model/courtship_V2/train/2026_03_09_14_39_40/Cam2012857/Frame_149844.jpg,/mmfs1/gscratch/portia/eabe/data/Johnson_lab/red_data/red_data_unified_V3/train/2026_04_08_14_59_45/Cam2012857/Frame_149844.jpg,T2R_Tro=28.00px; T3R_Tro=27.46px; T3L_Tro=24.74px; T1R_Tro=17.89px; Abd_tip=12.17px,,,
27.893,19.003,6.373,4.298,48,50,8c77fb0424946cb2a0f6b9c95bc754a3,0.9661,2026_03_09_14_39_40,2026_04_08_14_59_45,Cam2012630,149844,9270,16542,0,1,unknown,unknown,general_model/courtship_V2/train,red_data_unified_V3/train,train,train,train,/mmfs1/gscratch/portia/eabe/data/Johnson_lab/red_data/general_model/courtship_V2/train/2026_03_09_14_39_40/Cam2012630/Frame_149844.jpg,/mmfs1/gscratch/portia/eabe/data/Johnson_lab/red_data/red_data_unified_V3/train/2026_04_08_14_59_45/Cam2012630/Frame_149844.jpg,T1R_Tro=27.89px; T2R_FeTi=25.71px; T2R_Tro=19.03px; T3L_Tro=18.97px; T3R_Tro=16.76px,,,
27.893,11.055,3.099,0.5,25,50,f102c1395e4e0117406c3af838caae5d,1.0,2026_03_09_14_39_40,2026_04_08_14_59_45,Cam2012862,149460,8681,15717,0,1,unknown,unknown,general_model/courtship_V2/val,red_data_unified_V3/train,train,train,train,/mmfs1/gscratch/portia/eabe/data/Johnson_lab/red_data/general_model/courtship_V2/val/2026_03_09_14_39_40/Cam2012862/Frame_149460.jpg,/mmfs1/gscratch/portia/eabe/data/Johnson_lab/red_data/red_data_unified_V3/train/2026_04_08_14_59_45/Cam2012862/Frame_149460.jpg,T3R_Tro=27.89px; Scutellum=13.60px; WingL_base=12.04px; T2L_Tro=9.85px; WingR_base=8.94px,,,
27.857,17.462,3.128,0.0,18,50,0aac911017979e63d0be17b67e23cea0,1.0,2026_03_09_14_39_40,2026_04_08_14_59_45,Cam2012861,149639,8960,16178,0,1,unknown,unknown,general_model/courtship_V2/train,red_data_unified_V3/train,train,train,train,/mmfs1/gscratch/portia/eabe/data/Johnson_lab/red_data/general_model/courtship_V2/train/2026_03_09_14_39_40/Cam2012861/Frame_149639.jpg,/mmfs1/gscratch/portia/eabe/data/Johnson_lab/red_data/red_data_unified_V3/train/2026_04_08_14_59_45/Cam2012861/Frame_149639.jpg,T3R_Tro=27.86px; T2R_Tro=26.31px; T1R_Tro=21.93px; T2R_FeTi=12.00px; T3R_TiTa=11.18px,,,
27.731,18.149,6.038,3.924,49,50,f640799d3cbb417182fc5616e8b56086,0.9604,2026_03_09_14_39_40,2026_04_08_14_59_45,Cam2012857,150390,9302,16590,0,1,unknown,unknown,general_model/courtship_V2/train,red_data_unified_V3/train,train,train,train,/mmfs1/gscratch/portia/eabe/data/Johnson_lab/red_data/general_model/courtship_V2/train/2026_03_09_14_39_40/Cam2012857/Frame_150390.jpg,/mmfs1/gscratch/portia/eabe/data/Johnson_lab/red_data/red_data_unified_V3/train/2026_04_08_14_59_45/Cam2012857/Frame_150390.jpg,T3R_Tro=27.73px; T1L_ThxCx=18.97px; T3L_Tro=18.25px; Scutellum=18.03px; T2R_Tro=17.26px,,,
27.731,18.252,4.563,2.828,40,50,533f67346102ed2cd9cff6a7288c4efc,0.9855,2026_03_09_14_39_40,2026_04_08_14_59_45,Cam2012853,415156,10414,17698,0,1,unknown,unknown,general_model/courtship_V2/val,red_data_unified_V3/train,train,train,val,/mmfs1/gscratch/portia/eabe/data/Johnson_lab/red_data/general_model/courtship_V2/val/2026_03_09_14_39_40/Cam2012853/Frame_415156.jpg,/mmfs1/gscratch/portia/eabe/data/Johnson_lab/red_data/red_data_unified_V3/train/2026_04_08_14_59_45/Cam2012853/Frame_415156.jpg,T2R_Tro=27.73px; T3R_Tro=21.21px; T1R_Tro=20.25px; WingR_base=15.81px; T2L_Tro=11.70px,,,
27.731,18.415,4.932,3.0,39,50,b094095e1f0cbff3c30d87d08e106547,0.9772,2026_03_09_14_39_40,2026_04_08_14_59_45,Cam2012855,415156,10415,17699,0,1,unknown,unknown,general_model/courtship_V2/val,red_data_unified_V3/train,train,train,val,/mmfs1/gscratch/portia/eabe/data/Johnson_lab/red_data/general_model/courtship_V2/val/2026_03_09_14_39_40/Cam2012855/Frame_415156.jpg,/mmfs1/gscratch/portia/eabe/data/Johnson_lab/red_data/red_data_unified_V3/train/2026_04_08_14_59_45/Cam2012855/Frame_415156.jpg,T2R_Tro=27.73px; T3R_Tro=21.10px; T2L_Tro=18.44px; T1R_Tro=18.38px; WingR_base=14.42px,,,
27.313,18.073,6.053,4.123,48,50,d72061bb5ddf3a33ea70c8a378325cdf,0.9593,2026_03_09_14_39_40,2026_04_08_14_59_45,Cam2012861,150390,9303,16591,0,1,unknown,unknown,general_model/courtship_V2/train,red_data_unified_V3/train,train,train,train,/mmfs1/gscratch/portia/eabe/data/Johnson_lab/red_data/general_model/courtship_V2/train/2026_03_09_14_39_40/Cam2012861/Frame_150390.jpg,/mmfs1/gscratch/portia/eabe/data/Johnson_lab/red_data/red_data_unified_V3/train/2026_04_08_14_59_45/Cam2012861/Frame_150390.jpg,T3R_Tro=27.31px; T1L_ThxCx=19.92px; T3L_Tro=18.11px; Scutellum=18.03px; T2R_Tro=17.26px,,,
27.295,12.327,3.832,2.236,36,50,e9304a5c86f5b7bf6d0aa8257837cdb3,0.9826,2026_03_09_14_39_40,2026_04_08_14_59_45,Cam2012855,94179,7779,15336,0,1,unknown,unknown,general_model/courtship_V2/train,red_data_unified_V3/train,train,train,train,/mmfs1/gscratch/portia/eabe/data/Johnson_lab/red_data/general_model/courtship_V2/train/2026_03_09_14_39_40/Cam2012855/Frame_94179.jpg,/mmfs1/gscratch/portia/eabe/data/Johnson_lab/red_data/red_data_unified_V3/train/2026_04_08_14_59_45/Cam2012855/Frame_94179.jpg,T2L_Tro=27.29px; T3L_Tro=23.09px; Scutellum=13.60px; T1R_ThxCx=10.77px; Abd_A4=9.43px,,,
27.295,8.163,3.373,2.118,35,50,ee2a11641c232be147ff9970374b9481,0.9758,2026_03_09_14_39_40,2026_04_08_14_59_45,Cam2012853,415151,10407,17684,0,1,unknown,unknown,general_model/courtship_V2/train,red_data_unified_V3/train,train,train,val,/mmfs1/gscratch/portia/eabe/data/Johnson_lab/red_data/general_model/courtship_V2/train/2026_03_09_14_39_40/Cam2012853/Frame_415151.jpg,/mmfs1/gscratch/portia/eabe/data/Johnson_lab/red_data/red_data_unified_V3/train/2026_04_08_14_59_45/Cam2012853/Frame_415151.jpg,T3R_Tro=27.29px; WingR_base=9.00px; WingL_base=8.25px; T3R_TaT3=8.06px; T1L_TaT3=7.81px,,,
27.295,13.366,2.811,0.0,19,50,8b317c234cd253407240054cf015379f,0.9997,2026_03_09_14_39_40,2026_04_08_14_59_45,Cam2012853,149436,8642,15650,0,1,unknown,unknown,general_model/courtship_V2/train,red_data_unified_V3/train,train,train,train,/mmfs1/gscratch/portia/eabe/data/Johnson_lab/red_data/general_model/courtship_V2/train/2026_03_09_14_39_40/Cam2012853/Frame_149436.jpg,/mmfs1/gscratch/portia/eabe/data/Johnson_lab/red_data/red_data_unified_V3/train/2026_04_08_14_59_45/Cam2012853/Frame_149436.jpg,T1L_ThxCx=27.29px; T3L_Tro=22.20px; T1L_Tro=17.26px; T1R_Tro=8.60px; T1R_TaT3=8.60px,,,
27.166,10.791,3.823,3.0,44,47,7bdf333d6d0de443c45480a7e08f3ebf,0.9016,2026_06_09_15_38_35,2026_06_10_15_05_02,Cam2012631,13912,23879,24103,0,0,unknown,unknown,general_model/headless_56_42/train,general_model/headless_56_42_1/train,train,train,-,/mmfs1/gscratch/portia/eabe/data/Johnson_lab/red_data/general_model/headless_56_42/train/2026_06_09_15_38_35/Cam2012631/Frame_13912.jpg,/mmfs1/gscratch/portia/eabe/data/Johnson_lab/red_data/general_model/headless_56_42_1/train/2026_06_10_15_05_02/Cam2012631/Frame_13912.jpg,T3R_TaTip=27.17px; T2R_Tro=15.81px; T3R_Tro=11.05px; T3R_TaT1=10.20px; WingL_V13=6.32px,2026_06_09_15_38_35_Cam2012631_Frame_13912__7bdf333d.png,,
27.166,12.024,3.519,2.0,33,50,219279964f611e4b7ef757abeda8fd90,0.9732,2026_03_09_14_39_40,2026_04_08_14_59_45,Cam2012855,94150,7758,15301,0,1,unknown,unknown,general_model/courtship_V2/train,red_data_unified_V3/train,train,train,train,/mmfs1/gscratch/portia/eabe/data/Johnson_lab/red_data/general_model/courtship_V2/train/2026_03_09_14_39_40/Cam2012855/Frame_94150.jpg,/mmfs1/gscratch/portia/eabe/data/Johnson_lab/red_data/red_data_unified_V3/train/2026_04_08_14_59_45/Cam2012855/Frame_94150.jpg,T3L_Tro=27.17px; T1R_ThxCx=15.30px; Scutellum=14.32px; Abd_A4=9.22px; T2R_Tro=9.00px,,,
27.166,19.384,3.335,0.0,19,50,b5498945414c249f476f2b05976665f9,1.0,2026_03_09_14_39_40,2026_04_08_14_59_45,Cam2012855,149624,8937,16134,0,1,unknown,unknown,general_model/courtship_V2/train,red_data_unified_V3/train,train,train,train,/mmfs1/gscratch/portia/eabe/data/Johnson_lab/red_data/general_model/courtship_V2/train/2026_03_09_14_39_40/Cam2012855/Frame_149624.jpg,/mmfs1/gscratch/portia/eabe/data/Johnson_lab/red_data/red_data_unified_V3/train/2026_04_08_14_59_45/Cam2012855/Frame_149624.jpg,T1L_Tro=27.17px; T3R_Tro=20.59px; T2R_Tro=20.02px; Scutellum=18.60px; T3R_TaT3=11.40px,,,
27.074,12.738,3.262,0.0,23,50,9d28b7f234f81ebe4cf8bb9b38245b8b,0.9959,2026_03_09_14_39_40,2026_04_08_14_59_45,Cam2012862,227746,9647,16783,0,1,unknown,unknown,general_model/courtship_V2/train,red_data_unified_V3/train,train,train,train,/mmfs1/gscratch/portia/eabe/data/Johnson_lab/red_data/general_model/courtship_V2/train/2026_03_09_14_39_40/Cam2012862/Frame_227746.jpg,/mmfs1/gscratch/portia/eabe/data/Johnson_lab/red_data/red_data_unified_V3/train/2026_04_08_14_59_45/Cam2012862/Frame_227746.jpg,T1L_Tro=27.07px; T3L_Tro=18.03px; T2L_Tro=13.34px; T1L_ThxCx=12.00px; T3R_TaT3=9.43px,,,
27.019,21.289,4.806,2.532,36,50,cffb8140915f7377ee697443d9ad677d,0.9868,2026_03_09_14_39_40,2026_04_08_14_59_45,Cam2012862,94134,7719,15248,0,1,unknown,unknown,general_model/courtship_V2/train,red_data_unified_V3/train,train,train,train,/mmfs1/gscratch/portia/eabe/data/Johnson_lab/red_data/general_model/courtship_V2/train/2026_03_09_14_39_40/Cam2012862/Frame_94134.jpg,/mmfs1/gscratch/portia/eabe/data/Johnson_lab/red_data/red_data_unified_V3/train/2026_04_08_14_59_45/Cam2012862/Frame_94134.jpg,T1L_Tro=27.02px; T3L_Tro=23.02px; T3R_Tro=21.84px; T2L_Tro=20.62px; T1L_ThxCx=13.15px,,,
27.019,18.622,2.886,0.0,20,50,c2f59e31072a1a4d9bf16ed8e779406f,0.9998,2026_03_09_14_39_40,2026_04_08_14_59_45,Cam2012630,149602,8899,16089,0,1,unknown,unknown,general_model/courtship_V2/train,red_data_unified_V3/train,train,train,train,/mmfs1/gscratch/portia/eabe/data/Johnson_lab/red_data/general_model/courtship_V2/train/2026_03_09_14_39_40/Cam2012630/Frame_149602.jpg,/mmfs1/gscratch/portia/eabe/data/Johnson_lab/red_data/red_data_unified_V3/train/2026_04_08_14_59_45/Cam2012630/Frame_149602.jpg,T1L_Tro=27.02px; T3R_Tro=23.77px; T1R_Tro=19.92px; Scutellum=17.03px; T3R_TaT3=6.08px,,,
27.0,12.37,3.031,0.0,24,50,555c97ddad3234e18d2982e3e9326107,1.0,2026_03_09_14_39_40,2026_04_08_14_59_45,Cam2012853,149468,8691,15741,0,1,unknown,unknown,general_model/courtship_V2/train,red_data_unified_V3/train,train,train,train,/mmfs1/gscratch/portia/eabe/data/Johnson_lab/red_data/general_model/courtship_V2/train/2026_03_09_14_39_40/Cam2012853/Frame_149468.jpg,/mmfs1/gscratch/portia/eabe/data/Johnson_lab/red_data/red_data_unified_V3/train/2026_04_08_14_59_45/Cam2012853/Frame_149468.jpg,T2L_Tro=27.00px; T3R_Tro=23.41px; Scutellum=13.45px; T1L_Tro=11.05px; T3L_Tro=9.43px,,,
26.926,17.243,2.707,0.0,14,50,70a936faa008af2b24d6d7747a05251a,1.0,2026_03_09_14_39_40,2026_04_08_14_59_45,Cam2012857,149417,8621,15596,0,1,unknown,unknown,general_model/courtship_V2/train,red_data_unified_V3/train,train,train,train,/mmfs1/gscratch/portia/eabe/data/Johnson_lab/red_data/general_model/courtship_V2/train/2026_03_09_14_39_40/Cam2012857/Frame_149417.jpg,/mmfs1/gscratch/portia/eabe/data/Johnson_lab/red_data/red_data_unified_V3/train/2026_04_08_14_59_45/Cam2012857/Frame_149417.jpg,T3L_Tro=26.93px; Scutellum=23.41px; T2L_Tro=22.20px; T1R_Tro=11.18px; T2R_Tro=8.06px,,,
26.683,17.243,2.743,0.0,15,50,4d072e69f71bb4847b6b5352229b88ba,0.9999,2026_03_09_14_39_40,2026_04_08_14_59_45,Cam2012861,149417,8622,15597,0,1,unknown,unknown,general_model/courtship_V2/train,red_data_unified_V3/train,train,train,train,/mmfs1/gscratch/portia/eabe/data/Johnson_lab/red_data/general_model/courtship_V2/train/2026_03_09_14_39_40/Cam2012861/Frame_149417.jpg,/mmfs1/gscratch/portia/eabe/data/Johnson_lab/red_data/red_data_unified_V3/train/2026_04_08_14_59_45/Cam2012861/Frame_149417.jpg,T3L_Tro=26.68px; Scutellum=24.70px; T2L_Tro=22.20px; T1R_Tro=11.18px; T2R_Tro=8.94px,,,
26.683,17.281,1.862,0.0,5,50,12bcec5e156665b1e4c64d09b8a554af,1.0,2026_03_09_14_39_40,2026_04_08_14_59_45,Cam2012631,149654,8977,16216,0,1,unknown,unknown,general_model/courtship_V2/train,red_data_unified_V3/train,train,train,train,/mmfs1/gscratch/portia/eabe/data/Johnson_lab/red_data/general_model/courtship_V2/train/2026_03_09_14_39_40/Cam2012631/Frame_149654.jpg,/mmfs1/gscratch/portia/eabe/data/Johnson_lab/red_data/red_data_unified_V3/train/2026_04_08_14_59_45/Cam2012631/Frame_149654.jpg,T1R_Tro=26.68px; T3R_Tro=18.68px; T2R_Tro=18.00px; Scutellum=16.40px; T1R_ThxCx=13.34px,,,
26.571,9.22,2.693,0.0,24,50,917c4a48c16394f57d23f380fc62f957,0.9681,2026_03_09_14_39_40,2026_04_07_11_33_33,Cam2012855,415199,10520,15085,0,0,unknown,unknown,general_model/courtship_V2/train,red_data_unified_V3/val,train,val,val,/mmfs1/gscratch/portia/eabe/data/Johnson_lab/red_data/general_model/courtship_V2/train/2026_03_09_14_39_40/Cam2012855/Frame_415199.jpg,/mmfs1/gscratch/portia/eabe/data/Johnson_lab/red_data/red_data_unified_V3/val/2026_04_07_11_33_33/Cam2012855/Frame_415199.jpg,WingR_base=26.57px; T3L_TaT3=9.49px; Scutellum=9.22px; WingL_base=9.22px; T2L_TaT3=8.06px,,,
26.571,17.537,3.07,0.0,18,50,0416d16c21ab2578514962b47d9b3ea9,1.0,2026_03_09_14_39_40,2026_04_08_14_59_45,Cam2012857,149639,8959,16177,0,1,unknown,unknown,general_model/courtship_V2/train,red_data_unified_V3/train,train,train,train,/mmfs1/gscratch/portia/eabe/data/Johnson_lab/red_data/general_model/courtship_V2/train/2026_03_09_14_39_40/Cam2012857/Frame_149639.jpg,/mmfs1/gscratch/portia/eabe/data/Johnson_lab/red_data/red_data_unified_V3/train/2026_04_08_14_59_45/Cam2012857/Frame_149639.jpg,T3R_Tro=26.57px; T2R_Tro=25.32px; T1R_Tro=21.93px; T3R_TiTa=12.17px; T2R_FeTi=12.00px,,,
26.306,10.663,2.976,1.707,29,50,2619eb5ade8eee132fe9ee1500a15e46,0.9774,2026_03_09_14_39_40,2026_04_08_14_59_45,Cam2012853,227764,9685,16813,0,1,unknown,unknown,general_model/courtship_V2/val,red_data_unified_V3/train,train,train,train,/mmfs1/gscratch/portia/eabe/data/Johnson_lab/red_data/general_model/courtship_V2/val/2026_03_09_14_39_40/Cam2012853/Frame_227764.jpg,/mmfs1/gscratch/portia/eabe/data/Johnson_lab/red_data/red_data_unified_V3/train/2026_04_08_14_59_45/Cam2012853/Frame_227764.jpg,T2L_FeTi=26.31px; Scutellum=15.56px; T1R_Tro=13.60px; T1L_Tro=7.07px; T3L_Tro=6.08px,,,
26.306,12.269,2.803,0.0,17,50,48fd4f24a4f7f6730129ec5fd0df6cae,0.9979,2026_03_09_14_39_40,2026_04_08_14_59_45,Cam2012853,149464,8684,15727,0,1,unknown,unknown,general_model/courtship_V2/train,red_data_unified_V3/train,train,train,train,/mmfs1/gscratch/portia/eabe/data/Johnson_lab/red_data/general_model/courtship_V2/train/2026_03_09_14_39_40/Cam2012853/Frame_149464.jpg,/mmfs1/gscratch/portia/eabe/data/Johnson_lab/red_data/red_data_unified_V3/train/2026_04_08_14_59_45/Cam2012853/Frame_149464.jpg,T2L_Tro=26.31px; T3L_Tro=25.08px; T3R_Tro=14.76px; Scutellum=9.22px; T1L_TaT3=8.60px,,,
26.306,13.867,2.335,0.0,17,50,b36661e9a3471511bbad5f5ec31b9184,0.9972,2026_03_09_14_39_40,2026_04_08_14_59_45,Cam2012862,149639,8961,16179,0,1,unknown,unknown,general_model/courtship_V2/train,red_data_unified_V3/train,train,train,train,/mmfs1/gscratch/portia/eabe/data/Johnson_lab/red_data/general_model/courtship_V2/train/2026_03_09_14_39_40/Cam2012862/Frame_149639.jpg,/mmfs1/gscratch/portia/eabe/data/Johnson_lab/red_data/red_data_unified_V3/train/2026_04_08_14_59_45/Cam2012862/Frame_149639.jpg,T2R_Tro=26.31px; T1R_Tro=19.24px; T3R_Tro=16.40px; T2L_TaT3=10.77px; T3R_TiTa=8.25px,,,
26.306,11.191,2.467,0.0,16,50,9f4e7cf326e4d36a8f6dab4604c0413a,1.0,2026_03_09_14_39_40,2026_04_07_11_33_33,Cam2012862,149750,9143,14875,0,0,unknown,unknown,general_model/courtship_V2/train,red_data_unified_V3/val,train,val,train,/mmfs1/gscratch/portia/eabe/data/Johnson_lab/red_data/general_model/courtship_V2/train/2026_03_09_14_39_40/Cam2012862/Frame_149750.jpg,/mmfs1/gscratch/portia/eabe/data/Johnson_lab/red_data/red_data_unified_V3/val/2026_04_07_11_33_33/Cam2012862/Frame_149750.jpg,T2R_TaT1=26.31px; T3L_TaT3=16.16px; T2R_TaT3=12.17px; T1L_Tro=10.00px; T1L_TaT3=8.94px,,,
26.173,12.958,3.774,2.118,35,50,08e1a5571e3699a588aa453af3bb848d,0.9566,2026_03_09_14_39_40,2026_04_08_14_59_45,Cam2012855,415151,10408,17685,0,1,unknown,unknown,general_model/courtship_V2/train,red_data_unified_V3/train,train,train,val,/mmfs1/gscratch/portia/eabe/data/Johnson_lab/red_data/general_model/courtship_V2/train/2026_03_09_14_39_40/Cam2012855/Frame_415151.jpg,/mmfs1/gscratch/portia/eabe/data/Johnson_lab/red_data/red_data_unified_V3/train/2026_04_08_14_59_45/Cam2012855/Frame_415151.jpg,T3R_Tro=26.17px; T3L_Tro=16.28px; T2L_Tro=14.56px; WingR_base=11.00px; WingL_base=10.63px,,,
26.173,19.985,3.559,0.0,20,50,6324b074a19bba83546726f97a32857f,1.0,2026_03_09_14_39_40,2026_04_08_14_59_45,Cam2012855,227743,9637,16770,0,1,unknown,unknown,general_model/courtship_V2/train,red_data_unified_V3/train,train,train,train,/mmfs1/gscratch/portia/eabe/data/Johnson_lab/red_data/general_model/courtship_V2/train/2026_03_09_14_39_40/Cam2012855/Frame_227743.jpg,/mmfs1/gscratch/portia/eabe/data/Johnson_lab/red_data/red_data_unified_V3/train/2026_04_08_14_59_45/Cam2012855/Frame_227743.jpg,T3L_Tro=26.17px; Antenna_Base=25.50px; T1R_Tro=21.59px; T2L_Tro=18.03px; Scutellum=11.40px,,,
26.173,14.35,2.987,0.0,19,50,9843be8f921523b5a130bd4809e07fa5,1.0,2026_03_09_14_39_40,2026_04_08_14_59_45,Cam2012631,227743,9635,16768,0,1,unknown,unknown,general_model/courtship_V2/train,red_data_unified_V3/train,train,train,train,/mmfs1/gscratch/portia/eabe/data/Johnson_lab/red_data/general_model/courtship_V2/train/2026_03_09_14_39_40/Cam2012631/Frame_227743.jpg,/mmfs1/gscratch/portia/eabe/data/Johnson_lab/red_data/red_data_unified_V3/train/2026_04_08_14_59_45/Cam2012631/Frame_227743.jpg,T3L_Tro=26.17px; T2L_Tro=19.00px; Antenna_Base=16.76px; Scutellum=11.40px; T1L_ThxCx=10.30px,,,
26.173,8.628,1.415,0.0,8,50,5d8039e0f47eb86b80925d5898a4302b,1.0,2026_03_09_14_39_40,2026_04_08_14_59_45,Cam2012630,149802,9207,16458,0,1,unknown,unknown,general_model/courtship_V2/train,red_data_unified_V3/train,train,train,train,/mmfs1/gscratch/portia/eabe/data/Johnson_lab/red_data/general_model/courtship_V2/train/2026_03_09_14_39_40/Cam2012630/Frame_149802.jpg,/mmfs1/gscratch/portia/eabe/data/Johnson_lab/red_data/red_data_unified_V3/train/2026_04_08_14_59_45/Cam2012630/Frame_149802.jpg,T2R_FeTi=26.17px; T3R_Tro=20.25px; T2R_Tro=10.20px; Scutellum=6.71px; T2R_TiTa=4.00px,,,
26.077,13.508,6.404,5.099,50,50,d7b8c60846db3e008f4578ff53ca83e5,0.9591,2026_03_09_14_39_40,2026_04_08_14_59_45,Cam2012853,149840,9265,16530,0,1,unknown,unknown,general_model/courtship_V2/train,red_data_unified_V3/train,train,train,train,/mmfs1/gscratch/portia/eabe/data/Johnson_lab/red_data/general_model/courtship_V2/train/2026_03_09_14_39_40/Cam2012853/Frame_149840.jpg,/mmfs1/gscratch/portia/eabe/data/Johnson_lab/red_data/red_data_unified_V3/train/2026_04_08_14_59_45/Cam2012853/Frame_149840.jpg,T2R_FeTi=26.08px; T1L_Tro=22.02px; T3R_TaT1=13.89px; T2R_TaT1=13.04px; T1R_Tro=12.53px,,,
26.077,19.98,4.232,1.707,33,50,c7ea96fd94a5202c2c7e1bc1c4b14825,0.9976,2026_03_09_14_39_40,2026_04_07_11_33_33,Cam2012861,94158,7774,14759,0,0,unknown,unknown,general_model/courtship_V2/train,red_data_unified_V3/val,train,val,train,/mmfs1/gscratch/portia/eabe/data/Johnson_lab/red_data/general_model/courtship_V2/train/2026_03_09_14_39_40/Cam2012861/Frame_94158.jpg,/mmfs1/gscratch/portia/eabe/data/Johnson_lab/red_data/red_data_unified_V3/val/2026_04_07_11_33_33/Cam2012861/Frame_94158.jpg,T3L_Tro=26.08px; T1L_Tro=25.32px; T2L_Tro=22.20px; Abd_A4=17.26px; Scutellum=16.55px,,,
26.077,19.116,4.259,2.0,32,50,9e07cd27f2a1a932dc08f7007a017e9d,0.9976,2026_03_09_14_39_40,2026_04_07_11_33_33,Cam2012857,94158,7773,14758,0,0,unknown,unknown,general_model/courtship_V2/train,red_data_unified_V3/val,train,val,train,/mmfs1/gscratch/portia/eabe/data/Johnson_lab/red_data/general_model/courtship_V2/train/2026_03_09_14_39_40/Cam2012857/Frame_94158.jpg,/mmfs1/gscratch/portia/eabe/data/Johnson_lab/red_data/red_data_unified_V3/val/2026_04_07_11_33_33/Cam2012857/Frame_94158.jpg,T3L_Tro=26.08px; T1L_Tro=25.50px; T2L_Tro=21.21px; Scutellum=16.55px; Abd_A4=16.12px,,,
26.077,12.913,3.238,1.0,30,50,4c538e1c181f063277f4f70a085063e6,0.997,2026_03_09_14_39_40,2026_04_08_14_59_45,Cam2012630,94150,7755,15298,0,1,unknown,unknown,general_model/courtship_V2/train,red_data_unified_V3/train,train,train,train,/mmfs1/gscratch/portia/eabe/data/Johnson_lab/red_data/general_model/courtship_V2/train/2026_03_09_14_39_40/Cam2012630/Frame_94150.jpg,/mmfs1/gscratch/portia/eabe/data/Johnson_lab/red_data/red_data_unified_V3/train/2026_04_08_14_59_45/Cam2012630/Frame_94150.jpg,T2L_Tro=26.08px; T1L_Tro=17.03px; T3L_Tro=15.30px; T2R_Tro=10.00px; T1R_ThxCx=9.49px,,,
26.077,13.447,2.741,0.0,19,50,f56e608c0bd7b5031b59a61470066389,0.9971,2026_03_09_14_39_40,2026_04_08_14_59_45,Cam2012862,149644,8968,16193,0,1,unknown,unknown,general_model/courtship_V2/train,red_data_unified_V3/train,train,train,train,/mmfs1/gscratch/portia/eabe/data/Johnson_lab/red_data/general_model/courtship_V2/train/2026_03_09_14_39_40/Cam2012862/Frame_149644.jpg,/mmfs1/gscratch/portia/eabe/data/Johnson_lab/red_data/red_data_unified_V3/train/2026_04_08_14_59_45/Cam2012862/Frame_149644.jpg,T1R_Tro=26.08px; Scutellum=16.40px; T2L_Tro=14.04px; T3L_TaT3=12.73px; T2R_Tro=10.20px,,,
26.0,16.54,2.609,0.0,13,50,925f09aea79ad4d0928eebf966c6f82e,1.0,2026_03_09_14_39_40,2026_04_08_14_59_45,Cam2012855,149444,8650,15672,0,1,unknown,unknown,general_model/courtship_V2/train,red_data_unified_V3/train,train,train,train,/mmfs1/gscratch/portia/eabe/data/Johnson_lab/red_data/general_model/courtship_V2/train/2026_03_09_14_39_40/Cam2012855/Frame_149444.jpg,/mmfs1/gscratch/portia/eabe/data/Johnson_lab/red_data/red_data_unified_V3/train/2026_04_08_14_59_45/Cam2012855/Frame_149444.jpg,T2L_TiTa=26.00px; T1L_Tro=25.00px; Scutellum=18.36px; WingL_base=14.32px; T1R_ThxCx=12.04px,,,
25.71,10.914,1.37,0.0,5,50,1b3294e131b2d65b2a1eccd2e9bb5d30,1.0,2026_03_09_14_39_40,2026_04_08_14_59_45,Cam2012862,149654,8982,16221,0,1,unknown,unknown,general_model/courtship_V2/train,red_data_unified_V3/train,train,train,train,/mmfs1/gscratch/portia/eabe/data/Johnson_lab/red_data/general_model/courtship_V2/train/2026_03_09_14_39_40/Cam2012862/Frame_149654.jpg,/mmfs1/gscratch/portia/eabe/data/Johnson_lab/red_data/red_data_unified_V3/train/2026_04_08_14_59_45/Cam2012862/Frame_149654.jpg,T1R_Tro=25.71px; Scutellum=12.21px; T3R_Tro=11.66px; T2R_Tro=10.00px; T1R_ThxCx=8.94px,,,
25.632,8.916,2.338,0.0,16,50,3796fff49c9bee56e8cbc346cf3310bc,0.9744,2026_03_09_14_39_40,2026_04_08_14_59_45,Cam2012861,149677,9009,16260,0,1,unknown,unknown,general_model/courtship_V2/train,red_data_unified_V3/train,train,train,train,/mmfs1/gscratch/portia/eabe/data/Johnson_lab/red_data/general_model/courtship_V2/train/2026_03_09_14_39_40/Cam2012861/Frame_149677.jpg,/mmfs1/gscratch/portia/eabe/data/Johnson_lab/red_data/red_data_unified_V3/train/2026_04_08_14_59_45/Cam2012861/Frame_149677.jpg,WingR_V13=25.63px; WingL_base=12.37px; WingR_base=9.22px; T3L_TaT3=8.54px; T3R_TaT3=7.81px,,,
25.632,8.916,2.307,0.0,15,50,7f3342170e1691888d356a68c6c5a77a,0.9746,2026_03_09_14_39_40,2026_04_08_14_59_45,Cam2012857,149677,9008,16259,0,1,unknown,unknown,general_model/courtship_V2/train,red_data_unified_V3/train,train,train,train,/mmfs1/gscratch/portia/eabe/data/Johnson_lab/red_data/general_model/courtship_V2/train/2026_03_09_14_39_40/Cam2012857/Frame_149677.jpg,/mmfs1/gscratch/portia/eabe/data/Johnson_lab/red_data/red_data_unified_V3/train/2026_04_08_14_59_45/Cam2012857/Frame_149677.jpg,WingR_V13=25.63px; WingL_base=12.65px; WingR_base=9.22px; T3L_TaT3=8.54px; T2R_TaT3=7.62px,,,
25.495,11.603,2.929,0.0,17,50,883061c49565a0e087383a68c1af2cca,0.9979,2026_03_09_14_39_40,2026_04_08_14_59_45,Cam2012855,149464,8685,15728,0,1,unknown,unknown,general_model/courtship_V2/train,red_data_unified_V3/train,train,train,train,/mmfs1/gscratch/portia/eabe/data/Johnson_lab/red_data/general_model/courtship_V2/train/2026_03_09_14_39_40/Cam2012855/Frame_149464.jpg,/mmfs1/gscratch/portia/eabe/data/Johnson_lab/red_data/red_data_unified_V3/train/2026_04_08_14_59_45/Cam2012855/Frame_149464.jpg,T3L_Tro=25.50px; T2L_Tro=22.36px; Scutellum=13.04px; T1L_Tro=9.85px; WingL_base=8.60px,,,
25.318,18.149,6.59,5.0,49,50,14b92732d427076e89a1d02f66588a91,0.9725,2026_03_09_14_39_40,2026_04_08_14_59_45,Cam2012630,149848,9277,16556,0,1,unknown,unknown,general_model/courtship_V2/train,red_data_unified_V3/train,train,train,train,/mmfs1/gscratch/portia/eabe/data/Johnson_lab/red_data/general_model/courtship_V2/train/2026_03_09_14_39_40/Cam2012630/Frame_149848.jpg,/mmfs1/gscratch/portia/eabe/data/Johnson_lab/red_data/red_data_unified_V3/train/2026_04_08_14_59_45/Cam2012630/Frame_149848.jpg,T2R_FeTi=25.32px; T1R_Tro=21.10px; T2R_Tro=18.25px; T2L_Tro=18.03px; T1L_Tro=17.00px,,,
25.318,15.073,2.175,0.0,13,50,d25a5da9b268dc1354d8d02b77feae49,1.0,2026_03_09_14_39_40,2026_04_08_14_59_45,Cam2012630,149422,8624,15606,0,1,unknown,unknown,general_model/courtship_V2/train,red_data_unified_V3/train,train,train,train,/mmfs1/gscratch/portia/eabe/data/Johnson_lab/red_data/general_model/courtship_V2/train/2026_03_09_14_39_40/Cam2012630/Frame_149422.jpg,/mmfs1/gscratch/portia/eabe/data/Johnson_lab/red_data/red_data_unified_V3/train/2026_04_08_14_59_45/Cam2012630/Frame_149422.jpg,T3L_Tro=25.32px; T2R_Tro=18.79px; T3R_Tro=15.13px; T2L_Tro=15.00px; Scutellum=11.00px,,,
25.298,8.58,2.38,0.0,24,50,29df2e4b505102cc80d18a979ee3207d,1.0,2026_03_09_14_39_40,2026_04_08_14_59_45,Cam2012630,149460,8675,15711,0,1,unknown,unknown,general_model/courtship_V2/val,red_data_unified_V3/train,train,train,train,/mmfs1/gscratch/portia/eabe/data/Johnson_lab/red_data/general_model/courtship_V2/val/2026_03_09_14_39_40/Cam2012630/Frame_149460.jpg,/mmfs1/gscratch/portia/eabe/data/Johnson_lab/red_data/red_data_unified_V3/train/2026_04_08_14_59_45/Cam2012630/Frame_149460.jpg,T3R_Tro=25.30px; T2L_Tro=9.85px; WingL_base=9.06px; T3R_TaT3=8.00px; T3L_TaT3=6.40px,,,
25.179,13.743,2.849,0.0,19,50,d2c35aa2ee48c790904e5649ece65bdb,1.0,2026_03_09_14_39_40,2026_04_08_14_59_45,Cam2012853,149624,8936,16133,0,1,unknown,unknown,general_model/courtship_V2/train,red_data_unified_V3/train,train,train,train,/mmfs1/gscratch/portia/eabe/data/Johnson_lab/red_data/general_model/courtship_V2/train/2026_03_09_14_39_40/Cam2012853/Frame_149624.jpg,/mmfs1/gscratch/portia/eabe/data/Johnson_lab/red_data/red_data_unified_V3/train/2026_04_08_14_59_45/Cam2012853/Frame_149624.jpg,T1L_Tro=25.18px; T1R_ThxCx=16.12px; Scutellum=15.00px; T3R_TaT3=12.21px; T3R_Tro=11.66px,,,
25.08,8.365,3.91,3.162,45,47,19c8df5cbe432e87c8f578c8100ea56d,0.9712,2026_06_09_15_38_35,2026_06_10_15_05_02,Cam2012855,13912,23881,24105,0,0,unknown,unknown,general_model/headless_56_42/train,general_model/headless_56_42_1/train,train,train,-,/mmfs1/gscratch/portia/eabe/data/Johnson_lab/red_data/general_model/headless_56_42/train/2026_06_09_15_38_35/Cam2012855/Frame_13912.jpg,/mmfs1/gscratch/portia/eabe/data/Johnson_lab/red_data/general_model/headless_56_42_1/train/2026_06_10_15_05_02/Cam2012855/Frame_13912.jpg,T3R_TaTip=25.08px; T3R_Tro=9.06px; WingL_V13=8.60px; T3R_TiTa=7.81px; T2R_Tro=7.07px,2026_06_09_15_38_35_Cam2012855_Frame_13912__19c8df5c.png,,
25.08,16.63,4.06,2.0,28,50,ca070093a1b3922f68cf5071061c0ad4,0.9993,2026_03_09_14_39_40,2026_04_08_14_59_45,Cam2012861,227764,9688,16816,0,1,unknown,unknown,general_model/courtship_V2/val,red_data_unified_V3/train,train,train,train,/mmfs1/gscratch/portia/eabe/data/Johnson_lab/red_data/general_model/courtship_V2/val/2026_03_09_14_39_40/Cam2012861/Frame_227764.jpg,/mmfs1/gscratch/portia/eabe/data/Johnson_lab/red_data/red_data_unified_V3/train/2026_04_08_14_59_45/Cam2012861/Frame_227764.jpg,Scutellum=25.08px; T3L_Tro=23.00px; T1L_Tro=17.72px; T2L_FeTi=15.30px; T3R_Tro=12.04px,,,
25.08,15.469,3.382,0.0,23,50,7b476a5634675e9dded0ef41753c6ab6,0.9877,2026_03_09_14_39_40,2026_04_08_14_59_45,Cam2012862,149617,8926,16123,0,1,unknown,unknown,general_model/courtship_V2/train,red_data_unified_V3/train,train,train,train,/mmfs1/gscratch/portia/eabe/data/Johnson_lab/red_data/general_model/courtship_V2/train/2026_03_09_14_39_40/Cam2012862/Frame_149617.jpg,/mmfs1/gscratch/portia/eabe/data/Johnson_lab/red_data/red_data_unified_V3/train/2026_04_08_14_59_45/Cam2012862/Frame_149617.jpg,T1R_Tro=25.08px; T3R_Tro=22.56px; T2R_Tro=20.02px; Scutellum=9.90px; T3L_Tro=9.85px,,,
25.08,15.446,2.587,0.0,18,50,2b5b420e9f17c8549dee151b1d27449b,1.0,2026_03_09_14_39_40,2026_04_08_14_59_45,Cam2012855,149639,8958,16176,0,1,unknown,unknown,general_model/courtship_V2/train,red_data_unified_V3/train,train,train,train,/mmfs1/gscratch/portia/eabe/data/Johnson_lab/red_data/general_model/courtship_V2/train/2026_03_09_14_39_40/Cam2012855/Frame_149639.jpg,/mmfs1/gscratch/portia/eabe/data/Johnson_lab/red_data/red_data_unified_V3/train/2026_04_08_14_59_45/Cam2012855/Frame_149639.jpg,T3R_Tro=25.08px; T1R_Tro=17.20px; T2R_Tro=15.81px; T2R_FeTi=15.00px; T3R_TiTa=8.25px,,,
25.08,10.375,2.436,0.0,17,50,f9309919f3c2ba356812d8d9b7e1a0e0,1.0,2026_03_09_14_39_40,2026_04_08_14_59_45,Cam2012862,149431,8639,15640,0,1,unknown,unknown,general_model/courtship_V2/train,red_data_unified_V3/train,train,train,train,/mmfs1/gscratch/portia/eabe/data/Johnson_lab/red_data/general_model/courtship_V2/train/2026_03_09_14_39_40/Cam2012862/Frame_149431.jpg,/mmfs1/gscratch/portia/eabe/data/Johnson_lab/red_data/red_data_unified_V3/train/2026_04_08_14_59_45/Cam2012862/Frame_149431.jpg,T3R_Tro=25.08px; T1R_Tro=20.40px; Scutellum=10.44px; T3L_Tro=10.30px; WingL_base=9.22px,,,
25.02,13.928,4.615,3.162,36,50,22919231ab1d09a3b721bdd7b8fac886,0.9817,2026_03_09_14_39_40,2026_04_08_14_59_45,Cam2012857,94183,7787,15351,0,1,unknown,unknown,general_model/courtship_V2/train,red_data_unified_V3/train,train,train,train,/mmfs1/gscratch/portia/eabe/data/Johnson_lab/red_data/general_model/courtship_V2/train/2026_03_09_14_39_40/Cam2012857/Frame_94183.jpg,/mmfs1/gscratch/portia/eabe/data/Johnson_lab/red_data/red_data_unified_V3/train/2026_04_08_14_59_45/Cam2012857/Frame_94183.jpg,T2L_Tro=25.02px; T3L_Tro=16.28px; Scutellum=13.93px; T1L_ThxCx=13.93px; T1L_Tro=13.60px,,,
25.02,14.645,4.595,3.162,35,50,0dec83f5971e02dd49e526d8126005ba,0.9818,2026_03_09_14_39_40,2026_04_08_14_59_45,Cam2012861,94183,7788,15352,0,1,unknown,unknown,general_model/courtship_V2/train,red_data_unified_V3/train,train,train,train,/mmfs1/gscratch/portia/eabe/data/Johnson_lab/red_data/general_model/courtship_V2/train/2026_03_09_14_39_40/Cam2012861/Frame_94183.jpg,/mmfs1/gscratch/portia/eabe/data/Johnson_lab/red_data/red_data_unified_V3/train/2026_04_08_14_59_45/Cam2012861/Frame_94183.jpg,T2L_Tro=25.02px; T3L_Tro=16.28px; T1L_ThxCx=15.23px; Scutellum=13.93px; T1L_Tro=12.37px,,,
25.0,11.654,3.019,0.0,24,50,0ef1045922d876024317042db501c078,1.0,2026_03_09_14_39_40,2026_04_08_14_59_45,Cam2012855,149468,8692,15742,0,1,unknown,unknown,general_model/courtship_V2/train,red_data_unified_V3/train,train,train,train,/mmfs1/gscratch/portia/eabe/data/Johnson_lab/red_data/general_model/courtship_V2/train/2026_03_09_14_39_40/Cam2012855/Frame_149468.jpg,/mmfs1/gscratch/portia/eabe/data/Johnson_lab/red_data/red_data_unified_V3/train/2026_04_08_14_59_45/Cam2012855/Frame_149468.jpg,T2L_Tro=25.00px; Scutellum=20.62px; T1R_ThxCx=12.04px; T3L_Tro=11.18px; T1L_Tro=11.00px,,,
25.0,15.281,3.377,0.0,19,50,815165b9f91872ecc73c893341f525e1,0.9968,2026_03_09_14_39_40,2026_04_08_14_59_45,Cam2012853,149644,8964,16189,0,1,unknown,unknown,general_model/courtship_V2/train,red_data_unified_V3/train,train,train,train,/mmfs1/gscratch/portia/eabe/data/Johnson_lab/red_data/general_model/courtship_V2/train/2026_03_09_14_39_40/Cam2012853/Frame_149644.jpg,/mmfs1/gscratch/portia/eabe/data/Johnson_lab/red_data/red_data_unified_V3/train/2026_04_08_14_59_45/Cam2012853/Frame_149644.jpg,T2L_Tro=25.00px; T3L_Tro=17.46px; Scutellum=15.62px; T3L_TaT3=14.87px; T1R_Tro=12.17px,,,
24.739,12.611,1.993,0.0,13,50,08d44d2cc449f3c2b0ea1104576751d7,1.0,2026_03_09_14_39_40,2026_04_08_14_59_45,Cam2012630,149456,8668,15697,0,1,unknown,unknown,general_model/courtship_V2/train,red_data_unified_V3/train,train,train,train,/mmfs1/gscratch/portia/eabe/data/Johnson_lab/red_data/general_model/courtship_V2/train/2026_03_09_14_39_40/Cam2012630/Frame_149456.jpg,/mmfs1/gscratch/portia/eabe/data/Johnson_lab/red_data/red_data_unified_V3/train/2026_04_08_14_59_45/Cam2012630/Frame_149456.jpg,T2R_Tro=24.74px; T3L_Tro=18.11px; Scutellum=13.93px; T1L_FeTi=11.00px; T3L_TaT3=6.00px,,,
24.597,16.63,4.064,2.0,28,50,acc9abb21b9630647bbdf2bcabd86129,1.0,2026_03_09_14_39_40,2026_04_08_14_59_45,Cam2012857,227764,9687,16815,0,1,unknown,unknown,general_model/courtship_V2/val,red_data_unified_V3/train,train,train,train,/mmfs1/gscratch/portia/eabe/data/Johnson_lab/red_data/general_model/courtship_V2/val/2026_03_09_14_39_40/Cam2012857/Frame_227764.jpg,/mmfs1/gscratch/portia/eabe/data/Johnson_lab/red_data/red_data_unified_V3/train/2026_04_08_14_59_45/Cam2012857/Frame_227764.jpg,Scutellum=24.60px; T3L_Tro=22.00px; T1L_Tro=17.72px; T2L_FeTi=15.30px; T3R_Tro=12.04px,,,
24.515,12.612,2.417,0.0,13,50,b60583f1b258053aaf5de20ed88c38eb,1.0,2026_03_09_14_39_40,2026_04_08_14_59_45,Cam2012853,149456,8670,15699,0,1,unknown,unknown,general_model/courtship_V2/train,red_data_unified_V3/train,train,train,train,/mmfs1/gscratch/portia/eabe/data/Johnson_lab/red_data/general_model/courtship_V2/train/2026_03_09_14_39_40/Cam2012853/Frame_149456.jpg,/mmfs1/gscratch/portia/eabe/data/Johnson_lab/red_data/red_data_unified_V3/train/2026_04_08_14_59_45/Cam2012853/Frame_149456.jpg,T2R_Tro=24.52px; T3L_Tro=23.19px; T1L_FeTi=13.60px; T2L_Tro=11.40px; WingL_base=9.43px,,,
24.352,17.083,3.905,1.0,25,50,1ded057dcb78960529218a09d22e36e9,1.0,2026_03_09_14_39_40,2026_04_08_14_59_45,Cam2012631,149460,8676,15712,0,1,unknown,unknown,general_model/courtship_V2/val,red_data_unified_V3/train,train,train,train,/mmfs1/gscratch/portia/eabe/data/Johnson_lab/red_data/general_model/courtship_V2/val/2026_03_09_14_39_40/Cam2012631/Frame_149460.jpg,/mmfs1/gscratch/portia/eabe/data/Johnson_lab/red_data/red_data_unified_V3/train/2026_04_08_14_59_45/Cam2012631/Frame_149460.jpg,T3R_Tro=24.35px; Scutellum=19.42px; WingL_base=18.36px; WingR_base=15.52px; T2L_Tro=15.00px,,,
24.331,14.417,3.267,0.0,21,50,7d9c758a6f04d7d8c8bef6ab826139d2,1.0,2026_03_09_14_39_40,2026_04_08_14_59_45,Cam2012853,227743,9636,16769,0,1,unknown,unknown,general_model/courtship_V2/train,red_data_unified_V3/train,train,train,train,/mmfs1/gscratch/portia/eabe/data/Johnson_lab/red_data/general_model/courtship_V2/train/2026_03_09_14_39_40/Cam2012853/Frame_227743.jpg,/mmfs1/gscratch/portia/eabe/data/Johnson_lab/red_data/red_data_unified_V3/train/2026_04_08_14_59_45/Cam2012853/Frame_227743.jpg,T1R_Tro=24.33px; Antenna_Base=20.62px; T3L_Tro=15.30px; T2R_Tro=13.34px; T2L_Tro=11.00px,,,
24.187,16.145,2.695,0.0,19,50,93d3e085db8780b11b1a5cfd6fd3fa87,0.9992,2026_03_09_14_39_40,2026_04_08_14_59_45,Cam2012853,227768,9692,16825,0,1,unknown,unknown,general_model/courtship_V2/train,red_data_unified_V3/train,train,train,train,/mmfs1/gscratch/portia/eabe/data/Johnson_lab/red_data/general_model/courtship_V2/train/2026_03_09_14_39_40/Cam2012853/Frame_227768.jpg,/mmfs1/gscratch/portia/eabe/data/Johnson_lab/red_data/red_data_unified_V3/train/2026_04_08_14_59_45/Cam2012853/Frame_227768.jpg,T3L_Tro=24.19px; Antenna_Base=22.80px; T2L_Tro=20.02px; Scutellum=11.40px; T1L_Tro=9.00px,,,
24.166,9.22,2.142,0.0,16,50,0d5d5d498c1d50d8dd3e7122515dc3a7,1.0,2026_03_09_14_39_40,2026_04_08_14_59_45,Cam2012855,149677,9007,16258,0,1,unknown,unknown,general_model/courtship_V2/train,red_data_unified_V3/train,train,train,train,/mmfs1/gscratch/portia/eabe/data/Johnson_lab/red_data/general_model/courtship_V2/train/2026_03_09_14_39_40/Cam2012855/Frame_149677.jpg,/mmfs1/gscratch/portia/eabe/data/Johnson_lab/red_data/red_data_unified_V3/train/2026_04_08_14_59_45/Cam2012855/Frame_149677.jpg,WingR_V13=24.17px; WingL_base=10.77px; T2R_TaT3=9.22px; T3R_TaT3=9.22px; WingR_base=8.25px,,,
24.166,12.142,1.751,0.0,9,50,2f4cbb0b95b84226be4972fa684ad7e5,1.0,2026_03_09_14_39_40,2026_04_08_14_59_45,Cam2012855,149560,8839,15994,0,1,unknown,unknown,general_model/courtship_V2/train,red_data_unified_V3/train,train,train,train,/mmfs1/gscratch/portia/eabe/data/Johnson_lab/red_data/general_model/courtship_V2/train/2026_03_09_14_39_40/Cam2012855/Frame_149560.jpg,/mmfs1/gscratch/portia/eabe/data/Johnson_lab/red_data/red_data_unified_V3/train/2026_04_08_14_59_45/Cam2012855/Frame_149560.jpg,WingL_base=24.17px; Scutellum=13.60px; T3L_TaT3=13.04px; WingR_base=11.05px; T2R_TaT3=8.94px,,,
24.083,13.508,5.058,3.162,49,50,682f8ab2d75f9ac77f038fdfea125fd7,0.9788,2026_03_09_14_39_40,2026_04_08_14_59_45,Cam2012853,150390,9300,16588,0,1,unknown,unknown,general_model/courtship_V2/train,red_data_unified_V3/train,train,train,train,/mmfs1/gscratch/portia/eabe/data/Johnson_lab/red_data/general_model/courtship_V2/train/2026_03_09_14_39_40/Cam2012853/Frame_150390.jpg,/mmfs1/gscratch/portia/eabe/data/Johnson_lab/red_data/red_data_unified_V3/train/2026_04_08_14_59_45/Cam2012853/Frame_150390.jpg,T3L_Tro=24.08px; T1L_Tro=19.10px; T1L_ThxCx=13.89px; T2L_Tro=13.04px; T3R_Tro=12.65px,,,
24.083,16.59,5.565,3.606,49,50,a95349fd04700df538e6eb00badc4083,0.9577,2026_03_09_14_39_40,2026_04_08_14_59_45,Cam2012855,150390,9301,16589,0,1,unknown,unknown,general_model/courtship_V2/train,red_data_unified_V3/train,train,train,train,/mmfs1/gscratch/portia/eabe/data/Johnson_lab/red_data/general_model/courtship_V2/train/2026_03_09_14_39_40/Cam2012855/Frame_150390.jpg,/mmfs1/gscratch/portia/eabe/data/Johnson_lab/red_data/red_data_unified_V3/train/2026_04_08_14_59_45/Cam2012855/Frame_150390.jpg,T3L_Tro=24.08px; T1L_ThxCx=18.03px; T3R_Tro=16.97px; T1L_Tro=16.12px; T3L_FeTi=13.00px,,,
24.042,15.666,3.554,1.414,32,50,bcf9d46e8daaedc595c52ff876af2584,0.9964,2026_03_09_14_39_40,2026_04_08_14_59_45,Cam2012630,94139,7727,15256,0,1,unknown,unknown,general_model/courtship_V2/val,red_data_unified_V3/train,train,train,train,/mmfs1/gscratch/portia/eabe/data/Johnson_lab/red_data/general_model/courtship_V2/val/2026_03_09_14_39_40/Cam2012630/Frame_94139.jpg,/mmfs1/gscratch/portia/eabe/data/Johnson_lab/red_data/red_data_unified_V3/train/2026_04_08_14_59_45/Cam2012630/Frame_94139.jpg,T2L_Tro=24.04px; T3L_Tro=17.26px; T1L_Tro=17.00px; T3R_Tro=14.04px; T2R_Tro=12.17px,,,
24.042,13.687,2.361,0.0,15,50,79991fb32eaad59dad93980e2de075eb,1.0,2026_03_09_14_39_40,2026_04_08_14_59_45,Cam2012855,149572,8860,16036,0,1,unknown,unknown,general_model/courtship_V2/val,red_data_unified_V3/train,train,train,train,/mmfs1/gscratch/portia/eabe/data/Johnson_lab/red_data/general_model/courtship_V2/val/2026_03_09_14_39_40/Cam2012855/Frame_149572.jpg,/mmfs1/gscratch/portia/eabe/data/Johnson_lab/red_data/red_data_unified_V3/train/2026_04_08_14_59_45/Cam2012855/Frame_149572.jpg,T3R_Tro=24.04px; T2L_Tro=18.11px; T2R_Tro=15.03px; T1R_TiTa=12.04px; WingR_base=10.05px,,,
24.021,10.952,3.553,2.236,33,50,18f1319c2818dca921e2a285dece5dca,0.9957,2026_03_09_14_39_40,2026_04_08_14_59_45,Cam2012862,94183,7789,15353,0,1,unknown,unknown,general_model/courtship_V2/train,red_data_unified_V3/train,train,train,train,/mmfs1/gscratch/portia/eabe/data/Johnson_lab/red_data/general_model/courtship_V2/train/2026_03_09_14_39_40/Cam2012862/Frame_94183.jpg,/mmfs1/gscratch/portia/eabe/data/Johnson_lab/red_data/red_data_unified_V3/train/2026_04_08_14_59_45/Cam2012862/Frame_94183.jpg,T2L_Tro=24.02px; T1L_Tro=18.44px; T3L_Tro=12.37px; Scutellum=9.22px; T1L_ThxCx=9.22px,,,
24.021,7.381,1.514,0.0,18,50,50d187d54a85b26d359b90e96525a285,0.9899,2026_03_09_14_39_40,2026_04_07_11_33_33,Cam2012631,227717,9572,14912,0,0,unknown,unknown,general_model/courtship_V2/train,red_data_unified_V3/val,train,val,train,/mmfs1/gscratch/portia/eabe/data/Johnson_lab/red_data/general_model/courtship_V2/train/2026_03_09_14_39_40/Cam2012631/Frame_227717.jpg,/mmfs1/gscratch/portia/eabe/data/Johnson_lab/red_data/red_data_unified_V3/val/2026_04_07_11_33_33/Cam2012631/Frame_227717.jpg,Antenna_Base=24.02px; T3R_TaT3=8.60px; Scutellum=8.25px; T2R_TaT3=6.32px; T1L_TaT3=4.47px,,,
23.854,9.453,2.601,0.5,25,50,974e3fc01ff3fa8a4b50673023f35742,0.9811,2026_03_09_14_39_40,2026_04_07_11_33_33,Cam2012857,415226,10591,15099,0,0,unknown,unknown,general_model/courtship_V2/train,red_data_unified_V3/val,train,val,val,/mmfs1/gscratch/portia/eabe/data/Johnson_lab/red_data/general_model/courtship_V2/train/2026_03_09_14_39_40/Cam2012857/Frame_415226.jpg,/mmfs1/gscratch/portia/eabe/data/Johnson_lab/red_data/red_data_unified_V3/val/2026_04_07_11_33_33/Cam2012857/Frame_415226.jpg,WingR_base=23.85px; WingL_base=14.32px; T3L_TaT3=10.44px; EyeL=8.25px; T1L_TaT3=7.07px,,,
23.854,9.454,2.554,0.707,25,50,3f07cb60adfef8ed329203b3ab073501,0.9799,2026_03_09_14_39_40,2026_04_07_11_33_33,Cam2012861,415226,10592,15100,0,0,unknown,unknown,general_model/courtship_V2/train,red_data_unified_V3/val,train,val,val,/mmfs1/gscratch/portia/eabe/data/Johnson_lab/red_data/general_model/courtship_V2/train/2026_03_09_14_39_40/Cam2012861/Frame_415226.jpg,/mmfs1/gscratch/portia/eabe/data/Johnson_lab/red_data/red_data_unified_V3/val/2026_04_07_11_33_33/Cam2012861/Frame_415226.jpg,WingR_base=23.85px; WingL_base=14.14px; T3L_TaT3=10.20px; EyeL=8.54px; T1L_TaT3=7.07px,,,
23.854,15.623,3.641,0.0,19,50,d5976fc9be20f54902e9cfcdeb24438b,1.0,2026_03_09_14_39_40,2026_04_08_14_59_45,Cam2012861,149644,8967,16192,0,1,unknown,unknown,general_model/courtship_V2/train,red_data_unified_V3/train,train,train,train,/mmfs1/gscratch/portia/eabe/data/Johnson_lab/red_data/general_model/courtship_V2/train/2026_03_09_14_39_40/Cam2012861/Frame_149644.jpg,/mmfs1/gscratch/portia/eabe/data/Johnson_lab/red_data/red_data_unified_V3/train/2026_04_08_14_59_45/Cam2012861/Frame_149644.jpg,Scutellum=23.85px; T2R_Tro=23.02px; T3R_Tro=16.49px; T3L_Tro=14.56px; T1R_Tro=14.14px,,,
23.77,9.922,2.7,0.5,25,50,febac5ddb5e0d6b037a4ad0aeed6cb8e,0.9833,2026_03_09_14_39_40,2026_04_07_11_33_33,Cam2012861,415199,10522,15087,0,0,unknown,unknown,general_model/courtship_V2/train,red_data_unified_V3/val,train,val,val,/mmfs1/gscratch/portia/eabe/data/Johnson_lab/red_data/general_model/courtship_V2/train/2026_03_09_14_39_40/Cam2012861/Frame_415199.jpg,/mmfs1/gscratch/portia/eabe/data/Johnson_lab/red_data/red_data_unified_V3/val/2026_04_07_11_33_33/Cam2012861/Frame_415199.jpg,WingR_base=23.77px; WingL_base=13.15px; Scutellum=10.63px; T3L_TaT3=9.06px; T2L_TaT3=7.07px,,,
23.77,14.667,3.278,0.0,22,50,3f58027a3cd9ec96e3a5b310d755c931,1.0,2026_03_09_14_39_40,2026_04_08_14_59_45,Cam2012861,149468,8694,15744,0,1,unknown,unknown,general_model/courtship_V2/train,red_data_unified_V3/train,train,train,train,/mmfs1/gscratch/portia/eabe/data/Johnson_lab/red_data/general_model/courtship_V2/train/2026_03_09_14_39_40/Cam2012861/Frame_149468.jpg,/mmfs1/gscratch/portia/eabe/data/Johnson_lab/red_data/red_data_unified_V3/train/2026_04_08_14_59_45/Cam2012861/Frame_149468.jpg,Scutellum=23.77px; T3R_Tro=16.12px; T2L_Tro=16.00px; T1R_ThxCx=13.04px; T1L_ThxCx=11.18px,,,
23.537,19.617,4.903,2.118,32,50,c3a537fb09b8bd9ef79263c8c9157fb8,0.9749,2026_03_09_14_39_40,2026_04_08_14_59_45,Cam2012857,94187,7794,15365,0,1,unknown,unknown,general_model/courtship_V2/train,red_data_unified_V3/train,train,train,train,/mmfs1/gscratch/portia/eabe/data/Johnson_lab/red_data/general_model/courtship_V2/train/2026_03_09_14_39_40/Cam2012857/Frame_94187.jpg,/mmfs1/gscratch/portia/eabe/data/Johnson_lab/red_data/red_data_unified_V3/train/2026_04_08_14_59_45/Cam2012857/Frame_94187.jpg,Scutellum=23.54px; T2L_Tro=22.80px; T3L_Tro=21.38px; Abd_A4=17.46px; T1L_Tro=15.30px,,,
23.537,19.077,4.803,2.618,31,50,7154af5b88f701fa68c97e1fef54dc21,0.9749,2026_03_09_14_39_40,2026_04_08_14_59_45,Cam2012861,94187,7795,15366,0,1,unknown,unknown,general_model/courtship_V2/train,red_data_unified_V3/train,train,train,train,/mmfs1/gscratch/portia/eabe/data/Johnson_lab/red_data/general_model/courtship_V2/train/2026_03_09_14_39_40/Cam2012861/Frame_94187.jpg,/mmfs1/gscratch/portia/eabe/data/Johnson_lab/red_data/red_data_unified_V3/train/2026_04_08_14_59_45/Cam2012861/Frame_94187.jpg,Scutellum=23.54px; T2L_Tro=22.56px; T3L_Tro=20.40px; Abd_A4=17.46px; T1L_Tro=14.14px,,,
23.537,14.491,2.573,0.0,16,50,53bb19badd6fab0a3e3579da124f0800,1.0,2026_03_09_14_39_40,2026_04_08_14_59_45,Cam2012630,149431,8633,15634,0,1,unknown,unknown,general_model/courtship_V2/train,red_data_unified_V3/train,train,train,train,/mmfs1/gscratch/portia/eabe/data/Johnson_lab/red_data/general_model/courtship_V2/train/2026_03_09_14_39_40/Cam2012630/Frame_149431.jpg,/mmfs1/gscratch/portia/eabe/data/Johnson_lab/red_data/red_data_unified_V3/train/2026_04_08_14_59_45/Cam2012630/Frame_149431.jpg,T3L_Tro=23.54px; T3R_Tro=23.09px; T1R_Tro=18.25px; WingL_base=9.90px; Scutellum=7.28px,,,
23.409,9.982,2.649,0.5,25,50,80f9de9cba4bfcfbd5d89836fb69aa95,0.9784,2026_03_09_14_39_40,2026_04_07_11_33_33,Cam2012857,415199,10521,15086,0,0,unknown,unknown,general_model/courtship_V2/train,red_data_unified_V3/val,train,val,val,/mmfs1/gscratch/portia/eabe/data/Johnson_lab/red_data/general_model/courtship_V2/train/2026_03_09_14_39_40/Cam2012857/Frame_415199.jpg,/mmfs1/gscratch/portia/eabe/data/Johnson_lab/red_data/red_data_unified_V3/val/2026_04_07_11_33_33/Cam2012857/Frame_415199.jpg,WingR_base=23.41px; WingL_base=13.04px; T3L_TaT3=10.05px; Scutellum=9.90px; T2L_TaT3=7.28px,,,
23.409,14.136,3.195,0.0,22,50,2ab1cd5c473d264156d50f89dc846455,1.0,2026_03_09_14_39_40,2026_04_08_14_59_45,Cam2012857,149468,8693,15743,0,1,unknown,unknown,general_model/courtship_V2/train,red_data_unified_V3/train,train,train,train,/mmfs1/gscratch/portia/eabe/data/Johnson_lab/red_data/general_model/courtship_V2/train/2026_03_09_14_39_40/Cam2012857/Frame_149468.jpg,/mmfs1/gscratch/portia/eabe/data/Johnson_lab/red_data/red_data_unified_V3/train/2026_04_08_14_59_45/Cam2012857/Frame_149468.jpg,Scutellum=23.41px; T3R_Tro=15.26px; T2L_Tro=15.03px; T1R_ThxCx=13.04px; T3L_Tro=11.18px,,,
23.409,14.817,2.985,0.0,22,50,ad6b96c72412744e6294306653db19c8,1.0,2026_03_09_14_39_40,2026_04_08_14_59_45,Cam2012630,149629,8941,16145,0,1,unknown,unknown,general_model/courtship_V2/train,red_data_unified_V3/train,train,train,train,/mmfs1/gscratch/portia/eabe/data/Johnson_lab/red_data/general_model/courtship_V2/train/2026_03_09_14_39_40/Cam2012630/Frame_149629.jpg,/mmfs1/gscratch/portia/eabe/data/Johnson_lab/red_data/red_data_unified_V3/train/2026_04_08_14_59_45/Cam2012630/Frame_149629.jpg,T1R_Tro=23.41px; T3R_Tro=18.03px; T2R_Tro=15.81px; T3L_TaT3=13.60px; Scutellum=11.70px,,,
23.345,7.436,1.463,0.0,14,50,040551aed5f8cfb55cf631dd754286b8,1.0,2026_03_09_14_39_40,2026_04_08_14_59_45,Cam2012855,227895,9770,17060,0,1,unknown,unknown,general_model/courtship_V2/train,red_data_unified_V3/train,train,train,train,/mmfs1/gscratch/portia/eabe/data/Johnson_lab/red_data/general_model/courtship_V2/train/2026_03_09_14_39_40/Cam2012855/Frame_227895.jpg,/mmfs1/gscratch/portia/eabe/data/Johnson_lab/red_data/red_data_unified_V3/train/2026_04_08_14_59_45/Cam2012855/Frame_227895.jpg,Antenna_Base=23.35px; T2L_TaT3=8.94px; T3L_TaT3=8.54px; T1L_TaT3=6.08px; T3R_TaT3=4.47px,,,
23.324,18.167,4.792,2.995,47,50,3a6eb1e651ce17f370c95a6a063d2bba,0.9832,2026_03_09_14_39_40,2026_04_08_14_59_45,Cam2012630,150390,9298,16587,0,1,unknown,unknown,general_model/courtship_V2/train,red_data_unified_V3/train,train,train,train,/mmfs1/gscratch/portia/eabe/data/Johnson_lab/red_data/general_model/courtship_V2/train/2026_03_09_14_39_40/Cam2012630/Frame_150390.jpg,/mmfs1/gscratch/portia/eabe/data/Johnson_lab/red_data/red_data_unified_V3/train/2026_04_08_14_59_45/Cam2012630/Frame_150390.jpg,T3R_Tro=23.32px; T2R_Tro=21.21px; T1R_Tro=19.03px; T3L_Tro=17.12px; T1L_Tro=16.28px,,,
23.324,8.126,2.539,1.414,30,50,07d262fb12056f38df0e91122afe0183,0.984,2026_03_09_14_39_40,2026_04_08_14_59_45,Cam2012853,415214,10554,17871,0,1,unknown,unknown,general_model/courtship_V2/train,red_data_unified_V3/train,train,train,val,/mmfs1/gscratch/portia/eabe/data/Johnson_lab/red_data/general_model/courtship_V2/train/2026_03_09_14_39_40/Cam2012853/Frame_415214.jpg,/mmfs1/gscratch/portia/eabe/data/Johnson_lab/red_data/red_data_unified_V3/train/2026_04_08_14_59_45/Cam2012853/Frame_415214.jpg,WingR_base=23.32px; T3L_TaT3=8.94px; Abd_A4=8.54px; WingL_base=7.62px; T2L_TaT3=7.28px,,,
23.324,16.157,3.575,0.0,19,50,68f7563480387de6ef5db18a98f4baa2,1.0,2026_03_09_14_39_40,2026_04_08_14_59_45,Cam2012857,149644,8966,16191,0,1,unknown,unknown,general_model/courtship_V2/train,red_data_unified_V3/train,train,train,train,/mmfs1/gscratch/portia/eabe/data/Johnson_lab/red_data/general_model/courtship_V2/train/2026_03_09_14_39_40/Cam2012857/Frame_149644.jpg,/mmfs1/gscratch/portia/eabe/data/Johnson_lab/red_data/red_data_unified_V3/train/2026_04_08_14_59_45/Cam2012857/Frame_149644.jpg,Scutellum=23.32px; T2R_Tro=22.09px; T3R_Tro=17.46px; T3L_Tro=14.56px; T1R_Tro=13.15px,,,
23.195,8.63,1.617,0.0,11,50,fbf0f72e80fdfb5768e1628a162be566,1.0,2026_03_09_14_39_40,2026_04_07_11_33_33,Cam2012855,227727,9609,14950,0,0,unknown,unknown,general_model/courtship_V2/train,red_data_unified_V3/val,train,val,train,/mmfs1/gscratch/portia/eabe/data/Johnson_lab/red_data/general_model/courtship_V2/train/2026_03_09_14_39_40/Cam2012855/Frame_227727.jpg,/mmfs1/gscratch/portia/eabe/data/Johnson_lab/red_data/red_data_unified_V3/val/2026_04_07_11_33_33/Cam2012855/Frame_227727.jpg,Antenna_Base=23.19px; Scutellum=9.06px; T3R_TaT3=8.94px; T2R_TaT3=8.25px; T1R_TaT3=8.06px,,,
23.195,6.259,1.47,0.0,11,50,6eb089e57472920f5ef2482216fe236a,1.0,2026_03_09_14_39_40,2026_04_08_14_59_45,Cam2012855,227739,9630,16752,0,1,unknown,unknown,general_model/courtship_V2/train,red_data_unified_V3/train,train,train,train,/mmfs1/gscratch/portia/eabe/data/Johnson_lab/red_data/general_model/courtship_V2/train/2026_03_09_14_39_40/Cam2012855/Frame_227739.jpg,/mmfs1/gscratch/portia/eabe/data/Johnson_lab/red_data/red_data_unified_V3/train/2026_04_08_14_59_45/Cam2012855/Frame_227739.jpg,Antenna_Base=23.19px; T2L_TaT3=7.28px; T2R_TaT3=6.40px; T3L_TaT3=6.08px; T3R_TaT3=6.08px,,,
23.087,14.296,3.109,1.0,26,50,c33a740e57ce8a0262f814ef7421be17,1.0,2026_03_09_14_39_40,2026_04_08_14_59_45,Cam2012631,227753,9663,16800,0,1,unknown,unknown,general_model/courtship_V2/train,red_data_unified_V3/train,train,train,train,/mmfs1/gscratch/portia/eabe/data/Johnson_lab/red_data/general_model/courtship_V2/train/2026_03_09_14_39_40/Cam2012631/Frame_227753.jpg,/mmfs1/gscratch/portia/eabe/data/Johnson_lab/red_data/red_data_unified_V3/train/2026_04_08_14_59_45/Cam2012631/Frame_227753.jpg,Antenna_Base=23.09px; T2R_Tro=18.68px; Scutellum=15.23px; T2L_TaT1=13.15px; T3L_FeTi=11.00px,,,
23.087,11.981,2.458,0.0,16,50,61c7917e163b2a68adfd27fb34aed6f8,1.0,2026_03_09_14_39_40,2026_04_08_14_59_45,Cam2012630,149634,8948,16159,0,1,unknown,unknown,general_model/courtship_V2/train,red_data_unified_V3/train,train,train,train,/mmfs1/gscratch/portia/eabe/data/Johnson_lab/red_data/general_model/courtship_V2/train/2026_03_09_14_39_40/Cam2012630/Frame_149634.jpg,/mmfs1/gscratch/portia/eabe/data/Johnson_lab/red_data/red_data_unified_V3/train/2026_04_08_14_59_45/Cam2012630/Frame_149634.jpg,T1R_Tro=23.09px; T1L_Tro=20.10px; T2R_Tro=13.60px; Scutellum=10.00px; T3R_TaT3=8.94px,,,
23.022,8.41,2.203,0.0,24,50,307da13c0a5870f93598ca8d7857d8a2,0.9981,2026_03_09_14_39_40,2026_04_07_11_33_33,Cam2012855,415226,10590,15098,0,0,unknown,unknown,general_model/courtship_V2/train,red_data_unified_V3/val,train,val,val,/mmfs1/gscratch/portia/eabe/data/Johnson_lab/red_data/general_model/courtship_V2/train/2026_03_09_14_39_40/Cam2012855/Frame_415226.jpg,/mmfs1/gscratch/portia/eabe/data/Johnson_lab/red_data/red_data_unified_V3/val/2026_04_07_11_33_33/Cam2012855/Frame_415226.jpg,WingR_base=23.02px; T3L_TaT3=10.44px; WingL_base=8.54px; EyeL=8.25px; T2L_TaT3=7.28px,,,
23.022,9.952,2.332,0.0,21,50,a2528b6894097709d98098445e7ba12a,0.9761,2026_03_09_14_39_40,2026_04_08_14_59_45,Cam2012855,415201,10527,17832,0,1,unknown,unknown,general_model/courtship_V2/train,red_data_unified_V3/train,train,train,val,/mmfs1/gscratch/portia/eabe/data/Johnson_lab/red_data/general_model/courtship_V2/train/2026_03_09_14_39_40/Cam2012855/Frame_415201.jpg,/mmfs1/gscratch/portia/eabe/data/Johnson_lab/red_data/red_data_unified_V3/train/2026_04_08_14_59_45/Cam2012855/Frame_415201.jpg,WingR_base=23.02px; WingL_base=12.81px; T3L_TaT3=11.70px; Scutellum=7.81px; T1L_TaT3=7.28px,,,
23.022,14.1,2.789,0.0,19,50,c0e03aa35758b18b954c81b380b82720,0.9978,2026_03_09_14_39_40,2026_04_08_14_59_45,Cam2012630,149644,8962,16187,0,1,unknown,unknown,general_model/courtship_V2/train,red_data_unified_V3/train,train,train,train,/mmfs1/gscratch/portia/eabe/data/Johnson_lab/red_data/general_model/courtship_V2/train/2026_03_09_14_39_40/Cam2012630/Frame_149644.jpg,/mmfs1/gscratch/portia/eabe/data/Johnson_lab/red_data/red_data_unified_V3/train/2026_04_08_14_59_45/Cam2012630/Frame_149644.jpg,T2L_Tro=23.02px; T1R_Tro=22.09px; T3L_TaT3=15.00px; Scutellum=13.00px; T3L_Tro=12.65px,,,
22.847,9.434,3.104,1.414,28,50,c67074c2f2f914c188bf47f880a3f26d,0.9706,2026_03_09_14_39_40,2026_04_08_14_59_45,Cam2012861,415225,10585,17930,0,1,unknown,unknown,general_model/courtship_V2/val,red_data_unified_V3/train,train,train,val,/mmfs1/gscratch/portia/eabe/data/Johnson_lab/red_data/general_model/courtship_V2/val/2026_03_09_14_39_40/Cam2012861/Frame_415225.jpg,/mmfs1/gscratch/portia/eabe/data/Johnson_lab/red_data/red_data_unified_V3/train/2026_04_08_14_59_45/Cam2012861/Frame_415225.jpg,WingR_base=22.85px; WingL_base=17.12px; EyeL=9.43px; T1R_TaT3=9.43px; T3L_TaT3=8.25px,,,
22.847,8.916,2.538,0.5,25,50,f95382269ab99193853c1dd5789eef70,0.9729,2026_03_09_14_39_40,2026_04_07_11_33_33,Cam2012853,415199,10519,15084,0,0,unknown,unknown,general_model/courtship_V2/train,red_data_unified_V3/val,train,val,val,/mmfs1/gscratch/portia/eabe/data/Johnson_lab/red_data/general_model/courtship_V2/train/2026_03_09_14_39_40/Cam2012853/Frame_415199.jpg,/mmfs1/gscratch/portia/eabe/data/Johnson_lab/red_data/red_data_unified_V3/val/2026_04_07_11_33_33/Cam2012853/Frame_415199.jpg,WingR_base=22.85px; T3L_TaT3=10.82px; T2R_TaT1=9.22px; Scutellum=8.54px; T1L_TaT3=7.81px,,,
22.825,8.359,2.466,1.0,29,50,767042f8a244c640688c410098a64b51,0.9921,2026_03_09_14_39_40,2026_04_08_14_59_45,Cam2012630,415214,10552,17869,0,1,unknown,unknown,general_model/courtship_V2/train,red_data_unified_V3/train,train,train,val,/mmfs1/gscratch/portia/eabe/data/Johnson_lab/red_data/general_model/courtship_V2/train/2026_03_09_14_39_40/Cam2012630/Frame_415214.jpg,/mmfs1/gscratch/portia/eabe/data/Johnson_lab/red_data/red_data_unified_V3/train/2026_04_08_14_59_45/Cam2012630/Frame_415214.jpg,WingR_base=22.83px; T3L_TaT3=10.30px; WingL_base=8.60px; T2R_TaT3=8.06px; T1R_TaT3=7.28px,,,
22.804,9.968,2.57,0.0,20,50,0344c23e1ffc3a2bacbf0e4ee0a84486,0.9479,2026_03_09_14_39_40,2026_04_08_14_59_45,Cam2012861,415201,10529,17834,0,1,unknown,unknown,general_model/courtship_V2/train,red_data_unified_V3/train,train,train,val,/mmfs1/gscratch/portia/eabe/data/Johnson_lab/red_data/general_model/courtship_V2/train/2026_03_09_14_39_40/Cam2012861/Frame_415201.jpg,/mmfs1/gscratch/portia/eabe/data/Johnson_lab/red_data/red_data_unified_V3/train/2026_04_08_14_59_45/Cam2012861/Frame_415201.jpg,WingR_base=22.80px; WingL_base=13.45px; T3L_TaT3=11.18px; Abd_A4=8.49px; Scutellum=7.81px,,,
22.561,17.565,6.546,5.099,50,50,8bf6bd5e16f2dc25c161e4de7676e13a,0.9542,2026_03_09_14_39_40,2026_04_08_14_59_45,Cam2012853,149848,9279,16558,0,1,unknown,unknown,general_model/courtship_V2/train,red_data_unified_V3/train,train,train,train,/mmfs1/gscratch/portia/eabe/data/Johnson_lab/red_data/general_model/courtship_V2/train/2026_03_09_14_39_40/Cam2012853/Frame_149848.jpg,/mmfs1/gscratch/portia/eabe/data/Johnson_lab/red_data/red_data_unified_V3/train/2026_04_08_14_59_45/Cam2012853/Frame_149848.jpg,T2R_FeTi=22.56px; T3L_Tro=19.00px; T2L_Tro=18.03px; T1L_Tro=17.00px; EyeL=13.89px,,,
22.561,10.562,2.77,1.414,33,50,a200cc933fdf264bec9b23ba55e3766e,0.9937,2026_03_09_14_39_40,2026_04_07_11_33_33,Cam2012630,94158,7769,14754,0,0,unknown,unknown,general_model/courtship_V2/train,red_data_unified_V3/val,train,val,train,/mmfs1/gscratch/portia/eabe/data/Johnson_lab/red_data/general_model/courtship_V2/train/2026_03_09_14_39_40/Cam2012630/Frame_94158.jpg,/mmfs1/gscratch/portia/eabe/data/Johnson_lab/red_data/red_data_unified_V3/val/2026_04_07_11_33_33/Cam2012630/Frame_94158.jpg,T1L_Tro=22.56px; T2L_Tro=12.37px; T3L_Tro=12.17px; T2R_Tro=8.60px; T1R_ThxCx=7.00px,,,
22.472,8.63,2.726,1.207,28,50,2324699156223bef3cb800cc3421ab74,0.9859,2026_03_09_14_39_40,2026_04_08_14_59_45,Cam2012855,415225,10583,17928,0,1,unknown,unknown,general_model/courtship_V2/val,red_data_unified_V3/train,train,train,val,/mmfs1/gscratch/portia/eabe/data/Johnson_lab/red_data/general_model/courtship_V2/val/2026_03_09_14_39_40/Cam2012855/Frame_415225.jpg,/mmfs1/gscratch/portia/eabe/data/Johnson_lab/red_data/red_data_unified_V3/train/2026_04_08_14_59_45/Cam2012855/Frame_415225.jpg,WingR_base=22.47px; WingL_base=14.14px; T3L_TaT3=8.94px; EyeL=8.25px; T2L_TaT3=7.62px,,,
22.472,9.033,2.992,1.414,28,50,f772ee74a39514db56e96ca335e3dea6,0.9708,2026_03_09_14_39_40,2026_04_08_14_59_45,Cam2012857,415225,10584,17929,0,1,unknown,unknown,general_model/courtship_V2/val,red_data_unified_V3/train,train,train,val,/mmfs1/gscratch/portia/eabe/data/Johnson_lab/red_data/general_model/courtship_V2/val/2026_03_09_14_39_40/Cam2012857/Frame_415225.jpg,/mmfs1/gscratch/portia/eabe/data/Johnson_lab/red_data/red_data_unified_V3/train/2026_04_08_14_59_45/Cam2012857/Frame_415225.jpg,WingR_base=22.47px; WingL_base=17.12px; EyeL=9.43px; T3L_TaT3=8.54px; T1R_TaT3=8.06px,,,
22.361,17.439,3.923,2.0,35,50,0757cd4615147d272d61514214288edc,0.9897,2026_03_09_14_39_40,2026_04_08_14_59_45,Cam2012630,415151,10405,17682,0,1,unknown,unknown,general_model/courtship_V2/train,red_data_unified_V3/train,train,train,val,/mmfs1/gscratch/portia/eabe/data/Johnson_lab/red_data/general_model/courtship_V2/train/2026_03_09_14_39_40/Cam2012630/Frame_415151.jpg,/mmfs1/gscratch/portia/eabe/data/Johnson_lab/red_data/red_data_unified_V3/train/2026_04_08_14_59_45/Cam2012630/Frame_415151.jpg,T2L_Tro=22.36px; T3L_Tro=21.21px; T3R_Tro=20.22px; T1L_Tro=14.04px; T3R_TaT3=9.22px,,,
22.361,14.667,3.357,0.0,22,50,8c82b1de27375e9c47924610db919d64,0.9997,2026_03_09_14_39_40,2026_04_08_14_59_45,Cam2012857,149436,8644,15652,0,1,unknown,unknown,general_model/courtship_V2/train,red_data_unified_V3/train,train,train,train,/mmfs1/gscratch/portia/eabe/data/Johnson_lab/red_data/general_model/courtship_V2/train/2026_03_09_14_39_40/Cam2012857/Frame_149436.jpg,/mmfs1/gscratch/portia/eabe/data/Johnson_lab/red_data/red_data_unified_V3/train/2026_04_08_14_59_45/Cam2012857/Frame_149436.jpg,T1L_ThxCx=22.36px; T3L_Tro=20.22px; T1R_ThxCx=16.03px; T3R_Tro=13.00px; T1L_Tro=11.40px,,,
22.361,14.667,3.327,0.0,22,50,b5d7dc53849816e73e992dc8518d1246,0.9998,2026_03_09_14_39_40,2026_04_08_14_59_45,Cam2012861,149436,8645,15653,0,1,unknown,unknown,general_model/courtship_V2/train,red_data_unified_V3/train,train,train,train,/mmfs1/gscratch/portia/eabe/data/Johnson_lab/red_data/general_model/courtship_V2/train/2026_03_09_14_39_40/Cam2012861/Frame_149436.jpg,/mmfs1/gscratch/portia/eabe/data/Johnson_lab/red_data/red_data_unified_V3/train/2026_04_08_14_59_45/Cam2012861/Frame_149436.jpg,T1L_ThxCx=22.36px; T3L_Tro=20.22px; T1R_ThxCx=16.03px; T3R_Tro=13.00px; T1L_Tro=11.40px,,,
22.361,5.769,1.359,0.0,14,50,376fbe28d0de11afd968514d45f98b1a,0.9971,2026_03_09_14_39_40,2026_04_08_14_59_45,Cam2012861,227895,9772,17062,0,1,unknown,unknown,general_model/courtship_V2/train,red_data_unified_V3/train,train,train,train,/mmfs1/gscratch/portia/eabe/data/Johnson_lab/red_data/general_model/courtship_V2/train/2026_03_09_14_39_40/Cam2012861/Frame_227895.jpg,/mmfs1/gscratch/portia/eabe/data/Johnson_lab/red_data/red_data_unified_V3/train/2026_04_08_14_59_45/Cam2012861/Frame_227895.jpg,Antenna_Base=22.36px; T3L_TaT3=8.54px; T1L_TaT3=6.08px; T3R_TaT3=5.39px; Scutellum=5.10px,,,
22.361,12.757,1.818,0.0,10,50,7d1596d3c3098ea116510e26b55092fd,1.0,2026_03_09_14_39_40,2026_04_08_14_59_45,Cam2012857,149560,8840,15995,0,1,unknown,unknown,general_model/courtship_V2/train,red_data_unified_V3/train,train,train,train,/mmfs1/gscratch/portia/eabe/data/Johnson_lab/red_data/general_model/courtship_V2/train/2026_03_09_14_39_40/Cam2012857/Frame_149560.jpg,/mmfs1/gscratch/portia/eabe/data/Johnson_lab/red_data/red_data_unified_V3/train/2026_04_08_14_59_45/Cam2012857/Frame_149560.jpg,WingL_base=22.36px; Scutellum=14.76px; T3L_TaT3=13.34px; WingR_base=12.04px; T2R_TaT3=7.21px,,,
22.204,10.917,2.563,0.0,20,50,7e32d36e8282bbf132921a914353fe80,0.9984,2026_03_09_14_39_40,2026_04_08_14_59_45,Cam2012855,149401,8592,15581,0,1,unknown,unknown,general_model/courtship_V2/train,red_data_unified_V3/train,train,train,train,/mmfs1/gscratch/portia/eabe/data/Johnson_lab/red_data/general_model/courtship_V2/train/2026_03_09_14_39_40/Cam2012855/Frame_149401.jpg,/mmfs1/gscratch/portia/eabe/data/Johnson_lab/red_data/red_data_unified_V3/train/2026_04_08_14_59_45/Cam2012855/Frame_149401.jpg,T2L_Tro=22.20px; T2R_Tro=17.12px; Scutellum=13.89px; T3R_FeTi=7.28px; EyeL=7.21px,,,
22.204,10.142,2.667,0.0,20,50,f7f475b122f09ce117f9b019a76e3e2e,0.9482,2026_03_09_14_39_40,2026_04_08_14_59_45,Cam2012857,415201,10528,17833,0,1,unknown,unknown,general_model/courtship_V2/train,red_data_unified_V3/train,train,train,val,/mmfs1/gscratch/portia/eabe/data/Johnson_lab/red_data/general_model/courtship_V2/train/2026_03_09_14_39_40/Cam2012857/Frame_415201.jpg,/mmfs1/gscratch/portia/eabe/data/Johnson_lab/red_data/red_data_unified_V3/train/2026_04_08_14_59_45/Cam2012857/Frame_415201.jpg,WingR_base=22.20px; WingL_base=13.45px; T3L_TaT3=11.40px; Abd_A4=8.60px; Scutellum=7.81px,,,
22.204,18.246,2.708,0.0,15,50,c85d03660bf1c4448a5a68bf46aa75ea,0.9979,2026_03_09_14_39_40,2026_04_08_14_59_45,Cam2012630,149464,8682,15725,0,1,unknown,unknown,general_model/courtship_V2/train,red_data_unified_V3/train,train,train,train,/mmfs1/gscratch/portia/eabe/data/Johnson_lab/red_data/general_model/courtship_V2/train/2026_03_09_14_39_40/Cam2012630/Frame_149464.jpg,/mmfs1/gscratch/portia/eabe/data/Johnson_lab/red_data/red_data_unified_V3/train/2026_04_08_14_59_45/Cam2012630/Frame_149464.jpg,T2L_Tro=22.20px; T3R_Tro=21.19px; T3L_Tro=21.10px; T1R_Tro=14.76px; WingL_base=9.90px,,,
22.204,5.64,1.3,0.0,14,50,7f9449ed73c628a1d9622ad5f2245435,0.9966,2026_03_09_14_39_40,2026_04_08_14_59_45,Cam2012857,227895,9771,17061,0,1,unknown,unknown,general_model/courtship_V2/train,red_data_unified_V3/train,train,train,train,/mmfs1/gscratch/portia/eabe/data/Johnson_lab/red_data/general_model/courtship_V2/train/2026_03_09_14_39_40/Cam2012857/Frame_227895.jpg,/mmfs1/gscratch/portia/eabe/data/Johnson_lab/red_data/red_data_unified_V3/train/2026_04_08_14_59_45/Cam2012857/Frame_227895.jpg,Antenna_Base=22.20px; T3L_TaT3=8.25px; T1L_TaT3=6.08px; Scutellum=5.10px; T1R_TaT3=4.47px,,,
22.136,7.795,1.584,0.0,14,50,fb4a7a6d166be85f4a9a692f57a752d0,1.0,2026_03_09_14_39_40,2026_04_08_14_59_45,Cam2012630,149572,8857,16033,0,1,unknown,unknown,general_model/courtship_V2/val,red_data_unified_V3/train,train,train,train,/mmfs1/gscratch/portia/eabe/data/Johnson_lab/red_data/general_model/courtship_V2/val/2026_03_09_14_39_40/Cam2012630/Frame_149572.jpg,/mmfs1/gscratch/portia/eabe/data/Johnson_lab/red_data/red_data_unified_V3/train/2026_04_08_14_59_45/Cam2012630/Frame_149572.jpg,T3R_Tro=22.14px; T2R_Tro=20.02px; T1R_TiTa=10.00px; T2R_TaT3=5.10px; T1R_TaT1=5.00px,,,
22.091,17.06,3.051,0.0,19,50,3fdb795d8760737e9add3b3d78859bc0,0.9964,2026_03_09_14_39_40,2026_04_08_14_59_45,Cam2012631,149644,8963,16188,0,1,unknown,unknown,general_model/courtship_V2/train,red_data_unified_V3/train,train,train,train,/mmfs1/gscratch/portia/eabe/data/Johnson_lab/red_data/general_model/courtship_V2/train/2026_03_09_14_39_40/Cam2012631/Frame_149644.jpg,/mmfs1/gscratch/portia/eabe/data/Johnson_lab/red_data/red_data_unified_V3/train/2026_04_08_14_59_45/Cam2012631/Frame_149644.jpg,T1R_Tro=22.09px; Scutellum=20.81px; T2R_Tro=19.10px; T3R_Tro=14.56px; Abd_A4=10.05px,,,
22.023,14.012,3.724,2.236,39,50,d7a8b68b73422deb96d1c75cb9fcae20,0.9985,2026_03_09_14_39_40,2026_04_08_14_59_45,Cam2012862,94144,7747,15276,0,1,unknown,unknown,general_model/courtship_V2/train,red_data_unified_V3/train,train,train,train,/mmfs1/gscratch/portia/eabe/data/Johnson_lab/red_data/general_model/courtship_V2/train/2026_03_09_14_39_40/Cam2012862/Frame_94144.jpg,/mmfs1/gscratch/portia/eabe/data/Johnson_lab/red_data/red_data_unified_V3/train/2026_04_08_14_59_45/Cam2012862/Frame_94144.jpg,T3L_Tro=22.02px; T1L_Tro=18.44px; T2L_Tro=14.56px; T1L_ThxCx=13.34px; Scutellum=8.94px,,,
22.023,10.557,3.796,2.236,31,50,2955482bd3a30e69750263a978a34f7b,0.9919,2026_03_09_14_39_40,2026_04_08_14_59_45,Cam2012853,227772,9699,16837,0,1,unknown,unknown,general_model/courtship_V2/train,red_data_unified_V3/train,train,train,train,/mmfs1/gscratch/portia/eabe/data/Johnson_lab/red_data/general_model/courtship_V2/train/2026_03_09_14_39_40/Cam2012853/Frame_227772.jpg,/mmfs1/gscratch/portia/eabe/data/Johnson_lab/red_data/red_data_unified_V3/train/2026_04_08_14_59_45/Cam2012853/Frame_227772.jpg,T3R_Tro=22.02px; T2R_TaT3=13.89px; T3L_Tro=10.77px; T1L_Tro=10.30px; T1L_FeTi=10.20px,,,
22.023,10.174,2.342,0.0,17,50,97afc510fba4c0e62964a94f0ba8780c,1.0,2026_03_09_14_39_40,2026_04_08_14_59_45,Cam2012631,149431,8634,15635,0,1,unknown,unknown,general_model/courtship_V2/train,red_data_unified_V3/train,train,train,train,/mmfs1/gscratch/portia/eabe/data/Johnson_lab/red_data/general_model/courtship_V2/train/2026_03_09_14_39_40/Cam2012631/Frame_149431.jpg,/mmfs1/gscratch/portia/eabe/data/Johnson_lab/red_data/red_data_unified_V3/train/2026_04_08_14_59_45/Cam2012631/Frame_149431.jpg,T3R_Tro=22.02px; T1R_Tro=16.49px; Scutellum=11.18px; T3L_Tro=8.94px; WingL_base=7.21px,,,
22.023,6.403,1.037,0.0,6,50,f7acc1a06b7c4d200b328032929d511e,1.0,2026_03_09_14_39_40,2026_04_08_14_59_45,Cam2012855,227861,9721,17018,0,1,unknown,unknown,general_model/courtship_V2/train,red_data_unified_V3/train,train,train,train,/mmfs1/gscratch/portia/eabe/data/Johnson_lab/red_data/general_model/courtship_V2/train/2026_03_09_14_39_40/Cam2012855/Frame_227861.jpg,/mmfs1/gscratch/portia/eabe/data/Johnson_lab/red_data/red_data_unified_V3/train/2026_04_08_14_59_45/Cam2012855/Frame_227861.jpg,Antenna_Base=22.02px; T2L_TaT3=7.07px; T3L_TaT3=6.40px; T3R_TaT3=6.40px; T1R_TaT3=6.32px,,,
21.954,12.611,3.421,2.118,28,50,4f603fc800dd937e943674aa6f822b6e,0.9684,2026_03_09_14_39_40,2026_04_08_14_59_45,Cam2012855,227764,9686,16814,0,1,unknown,unknown,general_model/courtship_V2/val,red_data_unified_V3/train,train,train,train,/mmfs1/gscratch/portia/eabe/data/Johnson_lab/red_data/general_model/courtship_V2/val/2026_03_09_14_39_40/Cam2012855/Frame_227764.jpg,/mmfs1/gscratch/portia/eabe/data/Johnson_lab/red_data/red_data_unified_V3/train/2026_04_08_14_59_45/Cam2012855/Frame_227764.jpg,Scutellum=21.95px; T3L_Tro=17.03px; T1L_Tro=13.93px; T3R_Tro=11.00px; T1R_Tro=9.85px,,,
21.954,6.427,1.455,0.0,10,50,bb04c5d208f3747434c8fe62820431de,0.9827,2026_03_09_14_39_40,2026_04_08_14_59_45,Cam2012630,149778,9186,16414,0,1,unknown,unknown,general_model/courtship_V2/train,red_data_unified_V3/train,train,train,train,/mmfs1/gscratch/portia/eabe/data/Johnson_lab/red_data/general_model/courtship_V2/train/2026_03_09_14_39_40/Cam2012630/Frame_149778.jpg,/mmfs1/gscratch/portia/eabe/data/Johnson_lab/red_data/red_data_unified_V3/train/2026_04_08_14_59_45/Cam2012630/Frame_149778.jpg,T2L_TaT3=21.95px; T3L_TaT3=14.87px; T3R_TaT3=6.71px; T1R_ThxCx=6.08px; T1L_TaT3=5.39px,,,
21.932,5.124,1.408,0.0,19,50,83fe53eed7e7c0af5566ba0d64f56ebc,0.9882,2026_03_09_14_39_40,2026_04_08_14_59_45,Cam2012855,415237,10632,17998,0,1,unknown,unknown,general_model/courtship_V2/train,red_data_unified_V3/train,train,train,val,/mmfs1/gscratch/portia/eabe/data/Johnson_lab/red_data/general_model/courtship_V2/train/2026_03_09_14_39_40/Cam2012855/Frame_415237.jpg,/mmfs1/gscratch/portia/eabe/data/Johnson_lab/red_data/red_data_unified_V3/train/2026_04_08_14_59_45/Cam2012855/Frame_415237.jpg,WingR_base=21.93px; T3R_TaT3=7.28px; T3L_TaT3=5.66px; T1R_TaT3=4.47px; T2L_TaT3=4.24px,,,
21.932,9.797,1.847,0.0,16,50,35ff812bb38717bcf5421caf329838b0,0.998,2026_03_09_14_39_40,2026_04_08_14_59_45,Cam2012630,149584,8878,16061,0,1,unknown,unknown,general_model/courtship_V2/train,red_data_unified_V3/train,train,train,train,/mmfs1/gscratch/portia/eabe/data/Johnson_lab/red_data/general_model/courtship_V2/train/2026_03_09_14_39_40/Cam2012630/Frame_149584.jpg,/mmfs1/gscratch/portia/eabe/data/Johnson_lab/red_data/red_data_unified_V3/train/2026_04_08_14_59_45/Cam2012630/Frame_149584.jpg,T3R_Tro=21.93px; T3L_TaT3=11.18px; Scutellum=10.05px; T2L_TaT3=9.49px; WingL_base=7.07px,,,
21.932,12.738,1.835,0.0,10,50,f3e0c2830d108f1f36c118d55db5acbf,1.0,2026_03_09_14_39_40,2026_04_08_14_59_45,Cam2012861,149560,8841,15996,0,1,unknown,unknown,general_model/courtship_V2/train,red_data_unified_V3/train,train,train,train,/mmfs1/gscratch/portia/eabe/data/Johnson_lab/red_data/general_model/courtship_V2/train/2026_03_09_14_39_40/Cam2012861/Frame_149560.jpg,/mmfs1/gscratch/portia/eabe/data/Johnson_lab/red_data/red_data_unified_V3/train/2026_04_08_14_59_45/Cam2012861/Frame_149560.jpg,WingL_base=21.93px; Scutellum=14.42px; T3L_TaT3=13.34px; WingR_base=12.00px; T2R_TaT3=7.21px,,,
21.84,8.79,2.587,1.0,30,50,9bcc6d35ebc26e532d78135bc3c404de,0.9895,2026_03_09_14_39_40,2026_04_08_14_59_45,Cam2012630,94187,7790,15361,0,1,unknown,unknown,general_model/courtship_V2/train,red_data_unified_V3/train,train,train,train,/mmfs1/gscratch/portia/eabe/data/Johnson_lab/red_data/general_model/courtship_V2/train/2026_03_09_14_39_40/Cam2012630/Frame_94187.jpg,/mmfs1/gscratch/portia/eabe/data/Johnson_lab/red_data/red_data_unified_V3/train/2026_04_08_14_59_45/Cam2012630/Frame_94187.jpg,T2L_Tro=21.84px; T1L_ThxCx=12.00px; T3L_Tro=8.94px; T1L_TaT3=8.60px; T1L_Tro=7.62px,,,
21.84,7.281,1.524,0.0,14,50,474f7d44938a3cd70f5aaa2b481e5bfb,0.9998,2026_03_09_14_39_40,2026_04_08_14_59_45,Cam2012630,149782,9193,16426,0,1,unknown,unknown,general_model/courtship_V2/val,red_data_unified_V3/train,train,train,train,/mmfs1/gscratch/portia/eabe/data/Johnson_lab/red_data/general_model/courtship_V2/val/2026_03_09_14_39_40/Cam2012630/Frame_149782.jpg,/mmfs1/gscratch/portia/eabe/data/Johnson_lab/red_data/red_data_unified_V3/train/2026_04_08_14_59_45/Cam2012630/Frame_149782.jpg,T2L_TaT3=21.84px; T2R_Tro=8.25px; T3L_TaT3=8.00px; T1L_TaT1=6.40px; T1R_TaT3=5.00px,,,
21.84,7.718,1.253,0.0,6,50,1fe09fbd132a46249a9e37c89e6c59c9,1.0,2026_03_09_14_39_40,2026_04_07_11_33_33,Cam2012630,149798,9200,14882,0,0,unknown,unknown,general_model/courtship_V2/val,red_data_unified_V3/val,train,val,train,/mmfs1/gscratch/portia/eabe/data/Johnson_lab/red_data/general_model/courtship_V2/val/2026_03_09_14_39_40/Cam2012630/Frame_149798.jpg,/mmfs1/gscratch/portia/eabe/data/Johnson_lab/red_data/red_data_unified_V3/val/2026_04_07_11_33_33/Cam2012630/Frame_149798.jpg,T2R_Tro=21.84px; T3R_Tro=17.20px; T1R_ThxCx=8.54px; T1R_Tro=6.71px; Scutellum=4.24px,,,
21.84,18.872,1.934,0.0,5,50,a065cde75e98666dd706c94bdd12c85c,1.0,2026_03_09_14_39_40,2026_04_08_14_59_45,Cam2012861,149654,8981,16220,0,1,unknown,unknown,general_model/courtship_V2/train,red_data_unified_V3/train,train,train,train,/mmfs1/gscratch/portia/eabe/data/Johnson_lab/red_data/general_model/courtship_V2/train/2026_03_09_14_39_40/Cam2012861/Frame_149654.jpg,/mmfs1/gscratch/portia/eabe/data/Johnson_lab/red_data/red_data_unified_V3/train/2026_04_08_14_59_45/Cam2012861/Frame_149654.jpg,T3R_Tro=21.84px; T1R_Tro=20.88px; T2R_Tro=20.00px; Scutellum=17.49px; T1R_ThxCx=16.49px,,,
21.587,9.566,2.054,0.0,17,50,389ecc636fc0ea3d06f1c2518f731bcc,1.0,2026_03_09_14_39_40,2026_04_08_14_59_45,Cam2012857,149431,8637,15638,0,1,unknown,unknown,general_model/courtship_V2/train,red_data_unified_V3/train,train,train,train,/mmfs1/gscratch/portia/eabe/data/Johnson_lab/red_data/general_model/courtship_V2/train/2026_03_09_14_39_40/Cam2012857/Frame_149431.jpg,/mmfs1/gscratch/portia/eabe/data/Johnson_lab/red_data/red_data_unified_V3/train/2026_04_08_14_59_45/Cam2012857/Frame_149431.jpg,T3L_Tro=21.59px; T3R_Tro=12.04px; T1R_Tro=9.85px; Scutellum=9.22px; T1R_ThxCx=8.25px,,,
21.587,11.323,2.152,0.0,15,50,2302078df631e6a2d98fbba5cc159aa9,0.9999,2026_03_09_14_39_40,2026_04_08_14_59_45,Cam2012630,149720,9081,16328,0,1,unknown,unknown,general_model/courtship_V2/train,red_data_unified_V3/train,train,train,train,/mmfs1/gscratch/portia/eabe/data/Johnson_lab/red_data/general_model/courtship_V2/train/2026_03_09_14_39_40/Cam2012630/Frame_149720.jpg,/mmfs1/gscratch/portia/eabe/data/Johnson_lab/red_data/red_data_unified_V3/train/2026_04_08_14_59_45/Cam2012630/Frame_149720.jpg,T2L_TaT3=21.59px; T1R_TaT3=13.45px; T3L_TaT3=12.53px; T1L_TaT3=9.85px; T2L_TaT1=9.49px,,,
21.587,13.827,2.161,0.0,15,50,65552b7c729cc05378c111f2e992824e,1.0,2026_03_09_14_39_40,2026_04_07_11_33_33,Cam2012630,149750,9137,14870,0,0,unknown,unknown,general_model/courtship_V2/train,red_data_unified_V3/val,train,val,train,/mmfs1/gscratch/portia/eabe/data/Johnson_lab/red_data/general_model/courtship_V2/train/2026_03_09_14_39_40/Cam2012630/Frame_149750.jpg,/mmfs1/gscratch/portia/eabe/data/Johnson_lab/red_data/red_data_unified_V3/val/2026_04_07_11_33_33/Cam2012630/Frame_149750.jpg,T2R_TaT1=21.59px; T1L_Tro=16.00px; T3L_TaT3=15.81px; T2R_TaT3=11.40px; T1R_TaT3=9.22px,,,
21.587,18.742,1.929,0.0,5,50,f67ea0091268360880e168aa019a24db,1.0,2026_03_09_14_39_40,2026_04_08_14_59_45,Cam2012857,149654,8980,16219,0,1,unknown,unknown,general_model/courtship_V2/train,red_data_unified_V3/train,train,train,train,/mmfs1/gscratch/portia/eabe/data/Johnson_lab/red_data/general_model/courtship_V2/train/2026_03_09_14_39_40/Cam2012857/Frame_149654.jpg,/mmfs1/gscratch/portia/eabe/data/Johnson_lab/red_data/red_data_unified_V3/train/2026_04_08_14_59_45/Cam2012857/Frame_149654.jpg,T3R_Tro=21.59px; T1R_Tro=21.19px; T2R_Tro=20.00px; Scutellum=17.20px; T1R_ThxCx=16.49px,,,
21.541,16.538,7.034,5.521,49,50,f5ba04f8c7f3443231cb09704cb8b329,0.9439,2026_03_09_14_39_40,2026_04_08_14_59_45,Cam2012855,149848,9280,16559,0,1,unknown,unknown,general_model/courtship_V2/train,red_data_unified_V3/train,train,train,train,/mmfs1/gscratch/portia/eabe/data/Johnson_lab/red_data/general_model/courtship_V2/train/2026_03_09_14_39_40/Cam2012855/Frame_149848.jpg,/mmfs1/gscratch/portia/eabe/data/Johnson_lab/red_data/red_data_unified_V3/train/2026_04_08_14_59_45/Cam2012855/Frame_149848.jpg,T3R_Tro=21.54px; T3L_Tro=20.00px; T2R_Tro=17.26px; EyeL=15.65px; Scutellum=14.04px,,,
21.541,9.566,2.164,0.0,16,50,aa401d8d8c541b709da0727d19ceeff1,1.0,2026_03_09_14_39_40,2026_04_08_14_59_45,Cam2012631,149417,8618,15593,0,1,unknown,unknown,general_model/courtship_V2/train,red_data_unified_V3/train,train,train,train,/mmfs1/gscratch/portia/eabe/data/Johnson_lab/red_data/general_model/courtship_V2/train/2026_03_09_14_39_40/Cam2012631/Frame_149417.jpg,/mmfs1/gscratch/portia/eabe/data/Johnson_lab/red_data/red_data_unified_V3/train/2026_04_08_14_59_45/Cam2012631/Frame_149417.jpg,Scutellum=21.54px; T1R_Tro=17.72px; T2R_Tro=9.85px; T3L_Tro=9.22px; T1R_TaT3=6.40px,,,
21.471,13.021,2.296,0.0,13,50,9b3892d57dd5075aab5fc67f7de731b9,1.0,2026_03_09_14_39_40,2026_04_08_14_59_45,Cam2012861,149444,8652,15674,0,1,unknown,unknown,general_model/courtship_V2/train,red_data_unified_V3/train,train,train,train,/mmfs1/gscratch/portia/eabe/data/Johnson_lab/red_data/general_model/courtship_V2/train/2026_03_09_14_39_40/Cam2012861/Frame_149444.jpg,/mmfs1/gscratch/portia/eabe/data/Johnson_lab/red_data/red_data_unified_V3/train/2026_04_08_14_59_45/Cam2012861/Frame_149444.jpg,Scutellum=21.47px; T1L_Tro=18.03px; WingL_base=13.04px; T2L_TiTa=13.00px; T1R_ThxCx=10.63px,,,
21.471,9.128,1.441,0.0,9,50,20e13b940b27a4ec964aff1ee7589894,1.0,2026_03_09_14_39_40,2026_04_08_14_59_45,Cam2012853,149560,8838,15993,0,1,unknown,unknown,general_model/courtship_V2/train,red_data_unified_V3/train,train,train,train,/mmfs1/gscratch/portia/eabe/data/Johnson_lab/red_data/general_model/courtship_V2/train/2026_03_09_14_39_40/Cam2012853/Frame_149560.jpg,/mmfs1/gscratch/portia/eabe/data/Johnson_lab/red_data/red_data_unified_V3/train/2026_04_08_14_59_45/Cam2012853/Frame_149560.jpg,WingL_base=21.47px; T3L_TaT3=13.42px; Scutellum=10.00px; T2R_TaT3=8.06px; WingR_base=7.07px,,,
21.401,9.346,2.691,1.207,32,50,9db87a1d64797d72cd49065101c22ece,0.9915,2026_03_09_14_39_40,2026_04_08_14_59_45,Cam2012853,415169,10442,17736,0,1,unknown,unknown,general_model/courtship_V2/train,red_data_unified_V3/train,train,train,val,/mmfs1/gscratch/portia/eabe/data/Johnson_lab/red_data/general_model/courtship_V2/train/2026_03_09_14_39_40/Cam2012853/Frame_415169.jpg,/mmfs1/gscratch/portia/eabe/data/Johnson_lab/red_data/red_data_unified_V3/train/2026_04_08_14_59_45/Cam2012853/Frame_415169.jpg,WingR_base=21.40px; T2R_TaT3=11.00px; T2L_TaT3=10.05px; T3L_TaT3=8.49px; T1L_ThxCx=8.06px,,,
21.378,10.572,2.872,1.0,30,50,70476f2b9877ceca5b2317efc6aa0018,0.9985,2026_03_09_14_39_40,2026_04_08_14_59_45,Cam2012630,94179,7776,15333,0,1,unknown,unknown,general_model/courtship_V2/train,red_data_unified_V3/train,train,train,train,/mmfs1/gscratch/portia/eabe/data/Johnson_lab/red_data/general_model/courtship_V2/train/2026_03_09_14_39_40/Cam2012630/Frame_94179.jpg,/mmfs1/gscratch/portia/eabe/data/Johnson_lab/red_data/red_data_unified_V3/train/2026_04_08_14_59_45/Cam2012630/Frame_94179.jpg,T2L_Tro=21.38px; T3L_Tro=16.03px; Scutellum=11.00px; T1R_Tro=10.05px; T3L_TaT3=8.49px,,,
21.378,18.438,4.03,0.707,25,50,92c16f0c6aa3f83f248ad0f9951ab074,1.0,2026_03_09_14_39_40,2026_04_08_14_59_45,Cam2012857,149460,8679,15715,0,1,unknown,unknown,general_model/courtship_V2/val,red_data_unified_V3/train,train,train,train,/mmfs1/gscratch/portia/eabe/data/Johnson_lab/red_data/general_model/courtship_V2/val/2026_03_09_14_39_40/Cam2012857/Frame_149460.jpg,/mmfs1/gscratch/portia/eabe/data/Johnson_lab/red_data/red_data_unified_V3/train/2026_04_08_14_59_45/Cam2012857/Frame_149460.jpg,Scutellum=21.38px; WingL_base=21.02px; T2L_Tro=19.24px; WingR_base=17.46px; T3R_Tro=15.26px,,,
21.378,9.566,2.116,0.0,17,50,aa3d86d49aa862e79c7cd1179f703311,1.0,2026_03_09_14_39_40,2026_04_08_14_59_45,Cam2012861,149431,8638,15639,0,1,unknown,unknown,general_model/courtship_V2/train,red_data_unified_V3/train,train,train,train,/mmfs1/gscratch/portia/eabe/data/Johnson_lab/red_data/general_model/courtship_V2/train/2026_03_09_14_39_40/Cam2012861/Frame_149431.jpg,/mmfs1/gscratch/portia/eabe/data/Johnson_lab/red_data/red_data_unified_V3/train/2026_04_08_14_59_45/Cam2012861/Frame_149431.jpg,T3L_Tro=21.38px; T3R_Tro=13.04px; T1R_Tro=9.85px; Scutellum=9.22px; T1R_ThxCx=8.25px,,,
21.378,11.284,2.358,0.0,16,50,91e730b7577a01cdc1bf119fb1019219,0.9942,2026_03_09_14_39_40,2026_04_08_14_59_45,Cam2012853,149720,9083,16329,0,1,unknown,unknown,general_model/courtship_V2/train,red_data_unified_V3/train,train,train,train,/mmfs1/gscratch/portia/eabe/data/Johnson_lab/red_data/general_model/courtship_V2/train/2026_03_09_14_39_40/Cam2012853/Frame_149720.jpg,/mmfs1/gscratch/portia/eabe/data/Johnson_lab/red_data/red_data_unified_V3/train/2026_04_08_14_59_45/Cam2012853/Frame_149720.jpg,T2L_TaT3=21.38px; T1R_TaT3=12.73px; T3L_TaT3=11.70px; T2L_TaT1=10.77px; T2R_TaT3=10.44px,,,
21.378,9.69,1.686,0.0,11,50,2ce923cc168b7f8377a9aa07a045fa65,1.0,2026_03_09_14_39_40,2026_04_07_11_33_33,Cam2012853,227727,9608,14949,0,0,unknown,unknown,general_model/courtship_V2/train,red_data_unified_V3/val,train,val,train,/mmfs1/gscratch/portia/eabe/data/Johnson_lab/red_data/general_model/courtship_V2/train/2026_03_09_14_39_40/Cam2012853/Frame_227727.jpg,/mmfs1/gscratch/portia/eabe/data/Johnson_lab/red_data/red_data_unified_V3/val/2026_04_07_11_33_33/Cam2012853/Frame_227727.jpg,Antenna_Base=21.38px; T2R_TaT3=13.15px; T3R_TaT3=9.90px; T1R_TaT3=9.43px; T2L_TaT3=9.06px,,,
21.26,9.438,2.225,0.0,21,50,1b12970848c7e2a74bc25f748d81c618,0.9934,2026_03_09_14_39_40,2026_04_08_14_59_45,Cam2012853,415201,10526,17831,0,1,unknown,unknown,general_model/courtship_V2/train,red_data_unified_V3/train,train,train,val,/mmfs1/gscratch/portia/eabe/data/Johnson_lab/red_data/general_model/courtship_V2/train/2026_03_09_14_39_40/Cam2012853/Frame_415201.jpg,/mmfs1/gscratch/portia/eabe/data/Johnson_lab/red_data/red_data_unified_V3/train/2026_04_08_14_59_45/Cam2012853/Frame_415201.jpg,WingR_base=21.26px; T3L_TaT3=12.53px; WingL_base=10.77px; T1L_TaT3=7.81px; Abd_A4=7.21px,,,
21.213,7.186,1.751,0.0,19,50,fe77f2d647ac224541c1fb4454a0246b,1.0,2026_03_09_14_39_40,2026_04_08_14_59_45,Cam2012631,227890,9761,17049,0,1,unknown,unknown,general_model/courtship_V2/val,red_data_unified_V3/train,train,train,train,/mmfs1/gscratch/portia/eabe/data/Johnson_lab/red_data/general_model/courtship_V2/val/2026_03_09_14_39_40/Cam2012631/Frame_227890.jpg,/mmfs1/gscratch/portia/eabe/data/Johnson_lab/red_data/red_data_unified_V3/train/2026_04_08_14_59_45/Cam2012631/Frame_227890.jpg,Antenna_Base=21.21px; EyeR=8.60px; Scutellum=7.28px; T1L_TaT3=7.07px; T1R_TaT3=6.40px,,,
21.213,5.891,1.337,0.0,19,50,97ed869e2c9d4fc01010780088f913f3,0.9919,2026_03_09_14_39_40,2026_04_08_14_59_45,Cam2012853,415237,10631,17997,0,1,unknown,unknown,general_model/courtship_V2/train,red_data_unified_V3/train,train,train,val,/mmfs1/gscratch/portia/eabe/data/Johnson_lab/red_data/general_model/courtship_V2/train/2026_03_09_14_39_40/Cam2012853/Frame_415237.jpg,/mmfs1/gscratch/portia/eabe/data/Johnson_lab/red_data/red_data_unified_V3/train/2026_04_08_14_59_45/Cam2012853/Frame_415237.jpg,WingR_base=21.21px; T3L_TaT3=6.40px; T3R_TaT3=6.08px; T2L_TaT3=5.66px; T2L_TaT1=4.12px,,,
21.213,17.04,3.118,0.0,15,50,d8bc77aace3f8c7572cebc16e88c07d2,1.0,2026_03_09_14_39_40,2026_04_08_14_59_45,Cam2012855,149596,8895,16078,0,1,unknown,unknown,general_model/courtship_V2/train,red_data_unified_V3/train,train,train,train,/mmfs1/gscratch/portia/eabe/data/Johnson_lab/red_data/general_model/courtship_V2/train/2026_03_09_14_39_40/Cam2012855/Frame_149596.jpg,/mmfs1/gscratch/portia/eabe/data/Johnson_lab/red_data/red_data_unified_V3/train/2026_04_08_14_59_45/Cam2012855/Frame_149596.jpg,T2R_Tro=21.21px; T2L_Tro=20.10px; Scutellum=18.68px; T1L_ThxCx=15.03px; T1L_Tro=11.18px,,,
21.095,12.375,3.071,1.0,34,50,7f4563e6ec2f856eb65f2a5368ac3af6,0.9932,2026_03_09_14_39_40,2026_04_08_14_59_45,Cam2012630,94154,7762,15319,0,1,unknown,unknown,general_model/courtship_V2/train,red_data_unified_V3/train,train,train,train,/mmfs1/gscratch/portia/eabe/data/Johnson_lab/red_data/general_model/courtship_V2/train/2026_03_09_14_39_40/Cam2012630/Frame_94154.jpg,/mmfs1/gscratch/portia/eabe/data/Johnson_lab/red_data/red_data_unified_V3/train/2026_04_08_14_59_45/Cam2012630/Frame_94154.jpg,T2L_Tro=21.10px; T3L_Tro=18.36px; T1L_Tro=14.32px; T2R_TaT3=10.00px; Scutellum=9.00px,,,
21.095,16.556,2.749,0.0,13,50,b99c41673ee306a3c68197463c8065e0,1.0,2026_03_09_14_39_40,2026_04_08_14_59_45,Cam2012855,149456,8671,15700,0,1,unknown,unknown,general_model/courtship_V2/train,red_data_unified_V3/train,train,train,train,/mmfs1/gscratch/portia/eabe/data/Johnson_lab/red_data/general_model/courtship_V2/train/2026_03_09_14_39_40/Cam2012855/Frame_149456.jpg,/mmfs1/gscratch/portia/eabe/data/Johnson_lab/red_data/red_data_unified_V3/train/2026_04_08_14_59_45/Cam2012855/Frame_149456.jpg,T3L_Tro=21.10px; T1L_FeTi=18.60px; T2R_Tro=17.72px; T2L_Tro=15.13px; WingL_base=13.93px,,,
21.095,16.068,2.762,0.0,13,50,c789e0006863faa7c7b96cee20c9ba8a,1.0,2026_03_09_14_39_40,2026_04_08_14_59_45,Cam2012861,149456,8673,15702,0,1,unknown,unknown,general_model/courtship_V2/train,red_data_unified_V3/train,train,train,train,/mmfs1/gscratch/portia/eabe/data/Johnson_lab/red_data/general_model/courtship_V2/train/2026_03_09_14_39_40/Cam2012861/Frame_149456.jpg,/mmfs1/gscratch/portia/eabe/data/Johnson_lab/red_data/red_data_unified_V3/train/2026_04_08_14_59_45/Cam2012861/Frame_149456.jpg,T1L_FeTi=21.10px; Scutellum=16.76px; T2L_Tro=16.28px; WingL_base=15.81px; T3L_Tro=14.32px,,,
21.095,6.427,1.307,0.0,12,50,121a4bd587f3683ddbe27bd4adfcec30,0.9916,2026_03_09_14_39_40,2026_04_08_14_59_45,Cam2012855,227915,9798,17080,0,1,unknown,unknown,general_model/courtship_V2/train,red_data_unified_V3/train,train,train,train,/mmfs1/gscratch/portia/eabe/data/Johnson_lab/red_data/general_model/courtship_V2/train/2026_03_09_14_39_40/Cam2012855/Frame_227915.jpg,/mmfs1/gscratch/portia/eabe/data/Johnson_lab/red_data/red_data_unified_V3/train/2026_04_08_14_59_45/Cam2012855/Frame_227915.jpg,Antenna_Base=21.10px; T2L_TaT3=7.28px; T3L_TaT3=6.71px; T3R_TaT3=6.08px; T1L_TaT3=5.66px,,,
21.024,18.438,4.012,0.707,25,50,2b35dac71ab3e156f39c4946cc05b077,0.9984,2026_03_09_14_39_40,2026_04_08_14_59_45,Cam2012861,149460,8680,15716,0,1,unknown,unknown,general_model/courtship_V2/val,red_data_unified_V3/train,train,train,train,/mmfs1/gscratch/portia/eabe/data/Johnson_lab/red_data/general_model/courtship_V2/val/2026_03_09_14_39_40/Cam2012861/Frame_149460.jpg,/mmfs1/gscratch/portia/eabe/data/Johnson_lab/red_data/red_data_unified_V3/train/2026_04_08_14_59_45/Cam2012861/Frame_149460.jpg,WingL_base=21.02px; Scutellum=20.62px; T2L_Tro=19.24px; WingR_base=17.46px; T3R_Tro=15.26px,,,
21.024,10.55,1.973,0.0,17,50,6d875a64bb92e6bd90533cb8a6e0e309,0.9992,2026_03_09_14_39_40,2026_04_08_14_59_45,Cam2012862,227768,9696,16829,0,1,unknown,unknown,general_model/courtship_V2/train,red_data_unified_V3/train,train,train,train,/mmfs1/gscratch/portia/eabe/data/Johnson_lab/red_data/general_model/courtship_V2/train/2026_03_09_14_39_40/Cam2012862/Frame_227768.jpg,/mmfs1/gscratch/portia/eabe/data/Johnson_lab/red_data/red_data_unified_V3/train/2026_04_08_14_59_45/Cam2012862/Frame_227768.jpg,T2L_Tro=21.02px; Scutellum=11.18px; T1R_Tro=11.00px; T1L_Tro=10.00px; T2R_TaT3=6.71px,,,
21.024,6.427,1.364,0.0,16,50,a4f5681f6ae66e2714683b02e7999798,0.9925,2026_03_09_14_39_40,2026_04_07_11_33_33,Cam2012862,227717,9577,14917,0,0,unknown,unknown,general_model/courtship_V2/train,red_data_unified_V3/val,train,val,train,/mmfs1/gscratch/portia/eabe/data/Johnson_lab/red_data/general_model/courtship_V2/train/2026_03_09_14_39_40/Cam2012862/Frame_227717.jpg,/mmfs1/gscratch/portia/eabe/data/Johnson_lab/red_data/red_data_unified_V3/val/2026_04_07_11_33_33/Cam2012862/Frame_227717.jpg,Antenna_Base=21.02px; T2R_TaT3=7.28px; T3R_TaT3=7.28px; Scutellum=5.39px; T1L_TaT3=5.00px,,,
21.024,12.788,2.252,0.0,13,50,ea4a099aeb223febc54994237340dd74,1.0,2026_03_09_14_39_40,2026_04_08_14_59_45,Cam2012857,149444,8651,15673,0,1,unknown,unknown,general_model/courtship_V2/train,red_data_unified_V3/train,train,train,train,/mmfs1/gscratch/portia/eabe/data/Johnson_lab/red_data/general_model/courtship_V2/train/2026_03_09_14_39_40/Cam2012857/Frame_149444.jpg,/mmfs1/gscratch/portia/eabe/data/Johnson_lab/red_data/red_data_unified_V3/train/2026_04_08_14_59_45/Cam2012857/Frame_149444.jpg,Scutellum=21.02px; T1L_Tro=18.03px; T2L_TiTa=13.00px; WingL_base=12.53px; T1R_ThxCx=9.90px,,,
21.0,10.064,2.107,0.0,17,50,de96d24c8cea59deab27d1484ba2d546,0.9978,2026_03_09_14_39_40,2026_04_08_14_59_45,Cam2012630,149754,9144,16354,0,1,unknown,unknown,general_model/courtship_V2/train,red_data_unified_V3/train,train,train,train,/mmfs1/gscratch/portia/eabe/data/Johnson_lab/red_data/general_model/courtship_V2/train/2026_03_09_14_39_40/Cam2012630/Frame_149754.jpg,/mmfs1/gscratch/portia/eabe/data/Johnson_lab/red_data/red_data_unified_V3/train/2026_04_08_14_59_45/Cam2012630/Frame_149754.jpg,T2R_TaT3=21.00px; T1R_TaT3=10.44px; T3L_TaT3=10.20px; T3R_TaT3=9.90px; T2L_TaT3=9.49px,,,
21.0,6.083,0.966,0.0,6,50,4dadcfd9cf5e1bf803769b28ac8627cc,1.0,2026_03_09_14_39_40,2026_04_08_14_59_45,Cam2012857,227861,9722,17019,0,1,unknown,unknown,general_model/courtship_V2/train,red_data_unified_V3/train,train,train,train,/mmfs1/gscratch/portia/eabe/data/Johnson_lab/red_data/general_model/courtship_V2/train/2026_03_09_14_39_40/Cam2012857/Frame_227861.jpg,/mmfs1/gscratch/portia/eabe/data/Johnson_lab/red_data/red_data_unified_V3/train/2026_04_08_14_59_45/Cam2012857/Frame_227861.jpg,Antenna_Base=21.00px; T3R_TaT3=6.32px; T2L_TaT3=6.08px; T1R_TaT3=6.08px; T3L_TaT3=5.66px,,,
21.0,6.083,0.975,0.0,6,50,5a1b240c8846296009bc004278e32264,1.0,2026_03_09_14_39_40,2026_04_08_14_59_45,Cam2012861,227861,9723,17020,0,1,unknown,unknown,general_model/courtship_V2/train,red_data_unified_V3/train,train,train,train,/mmfs1/gscratch/portia/eabe/data/Johnson_lab/red_data/general_model/courtship_V2/train/2026_03_09_14_39_40/Cam2012861/Frame_227861.jpg,/mmfs1/gscratch/portia/eabe/data/Johnson_lab/red_data/red_data_unified_V3/train/2026_04_08_14_59_45/Cam2012861/Frame_227861.jpg,Antenna_Base=21.00px; T3R_TaT3=6.32px; T2L_TaT3=6.08px; T1R_TaT3=6.08px; T3L_TaT3=5.66px,,,
20.881,13.762,2.83,0.0,17,50,4c13eed75f9751ac143993004f745792,0.998,2026_03_09_14_39_40,2026_04_08_14_59_45,Cam2012862,149464,8688,15731,0,1,unknown,unknown,general_model/courtship_V2/train,red_data_unified_V3/train,train,train,train,/mmfs1/gscratch/portia/eabe/data/Johnson_lab/red_data/general_model/courtship_V2/train/2026_03_09_14_39_40/Cam2012862/Frame_149464.jpg,/mmfs1/gscratch/portia/eabe/data/Johnson_lab/red_data/red_data_unified_V3/train/2026_04_08_14_59_45/Cam2012862/Frame_149464.jpg,T3R_Tro=20.88px; T1R_Tro=17.46px; WingR_base=13.89px; T2L_Tro=13.60px; T3L_Tro=13.04px,,,
20.881,5.772,1.44,0.0,13,50,5617dd06398db7c75d6284af746b7015,0.9905,2026_03_09_14_39_40,2026_04_08_14_59_45,Cam2012853,149782,9195,16427,0,1,unknown,unknown,general_model/courtship_V2/val,red_data_unified_V3/train,train,train,train,/mmfs1/gscratch/portia/eabe/data/Johnson_lab/red_data/general_model/courtship_V2/val/2026_03_09_14_39_40/Cam2012853/Frame_149782.jpg,/mmfs1/gscratch/portia/eabe/data/Johnson_lab/red_data/red_data_unified_V3/train/2026_04_08_14_59_45/Cam2012853/Frame_149782.jpg,T2L_TaT3=20.88px; T3L_TaT3=8.00px; T1R_TaT3=6.40px; T1L_TaT1=5.00px; T3L_TiTa=5.00px,,,
20.881,5.406,1.171,0.0,12,50,22c7127976957e44107989965510ebdd,0.9891,2026_03_09_14_39_40,2026_04_07_11_33_33,Cam2012861,227735,9625,14965,0,0,unknown,unknown,general_model/courtship_V2/train,red_data_unified_V3/val,train,val,train,/mmfs1/gscratch/portia/eabe/data/Johnson_lab/red_data/general_model/courtship_V2/train/2026_03_09_14_39_40/Cam2012861/Frame_227735.jpg,/mmfs1/gscratch/portia/eabe/data/Johnson_lab/red_data/red_data_unified_V3/val/2026_04_07_11_33_33/Cam2012861/Frame_227735.jpg,Antenna_Base=20.88px; T2L_TaT3=6.00px; T3L_TaT3=5.66px; T1L_TaT1=5.10px; T2R_TaT3=5.10px,,,
20.616,14.451,4.221,2.118,33,50,71a06487667170a2ca2e15e3ae7953d2,0.982,2026_03_09_14_39_40,2026_04_08_14_59_45,Cam2012855,94187,7793,15364,0,1,unknown,unknown,general_model/courtship_V2/train,red_data_unified_V3/train,train,train,train,/mmfs1/gscratch/portia/eabe/data/Johnson_lab/red_data/general_model/courtship_V2/train/2026_03_09_14_39_40/Cam2012855/Frame_94187.jpg,/mmfs1/gscratch/portia/eabe/data/Johnson_lab/red_data/red_data_unified_V3/train/2026_04_08_14_59_45/Cam2012855/Frame_94187.jpg,Scutellum=20.62px; T3R_FeTi=15.00px; T3L_Tro=14.56px; Abd_A4=14.32px; T1L_ThxCx=13.42px,,,
20.616,9.797,2.716,1.0,26,50,6fff51255efaed0339713a0f72d7b3d9,0.9991,2026_03_09_14_39_40,2026_04_07_11_33_33,Cam2012631,415226,10588,15096,0,0,unknown,unknown,general_model/courtship_V2/train,red_data_unified_V3/val,train,val,val,/mmfs1/gscratch/portia/eabe/data/Johnson_lab/red_data/general_model/courtship_V2/train/2026_03_09_14_39_40/Cam2012631/Frame_415226.jpg,/mmfs1/gscratch/portia/eabe/data/Johnson_lab/red_data/red_data_unified_V3/val/2026_04_07_11_33_33/Cam2012631/Frame_415226.jpg,WingR_base=20.62px; WingL_base=15.13px; T3L_TaT3=10.05px; EyeL=9.49px; T3R_TaT3=7.81px,,,
20.616,14.245,2.937,0.0,22,50,927004d5e9bcd0ae7781a6a570a41ee2,0.9926,2026_03_09_14_39_40,2026_04_08_14_59_45,Cam2012630,149617,8920,16117,0,1,unknown,unknown,general_model/courtship_V2/train,red_data_unified_V3/train,train,train,train,/mmfs1/gscratch/portia/eabe/data/Johnson_lab/red_data/general_model/courtship_V2/train/2026_03_09_14_39_40/Cam2012630/Frame_149617.jpg,/mmfs1/gscratch/portia/eabe/data/Johnson_lab/red_data/red_data_unified_V3/train/2026_04_08_14_59_45/Cam2012630/Frame_149617.jpg,T1L_Tro=20.62px; T1R_Tro=15.30px; T2L_Tro=15.23px; T2R_TaTip=13.04px; T3R_Tro=11.66px,,,
20.616,10.793,2.326,0.0,17,50,fb93de605d577c321e65a159fceb5d2d,1.0,2026_03_09_14_39_40,2026_04_08_14_59_45,Cam2012630,149398,8582,15564,0,1,unknown,unknown,general_model/courtship_V2/train,red_data_unified_V3/train,train,train,train,/mmfs1/gscratch/portia/eabe/data/Johnson_lab/red_data/general_model/courtship_V2/train/2026_03_09_14_39_40/Cam2012630/Frame_149398.jpg,/mmfs1/gscratch/portia/eabe/data/Johnson_lab/red_data/red_data_unified_V3/train/2026_04_08_14_59_45/Cam2012630/Frame_149398.jpg,T2R_TiTa=20.62px; T2R_FeTi=14.00px; T2R_TaT1=11.40px; T2R_Tro=10.05px; T3R_Tro=8.06px,,,
20.616,13.227,2.445,0.0,13,50,0641dd60107ebb849c869713a353009d,1.0,2026_03_09_14_39_40,2026_04_08_14_59_45,Cam2012631,149456,8669,15698,0,1,unknown,unknown,general_model/courtship_V2/train,red_data_unified_V3/train,train,train,train,/mmfs1/gscratch/portia/eabe/data/Johnson_lab/red_data/general_model/courtship_V2/train/2026_03_09_14_39_40/Cam2012631/Frame_149456.jpg,/mmfs1/gscratch/portia/eabe/data/Johnson_lab/red_data/red_data_unified_V3/train/2026_04_08_14_59_45/Cam2012631/Frame_149456.jpg,Scutellum=20.62px; T1L_FeTi=18.60px; WingL_base=13.93px; T2L_Tro=12.37px; T1L_Tro=9.85px,,,
20.616,5.457,1.236,0.0,13,50,ed32f4ca3ef7e99dc64a16b398d7b236,0.9916,2026_03_09_14_39_40,2026_04_07_11_33_33,Cam2012855,227735,9623,14963,0,0,unknown,unknown,general_model/courtship_V2/train,red_data_unified_V3/val,train,val,train,/mmfs1/gscratch/portia/eabe/data/Johnson_lab/red_data/general_model/courtship_V2/train/2026_03_09_14_39_40/Cam2012855/Frame_227735.jpg,/mmfs1/gscratch/portia/eabe/data/Johnson_lab/red_data/red_data_unified_V3/val/2026_04_07_11_33_33/Cam2012855/Frame_227735.jpg,Antenna_Base=20.62px; T2L_TaT3=9.00px; T3L_TaT3=5.83px; T2R_TaT3=5.00px; T1L_TaT1=4.12px,,,
20.616,5.535,1.173,0.0,12,50,4e70a4aa3d722277009d437ba095ef7c,0.9891,2026_03_09_14_39_40,2026_04_07_11_33_33,Cam2012857,227735,9624,14964,0,0,unknown,unknown,general_model/courtship_V2/train,red_data_unified_V3/val,train,val,train,/mmfs1/gscratch/portia/eabe/data/Johnson_lab/red_data/general_model/courtship_V2/train/2026_03_09_14_39_40/Cam2012857/Frame_227735.jpg,/mmfs1/gscratch/portia/eabe/data/Johnson_lab/red_data/red_data_unified_V3/val/2026_04_07_11_33_33/Cam2012857/Frame_227735.jpg,Antenna_Base=20.62px; T2L_TaT3=6.08px; T3L_TaT3=5.66px; T1L_TaT1=5.39px; T2R_TaT3=5.10px,,,
20.591,8.225,1.614,0.0,10,50,445b2969d1506da3a3e0b1ba039e70e3,1.0,2026_03_09_14_39_40,2026_04_08_14_59_45,Cam2012853,149778,9188,16415,0,1,unknown,unknown,general_model/courtship_V2/train,red_data_unified_V3/train,train,train,train,/mmfs1/gscratch/portia/eabe/data/Johnson_lab/red_data/general_model/courtship_V2/train/2026_03_09_14_39_40/Cam2012853/Frame_149778.jpg,/mmfs1/gscratch/portia/eabe/data/Johnson_lab/red_data/red_data_unified_V3/train/2026_04_08_14_59_45/Cam2012853/Frame_149778.jpg,T2L_TaT3=20.59px; T3L_TaT3=14.56px; T1R_ThxCx=9.06px; T3R_TaT3=7.21px; T2L_TaTip=6.32px,,,
20.396,15.811,3.219,0.0,24,50,2c6b31c615e44f85d98a391c809e602d,1.0,2026_03_09_14_39_40,2026_04_08_14_59_45,Cam2012630,149659,8990,16229,0,1,unknown,unknown,general_model/courtship_V2/train,red_data_unified_V3/train,train,train,train,/mmfs1/gscratch/portia/eabe/data/Johnson_lab/red_data/general_model/courtship_V2/train/2026_03_09_14_39_40/Cam2012630/Frame_149659.jpg,/mmfs1/gscratch/portia/eabe/data/Johnson_lab/red_data/red_data_unified_V3/train/2026_04_08_14_59_45/Cam2012630/Frame_149659.jpg,T1R_Tro=20.40px; T3R_Tro=19.42px; T2R_Tro=18.11px; T1L_Tro=13.00px; T1L_TaT3=10.63px,,,
20.396,13.995,2.444,0.0,16,50,bfec450336391c85b26eb1894ca862e2,1.0,2026_03_09_14_39_40,2026_04_08_14_59_45,Cam2012862,149417,8623,15598,0,1,unknown,unknown,general_model/courtship_V2/train,red_data_unified_V3/train,train,train,train,/mmfs1/gscratch/portia/eabe/data/Johnson_lab/red_data/general_model/courtship_V2/train/2026_03_09_14_39_40/Cam2012862/Frame_149417.jpg,/mmfs1/gscratch/portia/eabe/data/Johnson_lab/red_data/red_data_unified_V3/train/2026_04_08_14_59_45/Cam2012862/Frame_149417.jpg,T1R_Tro=20.40px; T2L_Tro=15.30px; T3L_Tro=14.32px; Scutellum=13.60px; T2R_Tro=9.43px,,,
20.248,10.116,2.528,0.0,19,50,79006d4ec26f5b90fb06d8b7823a0a8e,0.9992,2026_03_09_14_39_40,2026_04_08_14_59_45,Cam2012631,149401,8590,15579,0,1,unknown,unknown,general_model/courtship_V2/train,red_data_unified_V3/train,train,train,train,/mmfs1/gscratch/portia/eabe/data/Johnson_lab/red_data/general_model/courtship_V2/train/2026_03_09_14_39_40/Cam2012631/Frame_149401.jpg,/mmfs1/gscratch/portia/eabe/data/Johnson_lab/red_data/red_data_unified_V3/train/2026_04_08_14_59_45/Cam2012631/Frame_149401.jpg,Scutellum=20.25px; T2R_Tro=16.03px; T2L_Tro=11.40px; T1R_Tro=8.54px; EyeL=7.62px,,,
20.248,13.876,2.427,0.0,19,50,e5f3f52e9f6ffb6248ccb8b2d529948d,0.9973,2026_03_09_14_39_40,2026_04_07_11_33_33,Cam2012853,227755,9671,14968,0,0,unknown,unknown,general_model/courtship_V2/train,red_data_unified_V3/val,train,val,train,/mmfs1/gscratch/portia/eabe/data/Johnson_lab/red_data/general_model/courtship_V2/train/2026_03_09_14_39_40/Cam2012853/Frame_227755.jpg,/mmfs1/gscratch/portia/eabe/data/Johnson_lab/red_data/red_data_unified_V3/val/2026_04_07_11_33_33/Cam2012853/Frame_227755.jpg,T2L_Tro=20.25px; Antenna_Base=18.38px; T3L_Tro=15.65px; T1R_Tro=11.70px; Scutellum=9.06px,,,
20.248,8.821,2.056,0.0,18,50,2efc7a444f0fd78ea70deb8371a1c4f4,0.9972,2026_03_09_14_39_40,2026_04_07_11_33_33,Cam2012862,227755,9675,14972,0,0,unknown,unknown,general_model/courtship_V2/train,red_data_unified_V3/val,train,val,train,/mmfs1/gscratch/portia/eabe/data/Johnson_lab/red_data/general_model/courtship_V2/train/2026_03_09_14_39_40/Cam2012862/Frame_227755.jpg,/mmfs1/gscratch/portia/eabe/data/Johnson_lab/red_data/red_data_unified_V3/val/2026_04_07_11_33_33/Cam2012862/Frame_227755.jpg,T2L_Tro=20.25px; T3L_Tro=15.65px; Scutellum=9.00px; T2L_TaT3=8.60px; Antenna_Base=8.54px,,,
20.248,9.642,1.843,0.0,14,50,65c4ade6aa57539499596e300193f095,0.9311,2026_03_09_14_39_40,2026_04_08_14_59_45,Cam2012857,150382,9288,16578,0,1,unknown,unknown,general_model/courtship_V2/train,red_data_unified_V3/train,train,train,train,/mmfs1/gscratch/portia/eabe/data/Johnson_lab/red_data/general_model/courtship_V2/train/2026_03_09_14_39_40/Cam2012857/Frame_150382.jpg,/mmfs1/gscratch/portia/eabe/data/Johnson_lab/red_data/red_data_unified_V3/train/2026_04_08_14_59_45/Cam2012857/Frame_150382.jpg,Scutellum=20.25px; WingR_base=14.04px; WingL_base=12.04px; WingR_V12=6.71px; T1L_TaT3=6.40px,,,
20.248,9.619,1.796,0.0,14,50,1b1aebb55cf8a1163ca5c9247e0f8ee1,0.9307,2026_03_09_14_39_40,2026_04_08_14_59_45,Cam2012861,150382,9289,16579,0,1,unknown,unknown,general_model/courtship_V2/train,red_data_unified_V3/train,train,train,train,/mmfs1/gscratch/portia/eabe/data/Johnson_lab/red_data/general_model/courtship_V2/train/2026_03_09_14_39_40/Cam2012861/Frame_150382.jpg,/mmfs1/gscratch/portia/eabe/data/Johnson_lab/red_data/red_data_unified_V3/train/2026_04_08_14_59_45/Cam2012861/Frame_150382.jpg,Scutellum=20.25px; WingR_base=14.04px; WingL_base=12.00px; T1L_TaT3=6.71px; WingR_V12=6.71px,,,
20.248,16.476,2.774,0.0,13,50,37b3436b5eab93ddeecf6b4a24d6f3bd,1.0,2026_03_09_14_39_40,2026_04_08_14_59_45,Cam2012857,149456,8672,15701,0,1,unknown,unknown,general_model/courtship_V2/train,red_data_unified_V3/train,train,train,train,/mmfs1/gscratch/portia/eabe/data/Johnson_lab/red_data/general_model/courtship_V2/train/2026_03_09_14_39_40/Cam2012857/Frame_149456.jpg,/mmfs1/gscratch/portia/eabe/data/Johnson_lab/red_data/red_data_unified_V3/train/2026_04_08_14_59_45/Cam2012857/Frame_149456.jpg,T1L_FeTi=20.25px; Scutellum=17.72px; WingL_base=16.76px; T2L_Tro=16.12px; T3L_Tro=14.32px,,,
20.248,12.021,2.031,0.0,12,50,c317ffe61f213349f8035e0cf083606b,1.0,2026_03_09_14_39_40,2026_04_08_14_59_45,Cam2012862,149422,8630,15612,0,1,unknown,unknown,general_model/courtship_V2/train,red_data_unified_V3/train,train,train,train,/mmfs1/gscratch/portia/eabe/data/Johnson_lab/red_data/general_model/courtship_V2/train/2026_03_09_14_39_40/Cam2012862/Frame_149422.jpg,/mmfs1/gscratch/portia/eabe/data/Johnson_lab/red_data/red_data_unified_V3/train/2026_04_08_14_59_45/Cam2012862/Frame_149422.jpg,T2R_Tro=20.25px; T3R_Tro=18.11px; Scutellum=14.87px; EyeL=8.54px; T2L_Tro=8.00px,,,
20.1,9.351,2.272,0.0,20,50,75f9856c9d8fbc54c86f7d7304caf7e2,0.9982,2026_03_09_14_39_40,2026_04_08_14_59_45,Cam2012853,149401,8591,15580,0,1,unknown,unknown,general_model/courtship_V2/train,red_data_unified_V3/train,train,train,train,/mmfs1/gscratch/portia/eabe/data/Johnson_lab/red_data/general_model/courtship_V2/train/2026_03_09_14_39_40/Cam2012853/Frame_149401.jpg,/mmfs1/gscratch/portia/eabe/data/Johnson_lab/red_data/red_data_unified_V3/train/2026_04_08_14_59_45/Cam2012853/Frame_149401.jpg,T2L_Tro=20.10px; T3R_FeTi=12.17px; T2R_Tro=11.05px; Scutellum=7.28px; T1R_Tro=6.32px,,,
20.025,18.805,3.512,0.0,19,50,ab3c37741855aa5de33596240ba3ffb3,0.9963,2026_03_09_14_39_40,2026_04_08_14_59_45,Cam2012855,149644,8965,16190,0,1,unknown,unknown,general_model/courtship_V2/train,red_data_unified_V3/train,train,train,train,/mmfs1/gscratch/portia/eabe/data/Johnson_lab/red_data/general_model/courtship_V2/train/2026_03_09_14_39_40/Cam2012855/Frame_149644.jpg,/mmfs1/gscratch/portia/eabe/data/Johnson_lab/red_data/red_data_unified_V3/train/2026_04_08_14_59_45/Cam2012855/Frame_149644.jpg,T2L_Tro=20.02px; Scutellum=20.00px; T2R_Tro=19.10px; T3L_Tro=18.44px; T3R_Tro=14.56px,,,
20.025,6.981,1.529,0.0,18,50,eda335ab0fb8999103faad3f79d5f1b4,0.9838,2026_03_09_14_39_40,2026_04_07_11_33_33,Cam2012857,227717,9575,14915,0,0,unknown,unknown,general_model/courtship_V2/train,red_data_unified_V3/val,train,val,train,/mmfs1/gscratch/portia/eabe/data/Johnson_lab/red_data/general_model/courtship_V2/train/2026_03_09_14_39_40/Cam2012857/Frame_227717.jpg,/mmfs1/gscratch/portia/eabe/data/Johnson_lab/red_data/red_data_unified_V3/val/2026_04_07_11_33_33/Cam2012857/Frame_227717.jpg,Antenna_Base=20.02px; Scutellum=9.22px; T3R_TaT3=8.60px; T1L_TaT3=5.00px; T1R_TaT3=4.47px,,,
20.025,6.981,1.595,0.0,18,50,3e5774f760069ac153b7da3e9211b17e,0.9872,2026_03_09_14_39_40,2026_04_07_11_33_33,Cam2012861,227717,9576,14916,0,0,unknown,unknown,general_model/courtship_V2/train,red_data_unified_V3/val,train,val,train,/mmfs1/gscratch/portia/eabe/data/Johnson_lab/red_data/general_model/courtship_V2/train/2026_03_09_14_39_40/Cam2012861/Frame_227717.jpg,/mmfs1/gscratch/portia/eabe/data/Johnson_lab/red_data/red_data_unified_V3/val/2026_04_07_11_33_33/Cam2012861/Frame_227717.jpg,Antenna_Base=20.02px; Scutellum=10.20px; T3R_TaT3=8.60px; T1L_TaT3=5.00px; T1R_TaT3=4.47px,,,
20.025,9.792,2.039,0.0,17,50,bf016001f85165d4210ce58d82b0dc40,0.9977,2026_03_09_14_39_40,2026_04_08_14_59_45,Cam2012862,149754,9150,16359,0,1,unknown,unknown,general_model/courtship_V2/train,red_data_unified_V3/train,train,train,train,/mmfs1/gscratch/portia/eabe/data/Johnson_lab/red_data/general_model/courtship_V2/train/2026_03_09_14_39_40/Cam2012862/Frame_149754.jpg,/mmfs1/gscratch/portia/eabe/data/Johnson_lab/red_data/red_data_unified_V3/train/2026_04_08_14_59_45/Cam2012862/Frame_149754.jpg,T2R_TaT3=20.02px; T3L_TaT3=11.40px; T2L_TaT3=10.44px; T1R_TaT3=9.00px; T1L_TaT3=8.94px,,,
20.0,9.649,2.769,2.118,30,50,05d47e80558322c7900635eaa8df4762,0.9801,2026_03_09_14_39_40,2026_04_08_14_59_45,Cam2012855,415169,10443,17737,0,1,unknown,unknown,general_model/courtship_V2/train,red_data_unified_V3/train,train,train,val,/mmfs1/gscratch/portia/eabe/data/Johnson_lab/red_data/general_model/courtship_V2/train/2026_03_09_14_39_40/Cam2012855/Frame_415169.jpg,/mmfs1/gscratch/portia/eabe/data/Johnson_lab/red_data/red_data_unified_V3/train/2026_04_08_14_59_45/Cam2012855/Frame_415169.jpg,WingR_base=20.00px; T1L_ThxCx=10.77px; WingL_base=10.00px; T3L_TaT3=9.22px; T1R_TaT3=7.62px,,,
20.0,16.622,2.838,0.0,17,50,5764717144b4a46c99252434b82af5d8,1.0,2026_03_09_14_39_40,2026_04_08_14_59_45,Cam2012855,149584,8881,16064,0,1,unknown,unknown,general_model/courtship_V2/train,red_data_unified_V3/train,train,train,train,/mmfs1/gscratch/portia/eabe/data/Johnson_lab/red_data/general_model/courtship_V2/train/2026_03_09_14_39_40/Cam2012855/Frame_149584.jpg,/mmfs1/gscratch/portia/eabe/data/Johnson_lab/red_data/red_data_unified_V3/train/2026_04_08_14_59_45/Cam2012855/Frame_149584.jpg,T2R_Tro=20.00px; T3R_Tro=18.87px; WingR_base=17.03px; WingL_base=16.12px; T3L_TaT3=10.44px,,,
19.925,12.422,2.155,0.0,13,50,dfa9efda1d3f5c3fb1c400890dbdfe3e,1.0,2026_03_09_14_39_40,2026_04_08_14_59_45,Cam2012862,149456,8674,15703,0,1,unknown,unknown,general_model/courtship_V2/train,red_data_unified_V3/train,train,train,train,/mmfs1/gscratch/portia/eabe/data/Johnson_lab/red_data/general_model/courtship_V2/train/2026_03_09_14_39_40/Cam2012862/Frame_149456.jpg,/mmfs1/gscratch/portia/eabe/data/Johnson_lab/red_data/red_data_unified_V3/train/2026_04_08_14_59_45/Cam2012862/Frame_149456.jpg,Scutellum=19.92px; T2R_Tro=19.65px; T1L_FeTi=14.87px; WingL_base=9.43px; T3L_Tro=8.25px,,,
19.925,8.062,1.437,0.0,12,50,3cd2a87c8581c3318e59dfd2717fdfb4,0.9998,2026_03_09_14_39_40,2026_04_08_14_59_45,Cam2012630,149536,8794,15921,0,1,unknown,unknown,general_model/courtship_V2/train,red_data_unified_V3/train,train,train,train,/mmfs1/gscratch/portia/eabe/data/Johnson_lab/red_data/general_model/courtship_V2/train/2026_03_09_14_39_40/Cam2012630/Frame_149536.jpg,/mmfs1/gscratch/portia/eabe/data/Johnson_lab/red_data/red_data_unified_V3/train/2026_04_08_14_59_45/Cam2012630/Frame_149536.jpg,T2L_TaT3=19.92px; T3R_TaT3=9.85px; T3L_TaT3=8.06px; T2R_TaT3=8.06px; T1R_TaT3=5.00px,,,
19.849,5.377,1.559,0.0,19,50,7fd83a90786867e8fe8bff154e49e1f0,0.9729,2026_03_09_14_39_40,2026_04_08_14_59_45,Cam2012861,415237,10634,18000,0,1,unknown,unknown,general_model/courtship_V2/train,red_data_unified_V3/train,train,train,val,/mmfs1/gscratch/portia/eabe/data/Johnson_lab/red_data/general_model/courtship_V2/train/2026_03_09_14_39_40/Cam2012861/Frame_415237.jpg,/mmfs1/gscratch/portia/eabe/data/Johnson_lab/red_data/red_data_unified_V3/train/2026_04_08_14_59_45/Cam2012861/Frame_415237.jpg,WingR_base=19.85px; T3R_TaT3=9.22px; T1R_TaT3=6.40px; T3L_TaT3=4.12px; WingR_V13=4.12px,,,
19.799,7.917,2.909,2.236,34,50,201a43c338afaf44f6e867d26619e2a6,0.9819,2026_03_09_14_39_40,2026_04_08_14_59_45,Cam2012855,415233,10625,17984,0,1,unknown,unknown,general_model/courtship_V2/train,red_data_unified_V3/train,train,train,val,/mmfs1/gscratch/portia/eabe/data/Johnson_lab/red_data/general_model/courtship_V2/train/2026_03_09_14_39_40/Cam2012855/Frame_415233.jpg,/mmfs1/gscratch/portia/eabe/data/Johnson_lab/red_data/red_data_unified_V3/train/2026_04_08_14_59_45/Cam2012855/Frame_415233.jpg,WingR_base=19.80px; T1R_Tro=13.04px; WingL_base=9.22px; EyeR=6.32px; T1L_FeTi=6.32px,,,
19.723,5.49,0.813,0.0,5,50,afa45e2bb30463f5af750dd71345a3a9,1.0,2026_03_09_14_39_40,2026_04_07_11_33_33,Cam2012862,150386,9297,14899,0,0,unknown,unknown,general_model/courtship_V2/train,red_data_unified_V3/val,train,val,train,/mmfs1/gscratch/portia/eabe/data/Johnson_lab/red_data/general_model/courtship_V2/train/2026_03_09_14_39_40/Cam2012862/Frame_150386.jpg,/mmfs1/gscratch/portia/eabe/data/Johnson_lab/red_data/red_data_unified_V3/val/2026_04_07_11_33_33/Cam2012862/Frame_150386.jpg,Scutellum=19.72px; WingR_V12=7.21px; WingL_base=6.71px; WingL_V13=4.00px; WingR_base=3.00px,,,
19.698,14.069,4.09,2.236,35,50,ebebdc81796db06e214b70befde61c47,0.9772,2026_03_09_14_39_40,2026_04_08_14_59_45,Cam2012855,94154,7765,15322,0,1,unknown,unknown,general_model/courtship_V2/train,red_data_unified_V3/train,train,train,train,/mmfs1/gscratch/portia/eabe/data/Johnson_lab/red_data/general_model/courtship_V2/train/2026_03_09_14_39_40/Cam2012855/Frame_94154.jpg,/mmfs1/gscratch/portia/eabe/data/Johnson_lab/red_data/red_data_unified_V3/train/2026_04_08_14_59_45/Cam2012855/Frame_94154.jpg,T3L_Tro=19.70px; T1L_Tro=16.12px; Scutellum=14.21px; T1R_ThxCx=13.89px; Abd_A4=13.15px,,,
19.698,7.581,2.135,1.0,26,50,0190710c5349e4f62865504d68ee25ee,0.9798,2026_03_09_14_39_40,2026_04_08_14_59_45,Cam2012855,415210,10548,17858,0,1,unknown,unknown,general_model/courtship_V2/train,red_data_unified_V3/train,train,train,val,/mmfs1/gscratch/portia/eabe/data/Johnson_lab/red_data/general_model/courtship_V2/train/2026_03_09_14_39_40/Cam2012855/Frame_415210.jpg,/mmfs1/gscratch/portia/eabe/data/Johnson_lab/red_data/red_data_unified_V3/train/2026_04_08_14_59_45/Cam2012855/Frame_415210.jpg,WingR_base=19.70px; WingL_base=9.06px; T3L_TaT3=8.54px; T1R_TaT3=6.40px; T1L_TaT3=5.10px,,,
19.647,9.642,2.093,0.0,17,50,31aff8c4b43cc2cac8ba67cfed148726,0.9981,2026_03_09_14_39_40,2026_04_07_11_33_33,Cam2012631,149413,8611,14783,0,0,unknown,unknown,general_model/courtship_V2/train,red_data_unified_V3/val,train,val,train,/mmfs1/gscratch/portia/eabe/data/Johnson_lab/red_data/general_model/courtship_V2/train/2026_03_09_14_39_40/Cam2012631/Frame_149413.jpg,/mmfs1/gscratch/portia/eabe/data/Johnson_lab/red_data/red_data_unified_V3/val/2026_04_07_11_33_33/Cam2012631/Frame_149413.jpg,Scutellum=19.65px; T2L_Tro=12.65px; T1L_ThxCx=12.04px; T1L_TaT3=6.71px; T3L_TaT3=6.71px,,,
19.416,13.84,3.109,0.0,23,50,a68060a5f6ddf87fd8b44fa19d889d7a,0.9875,2026_03_09_14_39_40,2026_04_08_14_59_45,Cam2012855,149659,8993,16232,0,1,unknown,unknown,general_model/courtship_V2/train,red_data_unified_V3/train,train,train,train,/mmfs1/gscratch/portia/eabe/data/Johnson_lab/red_data/general_model/courtship_V2/train/2026_03_09_14_39_40/Cam2012855/Frame_149659.jpg,/mmfs1/gscratch/portia/eabe/data/Johnson_lab/red_data/red_data_unified_V3/train/2026_04_08_14_59_45/Cam2012855/Frame_149659.jpg,T3R_Tro=19.42px; T2R_Tro=16.03px; T1L_Tro=14.04px; Scutellum=13.60px; T1L_TaT3=9.22px,,,
19.416,14.046,2.451,0.0,22,50,913cd1b68cb6ce7c67638020e869a877,0.9997,2026_03_09_14_39_40,2026_04_08_14_59_45,Cam2012630,149436,8640,15648,0,1,unknown,unknown,general_model/courtship_V2/train,red_data_unified_V3/train,train,train,train,/mmfs1/gscratch/portia/eabe/data/Johnson_lab/red_data/general_model/courtship_V2/train/2026_03_09_14_39_40/Cam2012630/Frame_149436.jpg,/mmfs1/gscratch/portia/eabe/data/Johnson_lab/red_data/red_data_unified_V3/train/2026_04_08_14_59_45/Cam2012630/Frame_149436.jpg,T1L_ThxCx=19.42px; T1L_Tro=14.56px; T3L_Tro=14.14px; T1R_Tro=13.93px; T3R_Tro=7.81px,,,
19.416,7.963,1.941,0.0,19,50,251d1323615b9ea7827e5273bc1701b3,1.0,2026_03_09_14_39_40,2026_04_08_14_59_45,Cam2012857,227890,9764,17051,0,1,unknown,unknown,general_model/courtship_V2/val,red_data_unified_V3/train,train,train,train,/mmfs1/gscratch/portia/eabe/data/Johnson_lab/red_data/general_model/courtship_V2/val/2026_03_09_14_39_40/Cam2012857/Frame_227890.jpg,/mmfs1/gscratch/portia/eabe/data/Johnson_lab/red_data/red_data_unified_V3/train/2026_04_08_14_59_45/Cam2012857/Frame_227890.jpg,Antenna_Base=19.42px; EyeR=10.00px; Scutellum=8.25px; T1L_TaT3=7.62px; T3L_TaT3=6.32px,,,
19.416,13.601,3.123,0.0,17,50,35760134469bde025b7f72e5a1f38b3e,0.9978,2026_03_09_14_39_40,2026_04_08_14_59_45,Cam2012857,149464,8686,15729,0,1,unknown,unknown,general_model/courtship_V2/train,red_data_unified_V3/train,train,train,train,/mmfs1/gscratch/portia/eabe/data/Johnson_lab/red_data/general_model/courtship_V2/train/2026_03_09_14_39_40/Cam2012857/Frame_149464.jpg,/mmfs1/gscratch/portia/eabe/data/Johnson_lab/red_data/red_data_unified_V3/train/2026_04_08_14_59_45/Cam2012857/Frame_149464.jpg,T3L_Tro=19.42px; Scutellum=14.76px; T2L_Tro=13.60px; WingR_base=13.60px; T1R_Tro=12.53px,,,
19.416,16.861,2.386,0.0,12,50,07d13c8a76b9024f18486a5effae24ca,1.0,2026_03_09_14_39_40,2026_04_08_14_59_45,Cam2012631,149422,8625,15607,0,1,unknown,unknown,general_model/courtship_V2/train,red_data_unified_V3/train,train,train,train,/mmfs1/gscratch/portia/eabe/data/Johnson_lab/red_data/general_model/courtship_V2/train/2026_03_09_14_39_40/Cam2012631/Frame_149422.jpg,/mmfs1/gscratch/portia/eabe/data/Johnson_lab/red_data/red_data_unified_V3/train/2026_04_08_14_59_45/Cam2012631/Frame_149422.jpg,Scutellum=19.42px; T3L_Tro=19.24px; T2R_Tro=17.46px; T3R_Tro=16.12px; Abd_A4=11.05px,,,
19.416,5.969,1.231,0.0,10,50,19dd2bb42f18715cbf479df73599f29f,0.9943,2026_03_09_14_39_40,2026_04_08_14_59_45,Cam2012862,149778,9192,16419,0,1,unknown,unknown,general_model/courtship_V2/train,red_data_unified_V3/train,train,train,train,/mmfs1/gscratch/portia/eabe/data/Johnson_lab/red_data/general_model/courtship_V2/train/2026_03_09_14_39_40/Cam2012862/Frame_149778.jpg,/mmfs1/gscratch/portia/eabe/data/Johnson_lab/red_data/red_data_unified_V3/train/2026_04_08_14_59_45/Cam2012862/Frame_149778.jpg,T2L_TaT3=19.42px; T3L_TaT3=14.32px; T3R_TaT3=6.08px; T1L_TaT3=5.83px; T1R_TaT3=4.00px,,,
19.313,14.309,2.674,0.0,22,50,ca99f8f2bc229ec157b79a960c0f5e9f,1.0,2026_03_09_14_39_40,2026_04_08_14_59_45,Cam2012857,149401,8593,15582,0,1,unknown,unknown,general_model/courtship_V2/train,red_data_unified_V3/train,train,train,train,/mmfs1/gscratch/portia/eabe/data/Johnson_lab/red_data/general_model/courtship_V2/train/2026_03_09_14_39_40/Cam2012857/Frame_149401.jpg,/mmfs1/gscratch/portia/eabe/data/Johnson_lab/red_data/red_data_unified_V3/train/2026_04_08_14_59_45/Cam2012857/Frame_149401.jpg,Scutellum=19.31px; T2L_Tro=19.10px; T2R_Tro=19.03px; EyeL=8.54px; EyeR=7.07px,,,
19.313,14.353,2.64,0.0,22,50,7fbbf3ef250c8fdd09ac4eb2c7b78697,0.9983,2026_03_09_14_39_40,2026_04_08_14_59_45,Cam2012861,149401,8594,15583,0,1,unknown,unknown,general_model/courtship_V2/train,red_data_unified_V3/train,train,train,train,/mmfs1/gscratch/portia/eabe/data/Johnson_lab/red_data/general_model/courtship_V2/train/2026_03_09_14_39_40/Cam2012861/Frame_149401.jpg,/mmfs1/gscratch/portia/eabe/data/Johnson_lab/red_data/red_data_unified_V3/train/2026_04_08_14_59_45/Cam2012861/Frame_149401.jpg,Scutellum=19.31px; T2L_Tro=19.24px; T2R_Tro=19.10px; EyeL=8.54px; T1L_Tro=6.32px,,,
19.235,8.05,2.115,0.5,25,50,be728ffa04a7b6cb863a5600b06bd23e,0.95,2026_03_09_14_39_40,2026_04_08_14_59_45,Cam2012861,415210,10550,17860,0,1,unknown,unknown,general_model/courtship_V2/train,red_data_unified_V3/train,train,train,val,/mmfs1/gscratch/portia/eabe/data/Johnson_lab/red_data/general_model/courtship_V2/train/2026_03_09_14_39_40/Cam2012861/Frame_415210.jpg,/mmfs1/gscratch/portia/eabe/data/Johnson_lab/red_data/red_data_unified_V3/train/2026_04_08_14_59_45/Cam2012861/Frame_415210.jpg,WingR_base=19.24px; WingL_base=11.05px; T3L_TaT3=8.25px; T1R_TaT3=7.81px; T3R_TaT3=7.07px,,,
19.235,7.861,1.906,0.0,19,50,64058677e2ff99aed3965f42a875ce8d,0.9992,2026_03_09_14_39_40,2026_04_08_14_59_45,Cam2012861,227890,9765,17052,0,1,unknown,unknown,general_model/courtship_V2/val,red_data_unified_V3/train,train,train,train,/mmfs1/gscratch/portia/eabe/data/Johnson_lab/red_data/general_model/courtship_V2/val/2026_03_09_14_39_40/Cam2012861/Frame_227890.jpg,/mmfs1/gscratch/portia/eabe/data/Johnson_lab/red_data/red_data_unified_V3/train/2026_04_08_14_59_45/Cam2012861/Frame_227890.jpg,Antenna_Base=19.24px; EyeR=9.22px; Scutellum=8.06px; T1L_TaT3=7.62px; T3L_TaT3=6.08px,,,
19.235,8.295,1.631,0.0,13,50,02ee06f55170ea06b2fcb748c03a2456,1.0,2026_03_09_14_39_40,2026_04_08_14_59_45,Cam2012631,149444,8648,15670,0,1,unknown,unknown,general_model/courtship_V2/train,red_data_unified_V3/train,train,train,train,/mmfs1/gscratch/portia/eabe/data/Johnson_lab/red_data/general_model/courtship_V2/train/2026_03_09_14_39_40/Cam2012631/Frame_149444.jpg,/mmfs1/gscratch/portia/eabe/data/Johnson_lab/red_data/red_data_unified_V3/train/2026_04_08_14_59_45/Cam2012631/Frame_149444.jpg,Scutellum=19.24px; WingL_base=9.90px; T1L_Tro=8.49px; T1R_ThxCx=8.06px; EyeL=7.21px,,,
19.235,7.717,1.333,0.0,11,50,587072fb5a30c658dd81d6611733e910,1.0,2026_03_09_14_39_40,2026_04_07_11_33_33,Cam2012857,227727,9610,14951,0,0,unknown,unknown,general_model/courtship_V2/train,red_data_unified_V3/val,train,val,train,/mmfs1/gscratch/portia/eabe/data/Johnson_lab/red_data/general_model/courtship_V2/train/2026_03_09_14_39_40/Cam2012857/Frame_227727.jpg,/mmfs1/gscratch/portia/eabe/data/Johnson_lab/red_data/red_data_unified_V3/val/2026_04_07_11_33_33/Cam2012857/Frame_227727.jpg,Antenna_Base=19.24px; Scutellum=11.05px; T1R_TaT3=8.25px; T3R_TaT3=7.07px; T1L_TaT3=5.00px,,,
19.209,8.295,2.051,0.0,20,50,b4cd3da6dfc4959c1b6dc8b5e203b87d,0.9891,2026_03_09_14_39_40,2026_04_08_14_59_45,Cam2012861,415219,10564,17888,0,1,unknown,unknown,general_model/courtship_V2/train,red_data_unified_V3/train,train,train,val,/mmfs1/gscratch/portia/eabe/data/Johnson_lab/red_data/general_model/courtship_V2/train/2026_03_09_14_39_40/Cam2012861/Frame_415219.jpg,/mmfs1/gscratch/portia/eabe/data/Johnson_lab/red_data/red_data_unified_V3/train/2026_04_08_14_59_45/Cam2012861/Frame_415219.jpg,WingR_base=19.21px; T1L_ThxCx=8.94px; T1R_TaT3=8.49px; T1L_TaT3=8.06px; T3L_TaT3=7.62px,,,
19.105,10.42,2.897,1.207,31,50,aaac7d3ff98d23b096d82e19a59f0c87,0.9781,2026_03_09_14_39_40,2026_04_08_14_59_45,Cam2012862,227701,9549,16685,0,1,unknown,unknown,general_model/courtship_V2/train,red_data_unified_V3/train,train,train,train,/mmfs1/gscratch/portia/eabe/data/Johnson_lab/red_data/general_model/courtship_V2/train/2026_03_09_14_39_40/Cam2012862/Frame_227701.jpg,/mmfs1/gscratch/portia/eabe/data/Johnson_lab/red_data/red_data_unified_V3/train/2026_04_08_14_59_45/Cam2012862/Frame_227701.jpg,T2L_Tro=19.10px; T3R_TaT3=13.60px; WingR_base=11.40px; T2R_TaT3=9.22px; EyeR=8.94px,,,
19.105,7.513,2.423,1.414,29,50,1f6cb2e0fdc569e79d9953910e028db4,0.9767,2026_03_09_14_39_40,2026_04_08_14_59_45,Cam2012853,415233,10624,17983,0,1,unknown,unknown,general_model/courtship_V2/train,red_data_unified_V3/train,train,train,val,/mmfs1/gscratch/portia/eabe/data/Johnson_lab/red_data/general_model/courtship_V2/train/2026_03_09_14_39_40/Cam2012853/Frame_415233.jpg,/mmfs1/gscratch/portia/eabe/data/Johnson_lab/red_data/red_data_unified_V3/train/2026_04_08_14_59_45/Cam2012853/Frame_415233.jpg,WingR_base=19.10px; T1R_Tro=13.00px; T3L_TaT3=8.49px; T1L_FeTi=6.32px; EyeR=6.08px,,,
19.105,5.124,1.469,0.0,18,50,4f1baefc79c3418800e24cb4c1c65c53,0.9744,2026_03_09_14_39_40,2026_04_08_14_59_45,Cam2012857,415237,10633,17999,0,1,unknown,unknown,general_model/courtship_V2/train,red_data_unified_V3/train,train,train,val,/mmfs1/gscratch/portia/eabe/data/Johnson_lab/red_data/general_model/courtship_V2/train/2026_03_09_14_39_40/Cam2012857/Frame_415237.jpg,/mmfs1/gscratch/portia/eabe/data/Johnson_lab/red_data/red_data_unified_V3/train/2026_04_08_14_59_45/Cam2012857/Frame_415237.jpg,WingR_base=19.10px; T3R_TaT3=7.81px; T1R_TaT3=5.66px; T2L_TaT3=4.47px; T3L_TaT3=4.12px,,,
19.105,5.054,1.177,0.0,12,50,a955a0ef13220dc87881c0a5a28baef5,0.9943,2026_03_09_14_39_40,2026_04_08_14_59_45,Cam2012861,227725,9604,16732,0,1,unknown,unknown,general_model/courtship_V2/train,red_data_unified_V3/train,train,train,train,/mmfs1/gscratch/portia/eabe/data/Johnson_lab/red_data/general_model/courtship_V2/train/2026_03_09_14_39_40/Cam2012861/Frame_227725.jpg,/mmfs1/gscratch/portia/eabe/data/Johnson_lab/red_data/red_data_unified_V3/train/2026_04_08_14_59_45/Cam2012861/Frame_227725.jpg,Antenna_Base=19.10px; T3L_TaT3=5.66px; T3R_TaT3=5.10px; T1R_TaT3=5.00px; T1R_TiTa=4.24px,,,
19.026,9.994,2.059,0.0,15,50,531a5baeffe9e0bc558fb8cb64b433aa,1.0,2026_03_09_14_39_40,2026_04_08_14_59_45,Cam2012853,149596,8894,16077,0,1,unknown,unknown,general_model/courtship_V2/train,red_data_unified_V3/train,train,train,train,/mmfs1/gscratch/portia/eabe/data/Johnson_lab/red_data/general_model/courtship_V2/train/2026_03_09_14_39_40/Cam2012853/Frame_149596.jpg,/mmfs1/gscratch/portia/eabe/data/Johnson_lab/red_data/red_data_unified_V3/train/2026_04_08_14_59_45/Cam2012853/Frame_149596.jpg,T2L_Tro=19.03px; T1L_ThxCx=14.04px; Scutellum=11.18px; T2R_FeTi=8.54px; T3R_TaT3=8.00px,,,
19.0,8.782,1.617,0.0,13,50,ad0955e2af7bd5d507e23683c90291fd,1.0,2026_03_09_14_39_40,2026_04_08_14_59_45,Cam2012862,149444,8653,15675,0,1,unknown,unknown,general_model/courtship_V2/train,red_data_unified_V3/train,train,train,train,/mmfs1/gscratch/portia/eabe/data/Johnson_lab/red_data/general_model/courtship_V2/train/2026_03_09_14_39_40/Cam2012862/Frame_149444.jpg,/mmfs1/gscratch/portia/eabe/data/Johnson_lab/red_data/red_data_unified_V3/train/2026_04_08_14_59_45/Cam2012862/Frame_149444.jpg,T2L_TiTa=19.00px; Scutellum=13.45px; T1L_Tro=9.22px; T1R_ThxCx=8.25px; WingL_base=6.00px,,,
18.974,11.213,2.886,0.0,22,50,7f7d202b6226db6d69c073ea33ff8603,1.0,2026_03_09_14_39_40,2026_04_08_14_59_45,Cam2012855,149629,8944,16148,0,1,unknown,unknown,general_model/courtship_V2/train,red_data_unified_V3/train,train,train,train,/mmfs1/gscratch/portia/eabe/data/Johnson_lab/red_data/general_model/courtship_V2/train/2026_03_09_14_39_40/Cam2012855/Frame_149629.jpg,/mmfs1/gscratch/portia/eabe/data/Johnson_lab/red_data/red_data_unified_V3/train/2026_04_08_14_59_45/Cam2012855/Frame_149629.jpg,T3R_Tro=18.97px; T1R_Tro=14.42px; T3L_TaT3=12.17px; T1L_Tro=10.05px; T2R_TiTa=8.25px,,,
18.974,4.1,0.739,0.0,4,50,12f242dec3fd382cc078da2bc38e57c6,1.0,2026_03_09_14_39_40,2026_04_08_14_59_45,Cam2012630,149654,8976,16215,0,1,unknown,unknown,general_model/courtship_V2/train,red_data_unified_V3/train,train,train,train,/mmfs1/gscratch/portia/eabe/data/Johnson_lab/red_data/general_model/courtship_V2/train/2026_03_09_14_39_40/Cam2012630/Frame_149654.jpg,/mmfs1/gscratch/portia/eabe/data/Johnson_lab/red_data/red_data_unified_V3/train/2026_04_08_14_59_45/Cam2012630/Frame_149654.jpg,T1R_Tro=18.97px; Scutellum=10.00px; T3R_Tro=5.00px; T1R_ThxCx=3.00px,,,
18.868,14.143,2.61,0.0,18,50,49b5f47589eb137f6d2c93b8040397f3,1.0,2026_03_09_14_39_40,2026_04_08_14_59_45,Cam2012862,149398,8588,15570,0,1,unknown,unknown,general_model/courtship_V2/train,red_data_unified_V3/train,train,train,train,/mmfs1/gscratch/portia/eabe/data/Johnson_lab/red_data/general_model/courtship_V2/train/2026_03_09_14_39_40/Cam2012862/Frame_149398.jpg,/mmfs1/gscratch/portia/eabe/data/Johnson_lab/red_data/red_data_unified_V3/train/2026_04_08_14_59_45/Cam2012862/Frame_149398.jpg,T2R_Tro=18.87px; T2R_TiTa=15.65px; T2R_FeTi=14.32px; Scutellum=13.93px; T2R_TaT1=9.06px,,,
18.868,13.038,3.061,0.0,17,50,20dbdf74a92b128d06c15a6a25565d79,0.9979,2026_03_09_14_39_40,2026_04_08_14_59_45,Cam2012861,149464,8687,15730,0,1,unknown,unknown,general_model/courtship_V2/train,red_data_unified_V3/train,train,train,train,/mmfs1/gscratch/portia/eabe/data/Johnson_lab/red_data/general_model/courtship_V2/train/2026_03_09_14_39_40/Cam2012861/Frame_149464.jpg,/mmfs1/gscratch/portia/eabe/data/Johnson_lab/red_data/red_data_unified_V3/train/2026_04_08_14_59_45/Cam2012861/Frame_149464.jpg,T3L_Tro=18.87px; Scutellum=14.76px; WingR_base=13.04px; T1R_Tro=13.04px; T2L_Tro=12.37px,,,
18.788,16.591,3.366,0.5,25,50,5ac6635128185cb67182b382f0c74cb2,1.0,2026_03_09_14_39_40,2026_04_08_14_59_45,Cam2012855,149460,8678,15714,0,1,unknown,unknown,general_model/courtship_V2/val,red_data_unified_V3/train,train,train,train,/mmfs1/gscratch/portia/eabe/data/Johnson_lab/red_data/general_model/courtship_V2/val/2026_03_09_14_39_40/Cam2012855/Frame_149460.jpg,/mmfs1/gscratch/portia/eabe/data/Johnson_lab/red_data/red_data_unified_V3/train/2026_04_08_14_59_45/Cam2012855/Frame_149460.jpg,WingL_base=18.79px; T2L_Tro=18.36px; Scutellum=17.46px; WingR_base=15.52px; T1L_Tro=10.20px,,,
18.788,7.717,2.138,0.0,24,50,2cca0d597e4359d313edffcb6ee3bb42,0.9537,2026_03_09_14_39_40,2026_04_08_14_59_45,Cam2012857,415210,10549,17859,0,1,unknown,unknown,general_model/courtship_V2/train,red_data_unified_V3/train,train,train,val,/mmfs1/gscratch/portia/eabe/data/Johnson_lab/red_data/general_model/courtship_V2/train/2026_03_09_14_39_40/Cam2012857/Frame_415210.jpg,/mmfs1/gscratch/portia/eabe/data/Johnson_lab/red_data/red_data_unified_V3/train/2026_04_08_14_59_45/Cam2012857/Frame_415210.jpg,WingR_base=18.79px; WingL_base=12.00px; T3L_TaT3=8.25px; T1R_TaT3=7.07px; T3R_TaT3=6.40px,,,
18.788,9.525,2.318,0.0,23,50,3e8551fef4d380ee14a155dcc3ed353b,0.9876,2026_03_09_14_39_40,2026_04_08_14_59_45,Cam2012855,415230,10618,17970,0,1,unknown,unknown,general_model/courtship_V2/train,red_data_unified_V3/train,train,train,val,/mmfs1/gscratch/portia/eabe/data/Johnson_lab/red_data/general_model/courtship_V2/train/2026_03_09_14_39_40/Cam2012855/Frame_415230.jpg,/mmfs1/gscratch/portia/eabe/data/Johnson_lab/red_data/red_data_unified_V3/train/2026_04_08_14_59_45/Cam2012855/Frame_415230.jpg,WingR_base=18.79px; T3R_Tro=12.17px; T3L_TaT3=10.00px; T2L_TaT3=8.94px; WingL_base=8.54px,,,
18.682,9.714,3.024,2.0,35,50,2d7ba11bb48d9fcf0858654127096267,0.987,2026_03_09_14_39_40,2026_04_08_14_59_45,Cam2012857,94114,7654,15162,0,1,unknown,unknown,general_model/courtship_V2/train,red_data_unified_V3/train,train,train,train,/mmfs1/gscratch/portia/eabe/data/Johnson_lab/red_data/general_model/courtship_V2/train/2026_03_09_14_39_40/Cam2012857/Frame_94114.jpg,/mmfs1/gscratch/portia/eabe/data/Johnson_lab/red_data/red_data_unified_V3/train/2026_04_08_14_59_45/Cam2012857/Frame_94114.jpg,Abd_tip=18.68px; WingR_base=16.12px; T3R_TaT3=9.90px; T1R_ThxCx=9.49px; T1L_ThxCx=8.06px,,,
18.682,10.197,2.953,1.707,34,50,3c3f21b7ec2a982f61687d312d14bd32,0.987,2026_03_09_14_39_40,2026_04_08_14_59_45,Cam2012861,94114,7655,15163,0,1,unknown,unknown,general_model/courtship_V2/train,red_data_unified_V3/train,train,train,train,/mmfs1/gscratch/portia/eabe/data/Johnson_lab/red_data/general_model/courtship_V2/train/2026_03_09_14_39_40/Cam2012861/Frame_94114.jpg,/mmfs1/gscratch/portia/eabe/data/Johnson_lab/red_data/red_data_unified_V3/train/2026_04_08_14_59_45/Cam2012861/Frame_94114.jpg,Abd_tip=18.68px; WingR_base=15.26px; T1R_ThxCx=10.44px; T3R_TaT3=9.90px; T1L_ThxCx=8.06px,,,
18.682,8.455,1.972,0.0,17,50,0babccf0140303a5ef1b4eb647fb1f2b,0.9984,2026_03_09_14_39_40,2026_04_07_11_33_33,Cam2012862,149413,8616,14788,0,0,unknown,unknown,general_model/courtship_V2/train,red_data_unified_V3/val,train,val,train,/mmfs1/gscratch/portia/eabe/data/Johnson_lab/red_data/general_model/courtship_V2/train/2026_03_09_14_39_40/Cam2012862/Frame_149413.jpg,/mmfs1/gscratch/portia/eabe/data/Johnson_lab/red_data/red_data_unified_V3/val/2026_04_07_11_33_33/Cam2012862/Frame_149413.jpg,Scutellum=18.68px; T2L_Tro=12.17px; T1L_ThxCx=10.20px; T3L_TaT3=6.32px; T1L_TaT3=5.83px,,,
18.682,10.773,2.264,0.0,16,50,24247eedbb4f91b238e43e1bc4eaebe4,1.0,2026_03_09_14_39_40,2026_04_08_14_59_45,Cam2012862,149552,8828,15983,0,1,unknown,unknown,general_model/courtship_V2/train,red_data_unified_V3/train,train,train,train,/mmfs1/gscratch/portia/eabe/data/Johnson_lab/red_data/general_model/courtship_V2/train/2026_03_09_14_39_40/Cam2012862/Frame_149552.jpg,/mmfs1/gscratch/portia/eabe/data/Johnson_lab/red_data/red_data_unified_V3/train/2026_04_08_14_59_45/Cam2012862/Frame_149552.jpg,T3R_TaT1=18.68px; T1R_TaT3=12.21px; Scutellum=11.05px; T3L_TaT3=10.44px; EyeL=10.05px,,,
18.682,10.672,2.318,0.0,15,50,7bb751a57014f765a0eaf98c58c89f30,1.0,2026_03_09_14_39_40,2026_04_08_14_59_45,Cam2012631,149552,8823,15978,0,1,unknown,unknown,general_model/courtship_V2/train,red_data_unified_V3/train,train,train,train,/mmfs1/gscratch/portia/eabe/data/Johnson_lab/red_data/general_model/courtship_V2/train/2026_03_09_14_39_40/Cam2012631/Frame_149552.jpg,/mmfs1/gscratch/portia/eabe/data/Johnson_lab/red_data/red_data_unified_V3/train/2026_04_08_14_59_45/Cam2012631/Frame_149552.jpg,T3R_TaT1=18.68px; EyeL=12.04px; Scutellum=11.18px; WingR_base=10.05px; WingL_base=9.90px,,,
18.682,15.464,1.561,0.0,5,50,64d9741197e0dda832ae7aa59a005c47,1.0,2026_03_09_14_39_40,2026_04_08_14_59_45,Cam2012855,149654,8979,16218,0,1,unknown,unknown,general_model/courtship_V2/train,red_data_unified_V3/train,train,train,train,/mmfs1/gscratch/portia/eabe/data/Johnson_lab/red_data/general_model/courtship_V2/train/2026_03_09_14_39_40/Cam2012855/Frame_149654.jpg,/mmfs1/gscratch/portia/eabe/data/Johnson_lab/red_data/red_data_unified_V3/train/2026_04_08_14_59_45/Cam2012855/Frame_149654.jpg,T3R_Tro=18.68px; T2R_Tro=18.03px; Scutellum=16.40px; T1R_ThxCx=14.32px; T1R_Tro=10.63px,,,
18.601,9.47,2.564,1.414,30,50,5bf0ecafdf3e531e530dcbcdb7b36cd4,0.9971,2026_03_09_14_39_40,2026_04_08_14_59_45,Cam2012862,415214,10558,17875,0,1,unknown,unknown,general_model/courtship_V2/train,red_data_unified_V3/train,train,train,val,/mmfs1/gscratch/portia/eabe/data/Johnson_lab/red_data/general_model/courtship_V2/train/2026_03_09_14_39_40/Cam2012862/Frame_415214.jpg,/mmfs1/gscratch/portia/eabe/data/Johnson_lab/red_data/red_data_unified_V3/train/2026_04_08_14_59_45/Cam2012862/Frame_415214.jpg,WingR_base=18.60px; T1R_TaT3=10.00px; WingL_base=9.90px; T3L_TaT3=8.94px; T2R_TaT3=8.25px,,,
18.601,8.347,2.44,1.0,29,50,060033610d38f5e7ecfa66687c7d78f1,0.9675,2026_03_09_14_39_40,2026_04_08_14_59_45,Cam2012855,415214,10555,17872,0,1,unknown,unknown,general_model/courtship_V2/train,red_data_unified_V3/train,train,train,val,/mmfs1/gscratch/portia/eabe/data/Johnson_lab/red_data/general_model/courtship_V2/train/2026_03_09_14_39_40/Cam2012855/Frame_415214.jpg,/mmfs1/gscratch/portia/eabe/data/Johnson_lab/red_data/red_data_unified_V3/train/2026_04_08_14_59_45/Cam2012855/Frame_415214.jpg,WingR_base=18.60px; Abd_A4=13.60px; T3L_TaT3=9.22px; T2L_TaT3=7.28px; WingL_base=7.07px,,,
18.601,5.772,1.501,0.0,20,50,810d2a2c6b8d770df1f07c885d98b669,0.9867,2026_03_09_14_39_40,2026_04_08_14_59_45,Cam2012630,415237,10629,17995,0,1,unknown,unknown,general_model/courtship_V2/train,red_data_unified_V3/train,train,train,val,/mmfs1/gscratch/portia/eabe/data/Johnson_lab/red_data/general_model/courtship_V2/train/2026_03_09_14_39_40/Cam2012630/Frame_415237.jpg,/mmfs1/gscratch/portia/eabe/data/Johnson_lab/red_data/red_data_unified_V3/train/2026_04_08_14_59_45/Cam2012630/Frame_415237.jpg,WingR_base=18.60px; T3R_TaT3=7.21px; T3L_TaT3=6.40px; T1R_TaT3=5.00px; T2L_TaT3=4.24px,,,
18.439,14.173,3.622,1.5,33,50,6a98ef184dfaed4ac38639bf49241ed1,0.9994,2026_03_09_14_39_40,2026_04_08_14_59_45,Cam2012630,94146,7748,15284,0,1,unknown,unknown,general_model/courtship_V2/train,red_data_unified_V3/train,train,train,train,/mmfs1/gscratch/portia/eabe/data/Johnson_lab/red_data/general_model/courtship_V2/train/2026_03_09_14_39_40/Cam2012630/Frame_94146.jpg,/mmfs1/gscratch/portia/eabe/data/Johnson_lab/red_data/red_data_unified_V3/train/2026_04_08_14_59_45/Cam2012630/Frame_94146.jpg,T2R_Tro=18.44px; T3L_Tro=18.25px; T1R_Tro=15.13px; T1L_Tro=13.00px; Scutellum=12.00px,,,
18.439,7.949,2.0,0.0,20,50,358e8239690c4786f1231ed005297b2e,0.9929,2026_03_09_14_39_40,2026_04_08_14_59_45,Cam2012857,415219,10563,17887,0,1,unknown,unknown,general_model/courtship_V2/train,red_data_unified_V3/train,train,train,val,/mmfs1/gscratch/portia/eabe/data/Johnson_lab/red_data/general_model/courtship_V2/train/2026_03_09_14_39_40/Cam2012857/Frame_415219.jpg,/mmfs1/gscratch/portia/eabe/data/Johnson_lab/red_data/red_data_unified_V3/train/2026_04_08_14_59_45/Cam2012857/Frame_415219.jpg,WingR_base=18.44px; T1L_ThxCx=8.94px; T1L_TaT3=8.06px; T1R_TaT3=7.81px; T3L_TaT3=7.62px,,,
18.439,12.024,2.27,0.0,19,50,7f05b1fdfd5e769a1ee8f71fd6cb175c,1.0,2026_03_09_14_39_40,2026_04_08_14_59_45,Cam2012630,149612,8913,16103,0,1,unknown,unknown,general_model/courtship_V2/train,red_data_unified_V3/train,train,train,train,/mmfs1/gscratch/portia/eabe/data/Johnson_lab/red_data/general_model/courtship_V2/train/2026_03_09_14_39_40/Cam2012630/Frame_149612.jpg,/mmfs1/gscratch/portia/eabe/data/Johnson_lab/red_data/red_data_unified_V3/train/2026_04_08_14_59_45/Cam2012630/Frame_149612.jpg,T2L_Tro=18.44px; T3R_Tro=18.25px; T1L_Tro=14.32px; Scutellum=9.22px; T3R_FeTi=7.21px,,,
18.439,6.0,1.345,0.0,11,50,26bb7a3a02a3292eff58ceaff5390e12,0.9659,2026_03_09_14_39_40,2026_04_08_14_59_45,Cam2012861,227739,9632,16754,0,1,unknown,unknown,general_model/courtship_V2/train,red_data_unified_V3/train,train,train,train,/mmfs1/gscratch/portia/eabe/data/Johnson_lab/red_data/general_model/courtship_V2/train/2026_03_09_14_39_40/Cam2012861/Frame_227739.jpg,/mmfs1/gscratch/portia/eabe/data/Johnson_lab/red_data/red_data_unified_V3/train/2026_04_08_14_59_45/Cam2012861/Frame_227739.jpg,Antenna_Base=18.44px; T3R_TaT3=6.32px; Scutellum=6.00px; T3L_TaT3=6.00px; WingL_V13=5.83px,,,
18.439,8.163,1.341,0.0,10,50,7732e93d223b65c17eb590574b709ef5,1.0,2026_03_09_14_39_40,2026_04_07_11_33_33,Cam2012861,227727,9611,14952,0,0,unknown,unknown,general_model/courtship_V2/train,red_data_unified_V3/val,train,val,train,/mmfs1/gscratch/portia/eabe/data/Johnson_lab/red_data/general_model/courtship_V2/train/2026_03_09_14_39_40/Cam2012861/Frame_227727.jpg,/mmfs1/gscratch/portia/eabe/data/Johnson_lab/red_data/red_data_unified_V3/val/2026_04_07_11_33_33/Cam2012861/Frame_227727.jpg,Antenna_Base=18.44px; Scutellum=11.05px; T1R_TaT3=8.25px; T3R_TaT3=8.06px; T3L_TaT3=5.39px,,,
18.385,10.683,2.99,2.0,38,50,590f144328cd36417e51180325a9c714,0.9982,2026_03_09_14_39_40,2026_04_08_14_59_45,Cam2012630,94144,7741,15270,0,1,unknown,unknown,general_model/courtship_V2/train,red_data_unified_V3/train,train,train,train,/mmfs1/gscratch/portia/eabe/data/Johnson_lab/red_data/general_model/courtship_V2/train/2026_03_09_14_39_40/Cam2012630/Frame_94144.jpg,/mmfs1/gscratch/portia/eabe/data/Johnson_lab/red_data/red_data_unified_V3/train/2026_04_08_14_59_45/Cam2012630/Frame_94144.jpg,T2R_Tro=18.38px; T1L_ThxCx=13.04px; T1L_Tro=11.70px; T2L_Tro=9.43px; T3L_Tro=9.06px,,,
18.385,7.963,1.564,0.0,15,50,48e72b24b11329f45cdc6a6c01d56033,0.9973,2026_03_09_14_39_40,2026_04_08_14_59_45,Cam2012862,149536,8800,15927,0,1,unknown,unknown,general_model/courtship_V2/train,red_data_unified_V3/train,train,train,train,/mmfs1/gscratch/portia/eabe/data/Johnson_lab/red_data/general_model/courtship_V2/train/2026_03_09_14_39_40/Cam2012862/Frame_149536.jpg,/mmfs1/gscratch/portia/eabe/data/Johnson_lab/red_data/red_data_unified_V3/train/2026_04_08_14_59_45/Cam2012862/Frame_149536.jpg,T2L_TaT3=18.38px; T3L_TaT3=8.60px; T3R_TaT3=8.25px; WingL_base=7.62px; WingR_base=7.62px,,,
18.358,8.789,2.328,1.0,28,50,1c2fb1d226d41fdafd5cbaa727f7b83e,0.9941,2026_03_09_14_39_40,2026_04_08_14_59_45,Cam2012853,415225,10582,17927,0,1,unknown,unknown,general_model/courtship_V2/val,red_data_unified_V3/train,train,train,val,/mmfs1/gscratch/portia/eabe/data/Johnson_lab/red_data/general_model/courtship_V2/val/2026_03_09_14_39_40/Cam2012853/Frame_415225.jpg,/mmfs1/gscratch/portia/eabe/data/Johnson_lab/red_data/red_data_unified_V3/train/2026_04_08_14_59_45/Cam2012853/Frame_415225.jpg,WingR_base=18.36px; T2L_TaT3=10.44px; T3L_TaT3=9.43px; EyeL=8.00px; WingL_base=7.28px,,,
18.248,6.083,1.291,0.0,11,50,03e40d936f37b39ef24f2f92a2cb0404,0.9657,2026_03_09_14_39_40,2026_04_08_14_59_45,Cam2012857,227739,9631,16753,0,1,unknown,unknown,general_model/courtship_V2/train,red_data_unified_V3/train,train,train,train,/mmfs1/gscratch/portia/eabe/data/Johnson_lab/red_data/general_model/courtship_V2/train/2026_03_09_14_39_40/Cam2012857/Frame_227739.jpg,/mmfs1/gscratch/portia/eabe/data/Johnson_lab/red_data/red_data_unified_V3/train/2026_04_08_14_59_45/Cam2012857/Frame_227739.jpg,Antenna_Base=18.25px; WingL_V13=6.40px; Scutellum=6.08px; T3R_TaT3=6.08px; T3L_TaT3=6.00px,,,
18.248,6.368,1.206,0.0,11,50,f6180c916440a5a26b3801d24e608ffa,0.9924,2026_03_09_14_39_40,2026_04_08_14_59_45,Cam2012861,227915,9800,17082,0,1,unknown,unknown,general_model/courtship_V2/train,red_data_unified_V3/train,train,train,train,/mmfs1/gscratch/portia/eabe/data/Johnson_lab/red_data/general_model/courtship_V2/train/2026_03_09_14_39_40/Cam2012861/Frame_227915.jpg,/mmfs1/gscratch/portia/eabe/data/Johnson_lab/red_data/red_data_unified_V3/train/2026_04_08_14_59_45/Cam2012861/Frame_227915.jpg,Antenna_Base=18.25px; T3R_TaT3=7.00px; T1L_TaT3=6.40px; T3L_TaT3=6.32px; T2L_TaT3=5.39px,,,
18.111,5.535,1.194,0.0,13,50,665032425135339e74552379991ba7bc,0.9924,2026_03_09_14_39_40,2026_04_08_14_59_45,Cam2012857,227915,9799,17081,0,1,unknown,unknown,general_model/courtship_V2/train,red_data_unified_V3/train,train,train,train,/mmfs1/gscratch/portia/eabe/data/Johnson_lab/red_data/general_model/courtship_V2/train/2026_03_09_14_39_40/Cam2012857/Frame_227915.jpg,/mmfs1/gscratch/portia/eabe/data/Johnson_lab/red_data/red_data_unified_V3/train/2026_04_08_14_59_45/Cam2012857/Frame_227915.jpg,Antenna_Base=18.11px; T3R_TaT3=6.00px; T1L_TaT3=5.66px; T2L_TaT3=5.39px; T3L_TaT3=5.39px,,,
18.028,8.782,2.132,0.5,25,50,2ee7de1bf1481793de5529b3ec0e6f5c,0.9902,2026_03_09_14_39_40,2026_04_08_14_59_45,Cam2012853,415175,10470,17750,0,1,unknown,unknown,general_model/courtship_V2/train,red_data_unified_V3/train,train,train,val,/mmfs1/gscratch/portia/eabe/data/Johnson_lab/red_data/general_model/courtship_V2/train/2026_03_09_14_39_40/Cam2012853/Frame_415175.jpg,/mmfs1/gscratch/portia/eabe/data/Johnson_lab/red_data/red_data_unified_V3/train/2026_04_08_14_59_45/Cam2012853/Frame_415175.jpg,WingR_base=18.03px; T3R_TaT3=9.85px; T2L_TaT3=9.22px; T3L_TaT3=8.25px; T1R_TaT3=8.06px,,,
18.028,11.419,2.294,0.0,18,50,753b0597e307b3ae5f453552b0079a76,1.0,2026_03_09_14_39_40,2026_04_08_14_59_45,Cam2012862,149758,9157,16371,0,1,unknown,unknown,general_model/courtship_V2/train,red_data_unified_V3/train,train,train,train,/mmfs1/gscratch/portia/eabe/data/Johnson_lab/red_data/general_model/courtship_V2/train/2026_03_09_14_39_40/Cam2012862/Frame_149758.jpg,/mmfs1/gscratch/portia/eabe/data/Johnson_lab/red_data/red_data_unified_V3/train/2026_04_08_14_59_45/Cam2012862/Frame_149758.jpg,T1R_Tro=18.03px; T2L_TaT3=14.76px; T3L_TaT3=13.00px; T1L_TaT3=9.49px; Scutellum=8.06px,,,
18.028,7.177,1.347,0.0,13,50,151752d1154966b313640f65640d1b34,0.9929,2026_03_09_14_39_40,2026_04_07_11_33_33,Cam2012853,227735,9622,14962,0,0,unknown,unknown,general_model/courtship_V2/train,red_data_unified_V3/val,train,val,train,/mmfs1/gscratch/portia/eabe/data/Johnson_lab/red_data/general_model/courtship_V2/train/2026_03_09_14_39_40/Cam2012853/Frame_227735.jpg,/mmfs1/gscratch/portia/eabe/data/Johnson_lab/red_data/red_data_unified_V3/val/2026_04_07_11_33_33/Cam2012853/Frame_227735.jpg,Antenna_Base=18.03px; T2L_TaT3=10.05px; T2R_TaT3=7.81px; T3L_TaT3=6.40px; T3R_TaT3=5.39px,,,
18.028,6.435,0.942,0.0,6,50,314770e4bb9f0329b6a7beccf72c7a3a,1.0,2026_03_09_14_39_40,2026_04_08_14_59_45,Cam2012853,227861,9720,17017,0,1,unknown,unknown,general_model/courtship_V2/train,red_data_unified_V3/train,train,train,train,/mmfs1/gscratch/portia/eabe/data/Johnson_lab/red_data/general_model/courtship_V2/train/2026_03_09_14_39_40/Cam2012853/Frame_227861.jpg,/mmfs1/gscratch/portia/eabe/data/Johnson_lab/red_data/red_data_unified_V3/train/2026_04_08_14_59_45/Cam2012853/Frame_227861.jpg,Antenna_Base=18.03px; T3R_TaT3=7.81px; T2L_TaT3=7.07px; T3L_TaT3=5.66px; T1R_TaT3=5.39px,,,
18.0,11.021,2.208,0.0,17,50,69fd295472522f65fa394336061da7a2,0.9934,2026_03_09_14_39_40,2026_04_07_11_33_33,Cam2012853,149750,9139,14871,0,0,unknown,unknown,general_model/courtship_V2/train,red_data_unified_V3/val,train,val,train,/mmfs1/gscratch/portia/eabe/data/Johnson_lab/red_data/general_model/courtship_V2/train/2026_03_09_14_39_40/Cam2012853/Frame_149750.jpg,/mmfs1/gscratch/portia/eabe/data/Johnson_lab/red_data/red_data_unified_V3/val/2026_04_07_11_33_33/Cam2012853/Frame_149750.jpg,T1L_Tro=18.00px; T3L_TaT3=15.30px; T2R_TaT1=13.00px; T1R_TaT3=8.60px; T2R_TaT3=8.54px,,,
17.889,7.949,2.426,1.0,30,50,9e178f297027b5a87defe4fd3dcc5ade,0.9853,2026_03_09_14_39_40,2026_04_08_14_59_45,Cam2012855,415167,10436,17725,0,1,unknown,unknown,general_model/courtship_V2/train,red_data_unified_V3/train,train,train,val,/mmfs1/gscratch/portia/eabe/data/Johnson_lab/red_data/general_model/courtship_V2/train/2026_03_09_14_39_40/Cam2012855/Frame_415167.jpg,/mmfs1/gscratch/portia/eabe/data/Johnson_lab/red_data/red_data_unified_V3/train/2026_04_08_14_59_45/Cam2012855/Frame_415167.jpg,WingR_base=17.89px; T2L_TaT3=9.00px; T1R_TaT3=8.06px; T3L_TaT3=7.81px; T1L_TaT3=7.62px,,,
17.889,11.241,2.363,0.0,23,50,e3302eecb95301f893028b262fc6e0ad,0.9943,2026_03_09_14_39_40,2026_04_08_14_59_45,Cam2012853,415230,10617,17969,0,1,unknown,unknown,general_model/courtship_V2/train,red_data_unified_V3/train,train,train,val,/mmfs1/gscratch/portia/eabe/data/Johnson_lab/red_data/general_model/courtship_V2/train/2026_03_09_14_39_40/Cam2012853/Frame_415230.jpg,/mmfs1/gscratch/portia/eabe/data/Johnson_lab/red_data/red_data_unified_V3/train/2026_04_08_14_59_45/Cam2012853/Frame_415230.jpg,WingR_base=17.89px; T3R_Tro=15.13px; T3L_TaT3=11.40px; T2L_Tro=11.05px; T2L_TaT3=8.06px,,,
17.804,8.776,3.107,2.236,34,50,73d1dbf49dd70c718c3796d5132f7be2,0.9716,2026_03_09_14_39_40,2026_04_08_14_59_45,Cam2012857,415233,10626,17985,0,1,unknown,unknown,general_model/courtship_V2/train,red_data_unified_V3/train,train,train,val,/mmfs1/gscratch/portia/eabe/data/Johnson_lab/red_data/general_model/courtship_V2/train/2026_03_09_14_39_40/Cam2012857/Frame_415233.jpg,/mmfs1/gscratch/portia/eabe/data/Johnson_lab/red_data/red_data_unified_V3/train/2026_04_08_14_59_45/Cam2012857/Frame_415233.jpg,WingR_base=17.80px; WingL_base=12.17px; T1R_Tro=10.00px; EyeR=7.28px; Scutellum=7.21px,,,
17.804,8.776,3.067,2.236,33,50,01cc32d5a516d61d6854132bc2173333,0.9759,2026_03_09_14_39_40,2026_04_08_14_59_45,Cam2012861,415233,10627,17986,0,1,unknown,unknown,general_model/courtship_V2/train,red_data_unified_V3/train,train,train,val,/mmfs1/gscratch/portia/eabe/data/Johnson_lab/red_data/general_model/courtship_V2/train/2026_03_09_14_39_40/Cam2012861/Frame_415233.jpg,/mmfs1/gscratch/portia/eabe/data/Johnson_lab/red_data/red_data_unified_V3/train/2026_04_08_14_59_45/Cam2012861/Frame_415233.jpg,WingR_base=17.80px; WingL_base=12.17px; T1R_Tro=10.00px; EyeR=7.28px; Abd_A4=7.07px,,,
17.804,10.708,2.502,0.0,21,50,c9139ed11426ac00929a439b55d5224f,0.951,2026_03_09_14_39_40,2026_04_08_14_59_45,Cam2012631,415201,10525,17830,0,1,unknown,unknown,general_model/courtship_V2/train,red_data_unified_V3/train,train,train,val,/mmfs1/gscratch/portia/eabe/data/Johnson_lab/red_data/general_model/courtship_V2/train/2026_03_09_14_39_40/Cam2012631/Frame_415201.jpg,/mmfs1/gscratch/portia/eabe/data/Johnson_lab/red_data/red_data_unified_V3/train/2026_04_08_14_59_45/Cam2012631/Frame_415201.jpg,WingR_base=17.80px; WingL_base=11.40px; T3L_TaT3=11.05px; T3R_TaT3=10.30px; Abd_A4=7.81px,,,
17.804,8.158,1.856,0.0,20,50,7796d40bcd6fcf6ae4c85f7a8962e3b2,0.9781,2026_03_09_14_39_40,2026_04_08_14_59_45,Cam2012855,415219,10562,17886,0,1,unknown,unknown,general_model/courtship_V2/train,red_data_unified_V3/train,train,train,val,/mmfs1/gscratch/portia/eabe/data/Johnson_lab/red_data/general_model/courtship_V2/train/2026_03_09_14_39_40/Cam2012855/Frame_415219.jpg,/mmfs1/gscratch/portia/eabe/data/Johnson_lab/red_data/red_data_unified_V3/train/2026_04_08_14_59_45/Cam2012855/Frame_415219.jpg,WingR_base=17.80px; T1L_TaT3=9.49px; T3L_TaT3=8.60px; T1L_ThxCx=7.62px; T1R_TaT3=6.40px,,,
17.72,8.795,2.285,0.5,25,50,b986bf93b37a4be47bdc0b49a6417d22,0.983,2026_03_09_14_39_40,2026_04_08_14_59_45,Cam2012855,415175,10471,17751,0,1,unknown,unknown,general_model/courtship_V2/train,red_data_unified_V3/train,train,train,val,/mmfs1/gscratch/portia/eabe/data/Johnson_lab/red_data/general_model/courtship_V2/train/2026_03_09_14_39_40/Cam2012855/Frame_415175.jpg,/mmfs1/gscratch/portia/eabe/data/Johnson_lab/red_data/red_data_unified_V3/train/2026_04_08_14_59_45/Cam2012855/Frame_415175.jpg,WingR_base=17.72px; T2L_TaT3=10.20px; T3R_TaT3=9.00px; T1R_TaT3=8.54px; WingL_base=8.06px,,,
17.72,12.569,2.613,0.0,21,50,3162a26480e08bddae88b85b2b158c86,0.9748,2026_03_09_14_39_40,2026_04_08_14_59_45,Cam2012861,227750,9653,16792,0,1,unknown,unknown,general_model/courtship_V2/train,red_data_unified_V3/train,train,train,train,/mmfs1/gscratch/portia/eabe/data/Johnson_lab/red_data/general_model/courtship_V2/train/2026_03_09_14_39_40/Cam2012861/Frame_227750.jpg,/mmfs1/gscratch/portia/eabe/data/Johnson_lab/red_data/red_data_unified_V3/train/2026_04_08_14_59_45/Cam2012861/Frame_227750.jpg,Antenna_Base=17.72px; Scutellum=16.76px; T3L_TiTa=13.00px; T3L_TaT1=12.04px; T1L_Tro=10.82px,,,
17.692,9.552,2.519,1.0,28,50,501fe7044a8dc4adf098c54d6960b994,0.941,2026_03_09_14_39_40,2026_04_08_14_59_45,Cam2012861,415169,10445,17739,0,1,unknown,unknown,general_model/courtship_V2/train,red_data_unified_V3/train,train,train,val,/mmfs1/gscratch/portia/eabe/data/Johnson_lab/red_data/general_model/courtship_V2/train/2026_03_09_14_39_40/Cam2012861/Frame_415169.jpg,/mmfs1/gscratch/portia/eabe/data/Johnson_lab/red_data/red_data_unified_V3/train/2026_04_08_14_59_45/Cam2012861/Frame_415169.jpg,WingR_base=17.69px; WingL_base=11.66px; T1L_ThxCx=10.77px; T3L_TaT3=8.06px; T1R_TaT3=7.62px,,,
17.692,8.226,1.948,0.5,25,50,1a385c415477319be344090b2475ffa4,0.9909,2026_03_09_14_39_40,2026_04_07_11_33_33,Cam2012853,415226,10589,15097,0,0,unknown,unknown,general_model/courtship_V2/train,red_data_unified_V3/val,train,val,val,/mmfs1/gscratch/portia/eabe/data/Johnson_lab/red_data/general_model/courtship_V2/train/2026_03_09_14_39_40/Cam2012853/Frame_415226.jpg,/mmfs1/gscratch/portia/eabe/data/Johnson_lab/red_data/red_data_unified_V3/val/2026_04_07_11_33_33/Cam2012853/Frame_415226.jpg,WingR_base=17.69px; T3L_TaT3=10.44px; EyeL=9.00px; T1L_TaT3=7.28px; T2L_TaT3=7.28px,,,
17.493,8.518,2.68,2.0,34,50,1aa5f7113f2a0dca9132cc1ed4a3fec8,0.9761,2026_03_09_14_39_40,2026_04_08_14_59_45,Cam2012631,94100,7623,15117,0,1,unknown,unknown,general_model/courtship_V2/train,red_data_unified_V3/train,train,train,train,/mmfs1/gscratch/portia/eabe/data/Johnson_lab/red_data/general_model/courtship_V2/train/2026_03_09_14_39_40/Cam2012631/Frame_94100.jpg,/mmfs1/gscratch/portia/eabe/data/Johnson_lab/red_data/red_data_unified_V3/train/2026_04_08_14_59_45/Cam2012631/Frame_94100.jpg,WingR_base=17.49px; T1R_TaT3=10.63px; T2R_TaT3=8.54px; T3R_TaT3=8.49px; T3L_TaT3=8.00px,,,
17.493,9.745,2.925,1.0,27,50,395a90794ddb0292c421def3fdc4d39a,0.9681,2026_03_09_14_39_40,2026_04_08_14_59_45,Cam2012631,415225,10581,17926,0,1,unknown,unknown,general_model/courtship_V2/val,red_data_unified_V3/train,train,train,val,/mmfs1/gscratch/portia/eabe/data/Johnson_lab/red_data/general_model/courtship_V2/val/2026_03_09_14_39_40/Cam2012631/Frame_415225.jpg,/mmfs1/gscratch/portia/eabe/data/Johnson_lab/red_data/red_data_unified_V3/train/2026_04_08_14_59_45/Cam2012631/Frame_415225.jpg,WingR_base=17.49px; WingL_base=16.03px; EyeL=10.00px; T1R_TaT3=9.43px; T3L_TaT3=9.00px,,,
17.493,9.367,2.349,0.0,23,50,afd0ee575c8c9ab256109bba2f8449a5,0.967,2026_03_09_14_39_40,2026_04_07_11_33_33,Cam2012631,415199,10518,15083,0,0,unknown,unknown,general_model/courtship_V2/train,red_data_unified_V3/val,train,val,val,/mmfs1/gscratch/portia/eabe/data/Johnson_lab/red_data/general_model/courtship_V2/train/2026_03_09_14_39_40/Cam2012631/Frame_415199.jpg,/mmfs1/gscratch/portia/eabe/data/Johnson_lab/red_data/red_data_unified_V3/val/2026_04_07_11_33_33/Cam2012631/Frame_415199.jpg,WingR_base=17.49px; WingL_base=13.04px; T2R_TaT3=9.49px; Scutellum=9.22px; T3L_TaT3=9.22px,,,
17.493,8.163,1.683,0.0,15,50,6f3ddb6c9bedbb64780b8716dfaf77f0,1.0,2026_03_09_14_39_40,2026_04_08_14_59_45,Cam2012853,149677,9006,16257,0,1,unknown,unknown,general_model/courtship_V2/train,red_data_unified_V3/train,train,train,train,/mmfs1/gscratch/portia/eabe/data/Johnson_lab/red_data/general_model/courtship_V2/train/2026_03_09_14_39_40/Cam2012853/Frame_149677.jpg,/mmfs1/gscratch/portia/eabe/data/Johnson_lab/red_data/red_data_unified_V3/train/2026_04_08_14_59_45/Cam2012853/Frame_149677.jpg,WingR_V13=17.49px; T3R_TaT3=8.49px; T2R_TaT3=8.25px; T3L_TaT3=8.06px; WingL_base=7.21px,,,
17.464,7.137,1.569,0.0,15,50,ca618465c857a8896c5fbe96a20c6be5,0.9734,2026_03_09_14_39_40,2026_04_08_14_59_45,Cam2012855,150382,9287,16577,0,1,unknown,unknown,general_model/courtship_V2/train,red_data_unified_V3/train,train,train,train,/mmfs1/gscratch/portia/eabe/data/Johnson_lab/red_data/general_model/courtship_V2/train/2026_03_09_14_39_40/Cam2012855/Frame_150382.jpg,/mmfs1/gscratch/portia/eabe/data/Johnson_lab/red_data/red_data_unified_V3/train/2026_04_08_14_59_45/Cam2012855/Frame_150382.jpg,Scutellum=17.46px; WingR_base=12.04px; WingL_base=8.00px; T1L_TaT3=6.08px; WingR_V12=5.83px,,,
17.464,7.679,1.582,0.0,13,50,3051becaea7a784509a83252bd715574,0.9935,2026_03_09_14_39_40,2026_04_08_14_59_45,Cam2012853,149536,8796,15923,0,1,unknown,unknown,general_model/courtship_V2/train,red_data_unified_V3/train,train,train,train,/mmfs1/gscratch/portia/eabe/data/Johnson_lab/red_data/general_model/courtship_V2/train/2026_03_09_14_39_40/Cam2012853/Frame_149536.jpg,/mmfs1/gscratch/portia/eabe/data/Johnson_lab/red_data/red_data_unified_V3/train/2026_04_08_14_59_45/Cam2012853/Frame_149536.jpg,T2L_TaT3=17.46px; T3R_TaT3=9.49px; WingL_base=8.06px; T1R_TaT3=7.21px; T3L_TaT3=7.00px,,,
17.464,5.535,1.283,0.0,13,50,57beed1f42f52e9fe47c6af561b6ed5c,0.9998,2026_03_09_14_39_40,2026_04_07_11_33_33,Cam2012857,227721,9589,14939,0,0,unknown,unknown,general_model/courtship_V2/train,red_data_unified_V3/val,train,val,train,/mmfs1/gscratch/portia/eabe/data/Johnson_lab/red_data/general_model/courtship_V2/train/2026_03_09_14_39_40/Cam2012857/Frame_227721.jpg,/mmfs1/gscratch/portia/eabe/data/Johnson_lab/red_data/red_data_unified_V3/val/2026_04_07_11_33_33/Cam2012857/Frame_227721.jpg,Antenna_Base=17.46px; Scutellum=11.00px; T3L_TaT3=5.66px; T1R_TaT3=5.39px; T2L_TaTip=5.00px,,,
17.464,5.502,1.232,0.0,13,50,ecc0c31e4f535359edd1c94e3d1874dd,0.9997,2026_03_09_14_39_40,2026_04_07_11_33_33,Cam2012861,227721,9590,14940,0,0,unknown,unknown,general_model/courtship_V2/train,red_data_unified_V3/val,train,val,train,/mmfs1/gscratch/portia/eabe/data/Johnson_lab/red_data/general_model/courtship_V2/train/2026_03_09_14_39_40/Cam2012861/Frame_227721.jpg,/mmfs1/gscratch/portia/eabe/data/Johnson_lab/red_data/red_data_unified_V3/val/2026_04_07_11_33_33/Cam2012861/Frame_227721.jpg,Antenna_Base=17.46px; Scutellum=11.00px; T3L_TaT3=5.83px; T1R_TaT3=5.10px; T2L_TaTip=5.00px,,,
17.263,9.156,3.666,3.0,46,47,e90aa1164df8ce3e799acc41eeb4bc5e,0.919,2026_06_09_15_38_35,2026_06_10_15_05_02,Cam2012862,13912,23884,24108,0,0,unknown,unknown,general_model/headless_56_42/train,general_model/headless_56_42_1/train,train,train,-,/mmfs1/gscratch/portia/eabe/data/Johnson_lab/red_data/general_model/headless_56_42/train/2026_06_09_15_38_35/Cam2012862/Frame_13912.jpg,/mmfs1/gscratch/portia/eabe/data/Johnson_lab/red_data/general_model/headless_56_42_1/train/2026_06_10_15_05_02/Cam2012862/Frame_13912.jpg,T3R_TaTip=17.26px; T2R_Tro=14.87px; T3R_TaT1=10.05px; T3R_Tro=7.07px; T3R_TaT3=7.07px,2026_06_09_15_38_35_Cam2012862_Frame_13912__e90aa116.png,,
17.263,14.124,3.575,2.0,33,50,a411dc6efa4c99f50e373d1d0d8c3aaa,0.9815,2026_03_09_14_39_40,2026_04_07_11_33_33,Cam2012855,94158,7772,14757,0,0,unknown,unknown,general_model/courtship_V2/train,red_data_unified_V3/val,train,val,train,/mmfs1/gscratch/portia/eabe/data/Johnson_lab/red_data/general_model/courtship_V2/train/2026_03_09_14_39_40/Cam2012855/Frame_94158.jpg,/mmfs1/gscratch/portia/eabe/data/Johnson_lab/red_data/red_data_unified_V3/val/2026_04_07_11_33_33/Cam2012855/Frame_94158.jpg,T3L_Tro=17.26px; Abd_A4=15.13px; Scutellum=14.76px; T2L_Tro=13.34px; T1L_Tro=12.08px,,,
17.263,7.071,1.706,0.0,20,50,cbe5c366df59968788fbef97f5b23a57,1.0,2026_03_09_14_39_40,2026_04_08_14_59_45,Cam2012862,227890,9766,17053,0,1,unknown,unknown,general_model/courtship_V2/val,red_data_unified_V3/train,train,train,train,/mmfs1/gscratch/portia/eabe/data/Johnson_lab/red_data/general_model/courtship_V2/val/2026_03_09_14_39_40/Cam2012862/Frame_227890.jpg,/mmfs1/gscratch/portia/eabe/data/Johnson_lab/red_data/red_data_unified_V3/train/2026_04_08_14_59_45/Cam2012862/Frame_227890.jpg,Antenna_Base=17.26px; EyeR=8.54px; T1L_TaT3=7.07px; T1R_TaT3=7.07px; T3L_TaT3=6.71px,,,
17.263,6.222,1.282,0.0,13,50,cb92f45e98ac89cbb30817539885d429,0.9872,2026_03_09_14_39_40,2026_04_08_14_59_45,Cam2012631,227713,9565,16716,0,1,unknown,unknown,general_model/courtship_V2/train,red_data_unified_V3/train,train,train,train,/mmfs1/gscratch/portia/eabe/data/Johnson_lab/red_data/general_model/courtship_V2/train/2026_03_09_14_39_40/Cam2012631/Frame_227713.jpg,/mmfs1/gscratch/portia/eabe/data/Johnson_lab/red_data/red_data_unified_V3/train/2026_04_08_14_59_45/Cam2012631/Frame_227713.jpg,Antenna_Base=17.26px; T3R_TaT3=9.49px; T1R_TaT3=6.40px; T2R_TaT3=6.00px; WingL_V13=4.24px,,,
17.205,8.699,1.612,0.0,11,50,a8786768c22afdffe25244414aa06322,0.9788,2026_03_09_14_39_40,2026_04_08_14_59_45,Cam2012630,149709,9060,16304,0,1,unknown,unknown,general_model/courtship_V2/train,red_data_unified_V3/train,train,train,train,/mmfs1/gscratch/portia/eabe/data/Johnson_lab/red_data/general_model/courtship_V2/train/2026_03_09_14_39_40/Cam2012630/Frame_149709.jpg,/mmfs1/gscratch/portia/eabe/data/Johnson_lab/red_data/red_data_unified_V3/train/2026_04_08_14_59_45/Cam2012630/Frame_149709.jpg,T3L_TaT3=17.20px; T2L_TaT3=14.42px; T3R_TaT3=9.22px; T2R_TaT3=8.06px; WingL_base=8.00px,,,
17.205,6.666,0.956,0.0,5,50,182ca645b13b9ca5a2002e0dafca5f20,1.0,2026_03_09_14_39_40,2026_04_07_11_33_33,Cam2012857,150386,9295,14897,0,0,unknown,unknown,general_model/courtship_V2/train,red_data_unified_V3/val,train,val,train,/mmfs1/gscratch/portia/eabe/data/Johnson_lab/red_data/general_model/courtship_V2/train/2026_03_09_14_39_40/Cam2012857/Frame_150386.jpg,/mmfs1/gscratch/portia/eabe/data/Johnson_lab/red_data/red_data_unified_V3/val/2026_04_07_11_33_33/Cam2012857/Frame_150386.jpg,Scutellum=17.20px; WingL_base=11.40px; WingR_V12=7.21px; WingL_V13=6.00px; WingR_base=6.00px,,,
17.205,6.703,0.979,0.0,5,50,4966ad6e528cd2e0a445e6314ebefdd7,1.0,2026_03_09_14_39_40,2026_04_07_11_33_33,Cam2012861,150386,9296,14898,0,0,unknown,unknown,general_model/courtship_V2/train,red_data_unified_V3/val,train,val,train,/mmfs1/gscratch/portia/eabe/data/Johnson_lab/red_data/general_model/courtship_V2/train/2026_03_09_14_39_40/Cam2012861/Frame_150386.jpg,/mmfs1/gscratch/portia/eabe/data/Johnson_lab/red_data/red_data_unified_V3/val/2026_04_07_11_33_33/Cam2012861/Frame_150386.jpg,Scutellum=17.20px; WingL_base=12.37px; WingR_V12=7.21px; WingL_V13=6.08px; WingR_base=6.08px,,,
17.117,8.547,2.53,1.0,28,50,89c3a14d13720bf972227ec403a9981c,0.9718,2026_03_09_14_39_40,2026_04_08_14_59_45,Cam2012855,415191,10499,17796,0,1,unknown,unknown,general_model/courtship_V2/val,red_data_unified_V3/train,train,train,val,/mmfs1/gscratch/portia/eabe/data/Johnson_lab/red_data/general_model/courtship_V2/val/2026_03_09_14_39_40/Cam2012855/Frame_415191.jpg,/mmfs1/gscratch/portia/eabe/data/Johnson_lab/red_data/red_data_unified_V3/train/2026_04_08_14_59_45/Cam2012855/Frame_415191.jpg,WingR_base=17.12px; Scutellum=12.53px; T3L_TaT3=8.94px; T2L_TaT3=8.06px; T1R_TaT3=7.81px,,,
17.117,9.769,2.585,1.207,26,50,35c302c5e12df1d11b42f45f78ec34be,1.0,2026_03_09_14_39_40,2026_04_08_14_59_45,Cam2012862,227753,9668,16805,0,1,unknown,unknown,general_model/courtship_V2/train,red_data_unified_V3/train,train,train,train,/mmfs1/gscratch/portia/eabe/data/Johnson_lab/red_data/general_model/courtship_V2/train/2026_03_09_14_39_40/Cam2012862/Frame_227753.jpg,/mmfs1/gscratch/portia/eabe/data/Johnson_lab/red_data/red_data_unified_V3/train/2026_04_08_14_59_45/Cam2012862/Frame_227753.jpg,Antenna_Base=17.12px; T2L_TaT1=13.04px; Scutellum=10.00px; T2L_TaT3=9.49px; T3R_Tro=7.62px,,,
17.117,6.179,1.584,0.0,19,50,402beb24ee4bab63a55c7d38424e9816,0.9868,2026_03_09_14_39_40,2026_04_07_11_33_33,Cam2012631,227719,9579,14924,0,0,unknown,unknown,general_model/courtship_V2/train,red_data_unified_V3/val,train,val,train,/mmfs1/gscratch/portia/eabe/data/Johnson_lab/red_data/general_model/courtship_V2/train/2026_03_09_14_39_40/Cam2012631/Frame_227719.jpg,/mmfs1/gscratch/portia/eabe/data/Johnson_lab/red_data/red_data_unified_V3/val/2026_04_07_11_33_33/Cam2012631/Frame_227719.jpg,Antenna_Base=17.12px; Scutellum=7.28px; T3R_TaT3=6.32px; T2L_TaT3=6.00px; T3L_TaT3=6.00px,,,
17.088,10.897,3.103,1.414,29,50,db04cc9e75fd603497182b2ffc501cca,0.9893,2026_03_09_14_39_40,2026_04_08_14_59_45,Cam2012862,227709,9563,16709,0,1,unknown,unknown,general_model/courtship_V2/train,red_data_unified_V3/train,train,train,train,/mmfs1/gscratch/portia/eabe/data/Johnson_lab/red_data/general_model/courtship_V2/train/2026_03_09_14_39_40/Cam2012862/Frame_227709.jpg,/mmfs1/gscratch/portia/eabe/data/Johnson_lab/red_data/red_data_unified_V3/train/2026_04_08_14_59_45/Cam2012862/Frame_227709.jpg,T3L_Tro=17.09px; WingR_base=14.32px; T1R_TaT3=11.00px; T3R_TaT3=10.77px; T2R_TaT3=10.00px,,,
17.088,13.988,2.875,0.0,17,50,f67f5d90385c12dcd81cfbcecf7a1419,0.9978,2026_03_09_14_39_40,2026_04_08_14_59_45,Cam2012631,149464,8683,15726,0,1,unknown,unknown,general_model/courtship_V2/train,red_data_unified_V3/train,train,train,train,/mmfs1/gscratch/portia/eabe/data/Johnson_lab/red_data/general_model/courtship_V2/train/2026_03_09_14_39_40/Cam2012631/Frame_149464.jpg,/mmfs1/gscratch/portia/eabe/data/Johnson_lab/red_data/red_data_unified_V3/train/2026_04_08_14_59_45/Cam2012631/Frame_149464.jpg,T3R_Tro=17.09px; T1R_Tro=16.55px; WingR_base=14.76px; Scutellum=13.04px; WingL_base=13.04px,,,
17.088,6.396,1.536,0.0,14,50,92781ebb2f1dbeef16a832a84570e46b,0.9932,2026_03_09_14_39_40,2026_04_08_14_59_45,Cam2012862,149782,9199,16431,0,1,unknown,unknown,general_model/courtship_V2/val,red_data_unified_V3/train,train,train,train,/mmfs1/gscratch/portia/eabe/data/Johnson_lab/red_data/general_model/courtship_V2/val/2026_03_09_14_39_40/Cam2012862/Frame_149782.jpg,/mmfs1/gscratch/portia/eabe/data/Johnson_lab/red_data/red_data_unified_V3/train/2026_04_08_14_59_45/Cam2012862/Frame_149782.jpg,T2L_TaT3=17.09px; T2R_Tro=12.17px; T3L_TaT3=7.00px; T1L_TaT1=5.66px; Scutellum=5.10px,,,
17.029,9.096,2.488,1.414,31,50,fefacb378490bc2129472aedd6fb85e9,0.9935,2026_03_09_14_39_40,2026_04_08_14_59_45,Cam2012855,415227,10597,17942,0,1,unknown,unknown,general_model/courtship_V2/train,red_data_unified_V3/train,train,train,val,/mmfs1/gscratch/portia/eabe/data/Johnson_lab/red_data/general_model/courtship_V2/train/2026_03_09_14_39_40/Cam2012855/Frame_415227.jpg,/mmfs1/gscratch/portia/eabe/data/Johnson_lab/red_data/red_data_unified_V3/train/2026_04_08_14_59_45/Cam2012855/Frame_415227.jpg,WingR_base=17.03px; T2L_TaT3=9.22px; T1R_TaT3=9.22px; T3L_TaT3=8.94px; EyeL=6.40px,,,
17.029,9.55,2.378,1.207,29,50,5a18b22ca611f4b0c694826e14f10e1e,0.9931,2026_03_09_14_39_40,2026_04_08_14_59_45,Cam2012853,415227,10596,17941,0,1,unknown,unknown,general_model/courtship_V2/train,red_data_unified_V3/train,train,train,val,/mmfs1/gscratch/portia/eabe/data/Johnson_lab/red_data/general_model/courtship_V2/train/2026_03_09_14_39_40/Cam2012853/Frame_415227.jpg,/mmfs1/gscratch/portia/eabe/data/Johnson_lab/red_data/red_data_unified_V3/train/2026_04_08_14_59_45/Cam2012853/Frame_415227.jpg,WingR_base=17.03px; T2L_TaT3=10.82px; T3L_TaT3=10.00px; T2L_Tro=9.00px; T1R_TaT3=6.71px,,,
17.029,10.675,2.064,0.0,16,50,0b34310c90f7ffabc5c6cdb1eed136d6,0.9987,2026_03_09_14_39_40,2026_04_08_14_59_45,Cam2012857,149488,8728,15799,0,1,unknown,unknown,general_model/courtship_V2/train,red_data_unified_V3/train,train,train,train,/mmfs1/gscratch/portia/eabe/data/Johnson_lab/red_data/general_model/courtship_V2/train/2026_03_09_14_39_40/Cam2012857/Frame_149488.jpg,/mmfs1/gscratch/portia/eabe/data/Johnson_lab/red_data/red_data_unified_V3/train/2026_04_08_14_59_45/Cam2012857/Frame_149488.jpg,T1R_ThxCx=17.03px; WingL_base=14.04px; WingR_base=12.00px; T1L_ThxCx=9.06px; T3L_TaT3=7.62px,,,
17.029,9.575,1.597,0.0,12,50,e54696dadedaa8f53951122c4559fb35,0.9978,2026_03_09_14_39_40,2026_04_08_14_59_45,Cam2012862,149709,9066,16309,0,1,unknown,unknown,general_model/courtship_V2/train,red_data_unified_V3/train,train,train,train,/mmfs1/gscratch/portia/eabe/data/Johnson_lab/red_data/general_model/courtship_V2/train/2026_03_09_14_39_40/Cam2012862/Frame_149709.jpg,/mmfs1/gscratch/portia/eabe/data/Johnson_lab/red_data/red_data_unified_V3/train/2026_04_08_14_59_45/Cam2012862/Frame_149709.jpg,T3L_TaT3=17.03px; T2L_TaT3=12.81px; WingL_base=10.00px; Scutellum=9.06px; T3R_TaT3=7.62px,,,
17.0,8.226,2.472,1.0,31,50,f34aa00031449615da9debeb75e3f2ae,0.9871,2026_03_09_14_39_40,2026_04_08_14_59_45,Cam2012630,415233,10622,17981,0,1,unknown,unknown,general_model/courtship_V2/train,red_data_unified_V3/train,train,train,val,/mmfs1/gscratch/portia/eabe/data/Johnson_lab/red_data/general_model/courtship_V2/train/2026_03_09_14_39_40/Cam2012630/Frame_415233.jpg,/mmfs1/gscratch/portia/eabe/data/Johnson_lab/red_data/red_data_unified_V3/train/2026_04_08_14_59_45/Cam2012630/Frame_415233.jpg,WingR_base=17.00px; T3L_TaT3=9.22px; T1R_Tro=9.00px; T2R_TaT3=7.28px; EyeR=7.00px,,,
17.0,7.71,2.021,1.0,26,50,484071a92cf170e21ba468365c5b7f38,0.9919,2026_03_09_14_39_40,2026_04_08_14_59_45,Cam2012855,415203,10534,17844,0,1,unknown,unknown,general_model/courtship_V2/train,red_data_unified_V3/train,train,train,val,/mmfs1/gscratch/portia/eabe/data/Johnson_lab/red_data/general_model/courtship_V2/train/2026_03_09_14_39_40/Cam2012855/Frame_415203.jpg,/mmfs1/gscratch/portia/eabe/data/Johnson_lab/red_data/red_data_unified_V3/train/2026_04_08_14_59_45/Cam2012855/Frame_415203.jpg,WingR_base=17.00px; T3L_TaT3=13.00px; Abd_A4=8.06px; WingL_base=7.28px; T1R_TaT3=6.71px,,,
17.0,7.171,1.731,0.0,20,50,b73e360b4b0b8ed5d1809646a3090f11,0.9867,2026_03_09_14_39_40,2026_04_08_14_59_45,Cam2012853,415219,10561,17885,0,1,unknown,unknown,general_model/courtship_V2/train,red_data_unified_V3/train,train,train,val,/mmfs1/gscratch/portia/eabe/data/Johnson_lab/red_data/general_model/courtship_V2/train/2026_03_09_14_39_40/Cam2012853/Frame_415219.jpg,/mmfs1/gscratch/portia/eabe/data/Johnson_lab/red_data/red_data_unified_V3/train/2026_04_08_14_59_45/Cam2012853/Frame_415219.jpg,WingR_base=17.00px; T1L_TaT3=8.94px; T3L_TaT3=8.06px; T2R_TaT3=6.08px; T1L_ThxCx=5.83px,,,
17.0,10.749,2.089,0.0,16,50,7bc8589dcab56e4b1b1784007eb5d3b8,0.9986,2026_03_09_14_39_40,2026_04_08_14_59_45,Cam2012861,149488,8729,15800,0,1,unknown,unknown,general_model/courtship_V2/train,red_data_unified_V3/train,train,train,train,/mmfs1/gscratch/portia/eabe/data/Johnson_lab/red_data/general_model/courtship_V2/train/2026_03_09_14_39_40/Cam2012861/Frame_149488.jpg,/mmfs1/gscratch/portia/eabe/data/Johnson_lab/red_data/red_data_unified_V3/train/2026_04_08_14_59_45/Cam2012861/Frame_149488.jpg,T1R_ThxCx=17.00px; WingL_base=14.00px; WingR_base=12.00px; T1L_ThxCx=9.22px; T1L_TaT3=8.06px,,,
16.763,9.691,2.849,1.707,36,50,4084c01087f23092a865bb2d4f8294e6,0.9683,2026_03_09_14_39_40,2026_04_08_14_59_45,Cam2012631,94114,7651,15159,0,1,unknown,unknown,general_model/courtship_V2/train,red_data_unified_V3/train,train,train,train,/mmfs1/gscratch/portia/eabe/data/Johnson_lab/red_data/general_model/courtship_V2/train/2026_03_09_14_39_40/Cam2012631/Frame_94114.jpg,/mmfs1/gscratch/portia/eabe/data/Johnson_lab/red_data/red_data_unified_V3/train/2026_04_08_14_59_45/Cam2012631/Frame_94114.jpg,Abd_tip=16.76px; WingR_base=16.55px; T3R_TaT3=10.63px; T1R_ThxCx=8.54px; T3L_TaT3=8.06px,,,
16.763,7.827,1.834,0.0,17,50,841f7bd9176229c4238cadf10e86a101,1.0,2026_03_09_14_39_40,2026_04_07_11_33_33,Cam2012861,149413,8615,14787,0,0,unknown,unknown,general_model/courtship_V2/train,red_data_unified_V3/val,train,val,train,/mmfs1/gscratch/portia/eabe/data/Johnson_lab/red_data/general_model/courtship_V2/train/2026_03_09_14_39_40/Cam2012861/Frame_149413.jpg,/mmfs1/gscratch/portia/eabe/data/Johnson_lab/red_data/red_data_unified_V3/val/2026_04_07_11_33_33/Cam2012861/Frame_149413.jpg,Scutellum=16.76px; T2L_Tro=12.53px; T1L_ThxCx=9.06px; T1R_TaT3=6.32px; T1L_TaT3=5.39px,,,
16.763,11.49,2.279,0.0,15,50,e1e702bf7c6dce735be73663112dd0fb,0.9972,2026_03_09_14_39_40,2026_04_08_14_59_45,Cam2012862,149720,9087,16333,0,1,unknown,unknown,general_model/courtship_V2/train,red_data_unified_V3/train,train,train,train,/mmfs1/gscratch/portia/eabe/data/Johnson_lab/red_data/general_model/courtship_V2/train/2026_03_09_14_39_40/Cam2012862/Frame_149720.jpg,/mmfs1/gscratch/portia/eabe/data/Johnson_lab/red_data/red_data_unified_V3/train/2026_04_08_14_59_45/Cam2012862/Frame_149720.jpg,T2L_TaT3=16.76px; T3L_TaT3=12.53px; T1R_TaT3=12.04px; T1L_TaT3=10.82px; T2L_TaT1=7.62px,,,
16.643,8.852,2.38,1.0,30,50,66aa4fc3d73009c9ca65ecba2e283a30,0.9943,2026_03_09_14_39_40,2026_04_08_14_59_45,Cam2012853,415167,10435,17724,0,1,unknown,unknown,general_model/courtship_V2/train,red_data_unified_V3/train,train,train,val,/mmfs1/gscratch/portia/eabe/data/Johnson_lab/red_data/general_model/courtship_V2/train/2026_03_09_14_39_40/Cam2012853/Frame_415167.jpg,/mmfs1/gscratch/portia/eabe/data/Johnson_lab/red_data/red_data_unified_V3/train/2026_04_08_14_59_45/Cam2012853/Frame_415167.jpg,WingR_base=16.64px; T2L_TaT3=11.00px; T2R_TaT3=9.06px; T3L_TaT3=8.60px; T1R_TaT3=8.25px,,,
16.643,8.463,2.361,1.0,27,50,d8bbed80f4d793a85546dcf391a60389,0.9806,2026_03_09_14_39_40,2026_04_08_14_59_45,Cam2012861,415167,10438,17727,0,1,unknown,unknown,general_model/courtship_V2/train,red_data_unified_V3/train,train,train,val,/mmfs1/gscratch/portia/eabe/data/Johnson_lab/red_data/general_model/courtship_V2/train/2026_03_09_14_39_40/Cam2012861/Frame_415167.jpg,/mmfs1/gscratch/portia/eabe/data/Johnson_lab/red_data/red_data_unified_V3/train/2026_04_08_14_59_45/Cam2012861/Frame_415167.jpg,WingR_base=16.64px; WingL_base=11.00px; T1R_TaT3=9.49px; T1L_ThxCx=7.21px; T3L_TaT3=7.21px,,,
16.643,7.465,1.97,0.5,25,50,8b15e972195572ab62a0703d3cd11856,0.9853,2026_03_09_14_39_40,2026_04_08_14_59_45,Cam2012853,415210,10547,17857,0,1,unknown,unknown,general_model/courtship_V2/train,red_data_unified_V3/train,train,train,val,/mmfs1/gscratch/portia/eabe/data/Johnson_lab/red_data/general_model/courtship_V2/train/2026_03_09_14_39_40/Cam2012853/Frame_415210.jpg,/mmfs1/gscratch/portia/eabe/data/Johnson_lab/red_data/red_data_unified_V3/train/2026_04_08_14_59_45/Cam2012853/Frame_415210.jpg,WingR_base=16.64px; T3L_TaT3=8.54px; T2L_TaT3=7.62px; T2R_FeTi=7.28px; T3R_TaT3=6.40px,,,
16.643,9.146,2.247,0.0,21,50,a8ef31eff383140e99ac2bf8f6e1160b,0.9944,2026_03_09_14_39_40,2026_04_08_14_59_45,Cam2012862,227750,9654,16793,0,1,unknown,unknown,general_model/courtship_V2/train,red_data_unified_V3/train,train,train,train,/mmfs1/gscratch/portia/eabe/data/Johnson_lab/red_data/general_model/courtship_V2/train/2026_03_09_14_39_40/Cam2012862/Frame_227750.jpg,/mmfs1/gscratch/portia/eabe/data/Johnson_lab/red_data/red_data_unified_V3/train/2026_04_08_14_59_45/Cam2012862/Frame_227750.jpg,T1R_Tro=16.64px; Antenna_Base=9.85px; T1L_Tro=9.22px; T3L_TiTa=9.06px; Scutellum=8.94px,,,
16.643,7.81,1.983,0.0,19,50,20acdb9884772f63eb3f4238e14e65c7,0.9697,2026_03_09_14_39_40,2026_04_08_14_59_45,Cam2012631,415219,10560,17884,0,1,unknown,unknown,general_model/courtship_V2/train,red_data_unified_V3/train,train,train,val,/mmfs1/gscratch/portia/eabe/data/Johnson_lab/red_data/general_model/courtship_V2/train/2026_03_09_14_39_40/Cam2012631/Frame_415219.jpg,/mmfs1/gscratch/portia/eabe/data/Johnson_lab/red_data/red_data_unified_V3/train/2026_04_08_14_59_45/Cam2012631/Frame_415219.jpg,WingR_base=16.64px; T1L_TaT3=8.00px; T1R_TaT3=7.81px; T3R_TaT3=7.81px; T1L_ThxCx=7.62px,,,
16.553,9.891,2.108,0.0,22,50,18239a5a85e363c8bc05c5119a9516ee,0.9984,2026_03_09_14_39_40,2026_04_08_14_59_45,Cam2012862,149401,8595,15584,0,1,unknown,unknown,general_model/courtship_V2/train,red_data_unified_V3/train,train,train,train,/mmfs1/gscratch/portia/eabe/data/Johnson_lab/red_data/general_model/courtship_V2/train/2026_03_09_14_39_40/Cam2012862/Frame_149401.jpg,/mmfs1/gscratch/portia/eabe/data/Johnson_lab/red_data/red_data_unified_V3/train/2026_04_08_14_59_45/Cam2012862/Frame_149401.jpg,Scutellum=16.55px; T3R_FeTi=12.17px; T1R_Tro=10.44px; T2R_Tro=9.22px; T3R_Tro=5.10px,,,
16.553,11.457,2.146,0.0,18,50,49cc4ff35387f64756b5e16171f90d67,1.0,2026_03_09_14_39_40,2026_04_08_14_59_45,Cam2012630,149758,9151,16366,0,1,unknown,unknown,general_model/courtship_V2/train,red_data_unified_V3/train,train,train,train,/mmfs1/gscratch/portia/eabe/data/Johnson_lab/red_data/general_model/courtship_V2/train/2026_03_09_14_39_40/Cam2012630/Frame_149758.jpg,/mmfs1/gscratch/portia/eabe/data/Johnson_lab/red_data/red_data_unified_V3/train/2026_04_08_14_59_45/Cam2012630/Frame_149758.jpg,T2L_TaT3=16.55px; T1R_Tro=16.03px; T3L_TaT3=12.65px; T1L_TaT3=10.00px; T1L_ThxCx=6.00px,,,
16.492,10.067,2.96,1.414,37,50,087d1176b3805e72b162ac58f2d23640,0.9733,2026_03_09_14_39_40,2026_04_08_14_59_45,Cam2012855,94114,7653,15161,0,1,unknown,unknown,general_model/courtship_V2/train,red_data_unified_V3/train,train,train,train,/mmfs1/gscratch/portia/eabe/data/Johnson_lab/red_data/general_model/courtship_V2/train/2026_03_09_14_39_40/Cam2012855/Frame_94114.jpg,/mmfs1/gscratch/portia/eabe/data/Johnson_lab/red_data/red_data_unified_V3/train/2026_04_08_14_59_45/Cam2012855/Frame_94114.jpg,Abd_tip=16.49px; T3R_Tro=12.65px; WingR_base=11.31px; T1R_ThxCx=8.54px; T3L_TaT3=8.06px,,,
16.492,12.664,2.586,0.0,21,50,1cc36815011932be50c53e14c45b6b9f,0.9751,2026_03_09_14_39_40,2026_04_08_14_59_45,Cam2012857,227750,9652,16791,0,1,unknown,unknown,general_model/courtship_V2/train,red_data_unified_V3/train,train,train,train,/mmfs1/gscratch/portia/eabe/data/Johnson_lab/red_data/general_model/courtship_V2/train/2026_03_09_14_39_40/Cam2012857/Frame_227750.jpg,/mmfs1/gscratch/portia/eabe/data/Johnson_lab/red_data/red_data_unified_V3/train/2026_04_08_14_59_45/Cam2012857/Frame_227750.jpg,Antenna_Base=16.49px; Scutellum=15.81px; T3L_TiTa=13.04px; T1L_Tro=12.21px; T3L_TaT1=12.04px,,,
16.492,8.608,2.068,0.0,19,50,7d88884e7b7c9ee3dd8771e6b57a49d7,0.9997,2026_03_09_14_39_40,2026_04_07_11_33_33,Cam2012862,149744,9129,14863,0,0,unknown,unknown,general_model/courtship_V2/train,red_data_unified_V3/val,train,val,train,/mmfs1/gscratch/portia/eabe/data/Johnson_lab/red_data/general_model/courtship_V2/train/2026_03_09_14_39_40/Cam2012862/Frame_149744.jpg,/mmfs1/gscratch/portia/eabe/data/Johnson_lab/red_data/red_data_unified_V3/val/2026_04_07_11_33_33/Cam2012862/Frame_149744.jpg,Abd_tip=16.49px; T1R_TaT3=10.20px; T2R_TaT3=9.06px; T3L_TaT3=8.06px; T1L_TaT3=7.00px,,,
16.492,9.55,1.829,0.0,17,50,f2cf71b7f95ccfd9a29e5cb1367e84fa,0.9999,2026_03_09_14_39_40,2026_04_08_14_59_45,Cam2012630,149639,8955,16173,0,1,unknown,unknown,general_model/courtship_V2/train,red_data_unified_V3/train,train,train,train,/mmfs1/gscratch/portia/eabe/data/Johnson_lab/red_data/general_model/courtship_V2/train/2026_03_09_14_39_40/Cam2012630/Frame_149639.jpg,/mmfs1/gscratch/portia/eabe/data/Johnson_lab/red_data/red_data_unified_V3/train/2026_04_08_14_59_45/Cam2012630/Frame_149639.jpg,T2R_Tro=16.49px; T1R_Tro=12.81px; T3R_Tro=10.00px; T2R_FeTi=9.00px; T2L_TaT3=8.94px,,,
16.492,7.148,1.309,0.0,14,50,fc6c1dd86492cc6611eb198d40ffc239,0.9987,2026_03_09_14_39_40,2026_04_08_14_59_45,Cam2012631,227895,9768,17059,0,1,unknown,unknown,general_model/courtship_V2/train,red_data_unified_V3/train,train,train,train,/mmfs1/gscratch/portia/eabe/data/Johnson_lab/red_data/general_model/courtship_V2/train/2026_03_09_14_39_40/Cam2012631/Frame_227895.jpg,/mmfs1/gscratch/portia/eabe/data/Johnson_lab/red_data/red_data_unified_V3/train/2026_04_08_14_59_45/Cam2012631/Frame_227895.jpg,Antenna_Base=16.49px; T1L_TaT3=7.62px; T2L_TaT3=7.21px; T3L_TaT3=7.07px; T1R_TaT3=5.66px,,,
16.401,7.468,1.806,0.0,18,50,be90453d51a14a524c88f4bc4916932c,0.9914,2026_03_09_14_39_40,2026_04_08_14_59_45,Cam2012853,149639,8957,16175,0,1,unknown,unknown,general_model/courtship_V2/train,red_data_unified_V3/train,train,train,train,/mmfs1/gscratch/portia/eabe/data/Johnson_lab/red_data/general_model/courtship_V2/train/2026_03_09_14_39_40/Cam2012853/Frame_149639.jpg,/mmfs1/gscratch/portia/eabe/data/Johnson_lab/red_data/red_data_unified_V3/train/2026_04_08_14_59_45/Cam2012853/Frame_149639.jpg,T3R_Tro=16.40px; T2R_FeTi=14.00px; T1R_Tro=9.49px; T1L_TaT3=5.00px; T2L_TaT3=5.00px,,,
16.279,9.777,2.473,1.0,27,50,7dfedacb362f480d90beb20677ae23d4,0.9412,2026_03_09_14_39_40,2026_04_08_14_59_45,Cam2012857,415169,10444,17738,0,1,unknown,unknown,general_model/courtship_V2/train,red_data_unified_V3/train,train,train,val,/mmfs1/gscratch/portia/eabe/data/Johnson_lab/red_data/general_model/courtship_V2/train/2026_03_09_14_39_40/Cam2012857/Frame_415169.jpg,/mmfs1/gscratch/portia/eabe/data/Johnson_lab/red_data/red_data_unified_V3/train/2026_04_08_14_59_45/Cam2012857/Frame_415169.jpg,WingR_base=16.28px; WingL_base=11.66px; T1L_ThxCx=11.18px; T3L_TaT3=8.06px; T1R_TaT3=7.62px,,,
16.279,5.0,1.148,0.0,13,50,120c3eacb377925c90edb63585ddc6f2,0.9866,2026_03_09_14_39_40,2026_04_08_14_59_45,Cam2012861,227713,9569,16720,0,1,unknown,unknown,general_model/courtship_V2/train,red_data_unified_V3/train,train,train,train,/mmfs1/gscratch/portia/eabe/data/Johnson_lab/red_data/general_model/courtship_V2/train/2026_03_09_14_39_40/Cam2012861/Frame_227713.jpg,/mmfs1/gscratch/portia/eabe/data/Johnson_lab/red_data/red_data_unified_V3/train/2026_04_08_14_59_45/Cam2012861/Frame_227713.jpg,Antenna_Base=16.28px; T3R_TaT3=8.06px; T1L_TaT3=5.00px; T3L_TaT3=5.00px; T1R_TaT3=5.00px,,,
16.155,5.822,1.637,0.0,21,50,4a0b8e4f4dff1ef62807dcfee151f1ef,0.9729,2026_03_09_14_39_40,2026_04_08_14_59_45,Cam2012631,415237,10630,17996,0,1,unknown,unknown,general_model/courtship_V2/train,red_data_unified_V3/train,train,train,val,/mmfs1/gscratch/portia/eabe/data/Johnson_lab/red_data/general_model/courtship_V2/train/2026_03_09_14_39_40/Cam2012631/Frame_415237.jpg,/mmfs1/gscratch/portia/eabe/data/Johnson_lab/red_data/red_data_unified_V3/train/2026_04_08_14_59_45/Cam2012631/Frame_415237.jpg,WingR_base=16.16px; T3R_TaT3=9.90px; T1R_TaT3=7.21px; T1L_TaTip=4.12px; T3L_TaT3=4.12px,,,
16.125,9.745,2.634,2.0,35,50,9920e160473704dea5d551a8b92aad70,0.9971,2026_03_09_14_39_40,2026_04_08_14_59_45,Cam2012862,94100,7628,15122,0,1,unknown,unknown,general_model/courtship_V2/train,red_data_unified_V3/train,train,train,train,/mmfs1/gscratch/portia/eabe/data/Johnson_lab/red_data/general_model/courtship_V2/train/2026_03_09_14_39_40/Cam2012862/Frame_94100.jpg,/mmfs1/gscratch/portia/eabe/data/Johnson_lab/red_data/red_data_unified_V3/train/2026_04_08_14_59_45/Cam2012862/Frame_94100.jpg,WingR_base=16.12px; T2R_TaT3=11.40px; T1R_TaT3=10.00px; T3R_TaT3=9.43px; T3L_TaT3=8.25px,,,
16.125,11.722,3.141,1.414,33,50,7ade14424495302f8505eeda513d2f1a,0.9876,2026_03_09_14_39_40,2026_04_08_14_59_45,Cam2012853,227701,9545,16681,0,1,unknown,unknown,general_model/courtship_V2/train,red_data_unified_V3/train,train,train,train,/mmfs1/gscratch/portia/eabe/data/Johnson_lab/red_data/general_model/courtship_V2/train/2026_03_09_14_39_40/Cam2012853/Frame_227701.jpg,/mmfs1/gscratch/portia/eabe/data/Johnson_lab/red_data/red_data_unified_V3/train/2026_04_08_14_59_45/Cam2012853/Frame_227701.jpg,T2L_Tro=16.12px; WingR_base=12.21px; T2R_TaT1=12.17px; T3R_TaT3=11.18px; EyeR=9.49px,,,
16.125,8.163,2.352,1.207,29,50,424a8cb94f3b2129060809ed228aafab,0.9858,2026_03_09_14_39_40,2026_04_08_14_59_45,Cam2012857,415167,10437,17726,0,1,unknown,unknown,general_model/courtship_V2/train,red_data_unified_V3/train,train,train,val,/mmfs1/gscratch/portia/eabe/data/Johnson_lab/red_data/general_model/courtship_V2/train/2026_03_09_14_39_40/Cam2012857/Frame_415167.jpg,/mmfs1/gscratch/portia/eabe/data/Johnson_lab/red_data/red_data_unified_V3/train/2026_04_08_14_59_45/Cam2012857/Frame_415167.jpg,WingR_base=16.12px; WingL_base=12.00px; T1R_TaT3=8.25px; T3L_TaT3=8.06px; T1L_ThxCx=6.71px,,,
16.125,11.475,2.702,0.0,24,50,97d349adc7ec49ca3fd2db3567c559ed,1.0,2026_03_09_14_39_40,2026_04_08_14_59_45,Cam2012853,149460,8677,15713,0,1,unknown,unknown,general_model/courtship_V2/val,red_data_unified_V3/train,train,train,train,/mmfs1/gscratch/portia/eabe/data/Johnson_lab/red_data/general_model/courtship_V2/val/2026_03_09_14_39_40/Cam2012853/Frame_149460.jpg,/mmfs1/gscratch/portia/eabe/data/Johnson_lab/red_data/red_data_unified_V3/train/2026_04_08_14_59_45/Cam2012853/Frame_149460.jpg,T3R_Tro=16.12px; T2L_Tro=15.00px; WingL_base=12.81px; WingR_base=9.85px; Scutellum=9.43px,,,
16.031,9.877,2.569,0.0,24,50,7288660e538d192f2d3ee16cadfd1ac5,0.9889,2026_03_09_14_39_40,2026_04_08_14_59_45,Cam2012853,149659,8992,16231,0,1,unknown,unknown,general_model/courtship_V2/train,red_data_unified_V3/train,train,train,train,/mmfs1/gscratch/portia/eabe/data/Johnson_lab/red_data/general_model/courtship_V2/train/2026_03_09_14_39_40/Cam2012853/Frame_149659.jpg,/mmfs1/gscratch/portia/eabe/data/Johnson_lab/red_data/red_data_unified_V3/train/2026_04_08_14_59_45/Cam2012853/Frame_149659.jpg,T1L_Tro=16.03px; Scutellum=10.82px; T1L_TaT3=9.90px; T1R_Tro=9.85px; T2L_TaT3=8.60px,,,
16.031,11.364,2.189,0.0,18,50,bf66a282154af310080a020b92f626dc,0.985,2026_03_09_14_39_40,2026_04_08_14_59_45,Cam2012853,149754,9146,16355,0,1,unknown,unknown,general_model/courtship_V2/train,red_data_unified_V3/train,train,train,train,/mmfs1/gscratch/portia/eabe/data/Johnson_lab/red_data/general_model/courtship_V2/train/2026_03_09_14_39_40/Cam2012853/Frame_149754.jpg,/mmfs1/gscratch/portia/eabe/data/Johnson_lab/red_data/red_data_unified_V3/train/2026_04_08_14_59_45/Cam2012853/Frame_149754.jpg,T2R_TaT3=16.03px; T1R_ThxCx=12.00px; T1R_TaT3=11.66px; T3L_TaT3=11.00px; T3R_TaT3=10.00px,,,
16.031,4.871,1.109,0.0,12,50,48fe44cb3815f82b00dc951c9e235fbd,0.9944,2026_03_09_14_39_40,2026_04_08_14_59_45,Cam2012857,227725,9603,16731,0,1,unknown,unknown,general_model/courtship_V2/train,red_data_unified_V3/train,train,train,train,/mmfs1/gscratch/portia/eabe/data/Johnson_lab/red_data/general_model/courtship_V2/train/2026_03_09_14_39_40/Cam2012857/Frame_227725.jpg,/mmfs1/gscratch/portia/eabe/data/Johnson_lab/red_data/red_data_unified_V3/train/2026_04_08_14_59_45/Cam2012857/Frame_227725.jpg,Antenna_Base=16.03px; T3L_TaT3=5.83px; T3R_TaT3=5.39px; T1R_TiTa=4.24px; T1L_TaT3=4.12px,,,
15.811,7.211,2.002,0.0,23,50,27f0f39f23a041da01267d74e1d48132,0.9943,2026_03_09_14_39_40,2026_04_08_14_59_45,Cam2012861,415230,10620,17972,0,1,unknown,unknown,general_model/courtship_V2/train,red_data_unified_V3/train,train,train,val,/mmfs1/gscratch/portia/eabe/data/Johnson_lab/red_data/general_model/courtship_V2/train/2026_03_09_14_39_40/Cam2012861/Frame_415230.jpg,/mmfs1/gscratch/portia/eabe/data/Johnson_lab/red_data/red_data_unified_V3/train/2026_04_08_14_59_45/Cam2012861/Frame_415230.jpg,WingR_base=15.81px; WingL_base=11.40px; T2L_TaT3=7.21px; T3L_TaT3=7.21px; T1R_TaT3=7.07px,,,
15.811,11.025,2.36,0.0,17,50,1d9af27fb5b804f8b40ce80b4ef019b2,1.0,2026_03_09_14_39_40,2026_04_07_11_33_33,Cam2012861,149750,9142,14874,0,0,unknown,unknown,general_model/courtship_V2/train,red_data_unified_V3/val,train,val,train,/mmfs1/gscratch/portia/eabe/data/Johnson_lab/red_data/general_model/courtship_V2/train/2026_03_09_14_39_40/Cam2012861/Frame_149750.jpg,/mmfs1/gscratch/portia/eabe/data/Johnson_lab/red_data/red_data_unified_V3/val/2026_04_07_11_33_33/Cam2012861/Frame_149750.jpg,T2R_TaT1=15.81px; T3L_TaT3=14.32px; T1R_ThxCx=11.05px; T3R_FeTi=11.00px; T1L_TaT3=8.54px,,,
15.811,8.547,2.013,0.0,16,50,1184002efdf0eaf356f0356a9c6dfc1e,1.0,2026_03_09_14_39_40,2026_04_08_14_59_45,Cam2012861,149426,8632,15625,0,1,unknown,unknown,general_model/courtship_V2/train,red_data_unified_V3/train,-,train,-,/mmfs1/gscratch/portia/eabe/data/Johnson_lab/red_data/general_model/courtship_V2/train/2026_03_09_14_39_40/Cam2012861/Frame_149426.jpg,/mmfs1/gscratch/portia/eabe/data/Johnson_lab/red_data/red_data_unified_V3/train/2026_04_08_14_59_45/Cam2012861/Frame_149426.jpg,T3L_Tro=15.81px; T2L_Tro=10.20px; T2R_Tro=8.94px; T2L_TaT1=8.06px; T3R_TaT3=6.40px,,,
15.811,7.78,1.611,0.0,13,50,db8da851259b49182b2f7aab919210bc,1.0,2026_03_09_14_39_40,2026_04_08_14_59_45,Cam2012630,149524,8773,15893,0,1,unknown,unknown,general_model/courtship_V2/train,red_data_unified_V3/train,train,train,train,/mmfs1/gscratch/portia/eabe/data/Johnson_lab/red_data/general_model/courtship_V2/train/2026_03_09_14_39_40/Cam2012630/Frame_149524.jpg,/mmfs1/gscratch/portia/eabe/data/Johnson_lab/red_data/red_data_unified_V3/train/2026_04_08_14_59_45/Cam2012630/Frame_149524.jpg,T2L_TaT3=15.81px; T3R_TaT3=13.60px; T1L_TaT3=8.25px; T1R_TaT3=7.21px; T2R_TaT3=7.07px,,,
15.811,8.547,1.607,0.0,13,50,9127f2e9e4ce32e422449f0caa143c75,1.0,2026_03_09_14_39_40,2026_04_08_14_59_45,Cam2012862,149524,8779,15899,0,1,unknown,unknown,general_model/courtship_V2/train,red_data_unified_V3/train,train,train,train,/mmfs1/gscratch/portia/eabe/data/Johnson_lab/red_data/general_model/courtship_V2/train/2026_03_09_14_39_40/Cam2012862/Frame_149524.jpg,/mmfs1/gscratch/portia/eabe/data/Johnson_lab/red_data/red_data_unified_V3/train/2026_04_08_14_59_45/Cam2012862/Frame_149524.jpg,T2L_TaT3=15.81px; T3R_TaT3=13.15px; T1L_TaT3=8.94px; Scutellum=8.06px; T1L_ThxCx=7.81px,,,
15.811,5.831,1.174,0.0,12,50,d188ba11f5830ffe5efeeec12e166ba6,1.0,2026_03_09_14_39_40,2026_04_08_14_59_45,Cam2012853,149568,8852,16021,0,1,unknown,unknown,general_model/courtship_V2/train,red_data_unified_V3/train,train,train,train,/mmfs1/gscratch/portia/eabe/data/Johnson_lab/red_data/general_model/courtship_V2/train/2026_03_09_14_39_40/Cam2012853/Frame_149568.jpg,/mmfs1/gscratch/portia/eabe/data/Johnson_lab/red_data/red_data_unified_V3/train/2026_04_08_14_59_45/Cam2012853/Frame_149568.jpg,WingL_base=15.81px; T3L_TaT3=6.00px; WingR_base=5.83px; T3R_TaT3=5.83px; T1R_TaT3=5.39px,,,
15.811,6.403,1.38,0.0,12,50,1cd3d1b89f0edcaf18a8d4407147946a,1.0,2026_03_09_14_39_40,2026_04_08_14_59_45,Cam2012855,149568,8853,16022,0,1,unknown,unknown,general_model/courtship_V2/train,red_data_unified_V3/train,train,train,train,/mmfs1/gscratch/portia/eabe/data/Johnson_lab/red_data/general_model/courtship_V2/train/2026_03_09_14_39_40/Cam2012855/Frame_149568.jpg,/mmfs1/gscratch/portia/eabe/data/Johnson_lab/red_data/red_data_unified_V3/train/2026_04_08_14_59_45/Cam2012855/Frame_149568.jpg,WingL_base=15.81px; Antenna_Base=7.07px; WingR_base=6.40px; T3R_TaT3=6.40px; Scutellum=6.32px,,,
15.811,8.65,1.328,0.0,9,50,88f818911442b6756062a686dc4e174b,1.0,2026_03_09_14_39_40,2026_04_08_14_59_45,Cam2012862,149560,8842,15997,0,1,unknown,unknown,general_model/courtship_V2/train,red_data_unified_V3/train,train,train,train,/mmfs1/gscratch/portia/eabe/data/Johnson_lab/red_data/general_model/courtship_V2/train/2026_03_09_14_39_40/Cam2012862/Frame_149560.jpg,/mmfs1/gscratch/portia/eabe/data/Johnson_lab/red_data/red_data_unified_V3/train/2026_04_08_14_59_45/Cam2012862/Frame_149560.jpg,T3L_TaT3=15.81px; WingL_base=10.05px; Scutellum=10.00px; T2L_TaT3=7.00px; T1L_TaT3=6.32px,,,
15.652,8.359,2.212,1.0,29,50,c0312637eaf1941cff71b6e3b9d23b87,0.9917,2026_03_09_14_39_40,2026_04_08_14_59_45,Cam2012853,227705,9552,16693,0,1,unknown,unknown,general_model/courtship_V2/train,red_data_unified_V3/train,train,train,train,/mmfs1/gscratch/portia/eabe/data/Johnson_lab/red_data/general_model/courtship_V2/train/2026_03_09_14_39_40/Cam2012853/Frame_227705.jpg,/mmfs1/gscratch/portia/eabe/data/Johnson_lab/red_data/red_data_unified_V3/train/2026_04_08_14_59_45/Cam2012853/Frame_227705.jpg,WingR_base=15.65px; T3R_TaT3=10.44px; T3L_TaT3=8.60px; Scutellum=8.06px; T2L_TaT3=8.06px,,,
15.652,7.207,1.249,0.0,10,50,21810b8cb715273653306f807844a541,1.0,2026_03_09_14_39_40,2026_04_08_14_59_45,Cam2012630,149713,9067,16316,0,1,unknown,unknown,general_model/courtship_V2/train,red_data_unified_V3/train,train,train,train,/mmfs1/gscratch/portia/eabe/data/Johnson_lab/red_data/general_model/courtship_V2/train/2026_03_09_14_39_40/Cam2012630/Frame_149713.jpg,/mmfs1/gscratch/portia/eabe/data/Johnson_lab/red_data/red_data_unified_V3/train/2026_04_08_14_59_45/Cam2012630/Frame_149713.jpg,T2L_TaT3=15.65px; Scutellum=12.17px; T3R_TaT3=7.62px; T1L_TaT3=6.71px; T3L_TaT3=6.71px,,,
15.62,12.451,1.662,0.0,10,50,71911326ef2a75124e2943472556e9e9,1.0,2026_03_09_14_39_40,2026_04_08_14_59_45,Cam2012631,149560,8837,15992,0,1,unknown,unknown,general_model/courtship_V2/train,red_data_unified_V3/train,train,train,train,/mmfs1/gscratch/portia/eabe/data/Johnson_lab/red_data/general_model/courtship_V2/train/2026_03_09_14_39_40/Cam2012631/Frame_149560.jpg,/mmfs1/gscratch/portia/eabe/data/Johnson_lab/red_data/red_data_unified_V3/train/2026_04_08_14_59_45/Cam2012631/Frame_149560.jpg,WingL_base=15.62px; T3L_TaT3=14.76px; Scutellum=13.60px; WingR_base=11.05px; T2L_TaT3=8.06px,,,
15.556,8.772,1.486,0.0,10,50,e152829e5418480fd9201c1b992d67a1,1.0,2026_03_09_14_39_40,2026_04_08_14_59_45,Cam2012855,149778,9189,16416,0,1,unknown,unknown,general_model/courtship_V2/train,red_data_unified_V3/train,train,train,train,/mmfs1/gscratch/portia/eabe/data/Johnson_lab/red_data/general_model/courtship_V2/train/2026_03_09_14_39_40/Cam2012855/Frame_149778.jpg,/mmfs1/gscratch/portia/eabe/data/Johnson_lab/red_data/red_data_unified_V3/train/2026_04_08_14_59_45/Cam2012855/Frame_149778.jpg,T2L_TaT3=15.56px; T3L_TaT3=13.04px; T1R_ThxCx=10.05px; T3R_TaT3=7.21px; T1L_TaT1=5.83px,,,
15.524,10.098,2.422,1.0,27,50,c6b54ec08644bff46f919a6a952f6934,0.9839,2026_03_09_14_39_40,2026_04_08_14_59_45,Cam2012853,415183,10484,17771,0,1,unknown,unknown,general_model/courtship_V2/train,red_data_unified_V3/train,train,train,val,/mmfs1/gscratch/portia/eabe/data/Johnson_lab/red_data/general_model/courtship_V2/train/2026_03_09_14_39_40/Cam2012853/Frame_415183.jpg,/mmfs1/gscratch/portia/eabe/data/Johnson_lab/red_data/red_data_unified_V3/train/2026_04_08_14_59_45/Cam2012853/Frame_415183.jpg,WingR_base=15.52px; T2L_TaT3=11.05px; T3L_TaT3=10.82px; T3R_TaT3=9.22px; T1L_TaT3=8.54px,,,
15.524,7.999,1.876,0.0,16,50,a78885715dbd27557d8957fd8f7bbff7,1.0,2026_03_09_14_39_40,2026_04_07_11_33_33,Cam2012857,149413,8614,14786,0,0,unknown,unknown,general_model/courtship_V2/train,red_data_unified_V3/val,train,val,train,/mmfs1/gscratch/portia/eabe/data/Johnson_lab/red_data/general_model/courtship_V2/train/2026_03_09_14_39_40/Cam2012857/Frame_149413.jpg,/mmfs1/gscratch/portia/eabe/data/Johnson_lab/red_data/red_data_unified_V3/val/2026_04_07_11_33_33/Cam2012857/Frame_149413.jpg,Scutellum=15.52px; T2L_Tro=12.08px; T1L_ThxCx=9.06px; T1L_TaT3=6.71px; T3L_TaT3=6.32px,,,
15.297,10.853,2.86,1.414,31,50,4d772ca9f9875bd53a11c9578eadf1a9,0.9907,2026_03_09_14_39_40,2026_04_08_14_59_45,Cam2012853,94115,7659,15174,0,1,unknown,unknown,general_model/courtship_V2/train,red_data_unified_V3/train,train,train,train,/mmfs1/gscratch/portia/eabe/data/Johnson_lab/red_data/general_model/courtship_V2/train/2026_03_09_14_39_40/Cam2012853/Frame_94115.jpg,/mmfs1/gscratch/portia/eabe/data/Johnson_lab/red_data/red_data_unified_V3/train/2026_04_08_14_59_45/Cam2012853/Frame_94115.jpg,T3R_Tro=15.30px; T2R_Tro=13.04px; T2R_TaT3=12.37px; T2L_TaT3=9.00px; T3L_TaT3=8.06px,,,
15.297,6.587,1.633,0.0,20,50,37fbf0507fc2961a2a0bb8bf498d54a1,0.988,2026_03_09_14_39_40,2026_04_07_11_33_33,Cam2012861,227719,9583,14928,0,0,unknown,unknown,general_model/courtship_V2/train,red_data_unified_V3/val,train,val,train,/mmfs1/gscratch/portia/eabe/data/Johnson_lab/red_data/general_model/courtship_V2/train/2026_03_09_14_39_40/Cam2012861/Frame_227719.jpg,/mmfs1/gscratch/portia/eabe/data/Johnson_lab/red_data/red_data_unified_V3/val/2026_04_07_11_33_33/Cam2012861/Frame_227719.jpg,Antenna_Base=15.30px; Scutellum=8.25px; T3R_TaT3=7.00px; T2L_TaTip=6.08px; T3L_TaT3=6.08px,,,
15.297,5.772,1.536,0.0,20,50,c5e910f3e8cd37d019917461bcd74d2c,0.9796,2026_03_09_14_39_40,2026_04_08_14_59_45,Cam2012862,415237,10635,18001,0,1,unknown,unknown,general_model/courtship_V2/train,red_data_unified_V3/train,train,train,val,/mmfs1/gscratch/portia/eabe/data/Johnson_lab/red_data/general_model/courtship_V2/train/2026_03_09_14_39_40/Cam2012862/Frame_415237.jpg,/mmfs1/gscratch/portia/eabe/data/Johnson_lab/red_data/red_data_unified_V3/train/2026_04_08_14_59_45/Cam2012862/Frame_415237.jpg,WingR_base=15.30px; T3R_TaT3=9.22px; T1R_TaT3=6.40px; T3L_TaT3=5.00px; T2L_TaT3=4.24px,,,
15.297,10.224,2.546,0.0,19,50,b4d91187eb3ff9b6a32f3e6bd368f7dc,1.0,2026_03_09_14_39_40,2026_04_08_14_59_45,Cam2012862,227743,9640,16773,0,1,unknown,unknown,general_model/courtship_V2/train,red_data_unified_V3/train,train,train,train,/mmfs1/gscratch/portia/eabe/data/Johnson_lab/red_data/general_model/courtship_V2/train/2026_03_09_14_39_40/Cam2012862/Frame_227743.jpg,/mmfs1/gscratch/portia/eabe/data/Johnson_lab/red_data/red_data_unified_V3/train/2026_04_08_14_59_45/Cam2012862/Frame_227743.jpg,T3L_Tro=15.30px; T1R_Tro=11.70px; T2L_Tro=11.05px; T1L_ThxCx=9.22px; T3R_Tro=9.00px,,,
15.297,10.766,1.996,0.0,14,50,0afab06ead4c5da44d93b660ad149aba,1.0,2026_03_09_14_39_40,2026_04_08_14_59_45,Cam2012630,149596,8892,16075,0,1,unknown,unknown,general_model/courtship_V2/train,red_data_unified_V3/train,train,train,train,/mmfs1/gscratch/portia/eabe/data/Johnson_lab/red_data/general_model/courtship_V2/train/2026_03_09_14_39_40/Cam2012630/Frame_149596.jpg,/mmfs1/gscratch/portia/eabe/data/Johnson_lab/red_data/red_data_unified_V3/train/2026_04_08_14_59_45/Cam2012630/Frame_149596.jpg,T2R_Tro=15.30px; T1R_Tro=14.00px; T2L_Tro=12.17px; T1L_ThxCx=9.06px; T3R_Tro=8.25px,,,
15.297,5.0,1.179,0.0,13,50,1c799686c5c3c52b676d0b63702e4ddf,0.9865,2026_03_09_14_39_40,2026_04_08_14_59_45,Cam2012857,227713,9568,16719,0,1,unknown,unknown,general_model/courtship_V2/train,red_data_unified_V3/train,train,train,train,/mmfs1/gscratch/portia/eabe/data/Johnson_lab/red_data/general_model/courtship_V2/train/2026_03_09_14_39_40/Cam2012857/Frame_227713.jpg,/mmfs1/gscratch/portia/eabe/data/Johnson_lab/red_data/red_data_unified_V3/train/2026_04_08_14_59_45/Cam2012857/Frame_227713.jpg,Antenna_Base=15.30px; T3R_TaT3=8.25px; T1L_TaT3=5.00px; T3L_TaT3=5.00px; T1R_TaT3=5.00px,,,
15.264,7.949,2.427,1.0,29,50,0c5320168d82ba8e6acd198eef557ec8,0.9605,2026_03_09_14_39_40,2026_04_08_14_59_45,Cam2012855,415195,10506,17808,0,1,unknown,unknown,general_model/courtship_V2/train,red_data_unified_V3/train,train,train,val,/mmfs1/gscratch/portia/eabe/data/Johnson_lab/red_data/general_model/courtship_V2/train/2026_03_09_14_39_40/Cam2012855/Frame_415195.jpg,/mmfs1/gscratch/portia/eabe/data/Johnson_lab/red_data/red_data_unified_V3/train/2026_04_08_14_59_45/Cam2012855/Frame_415195.jpg,WingR_base=15.26px; T3L_TaT3=12.65px; T2L_TaT3=8.06px; T1L_TaT3=7.81px; T1R_TaT3=6.71px,,,
15.264,9.005,2.331,0.5,25,50,d057b225792f56172235c859ec911500,0.9992,2026_03_09_14_39_40,2026_04_07_11_33_33,Cam2012862,415226,10593,15101,0,0,unknown,unknown,general_model/courtship_V2/train,red_data_unified_V3/val,train,val,val,/mmfs1/gscratch/portia/eabe/data/Johnson_lab/red_data/general_model/courtship_V2/train/2026_03_09_14_39_40/Cam2012862/Frame_415226.jpg,/mmfs1/gscratch/portia/eabe/data/Johnson_lab/red_data/red_data_unified_V3/val/2026_04_07_11_33_33/Cam2012862/Frame_415226.jpg,WingR_base=15.26px; WingL_base=13.15px; T3L_TaT3=9.06px; T3R_TaT3=8.94px; EyeL=8.25px,,,
15.264,7.177,1.893,0.0,24,50,3c7fc1551cdbfd25d856816b9dbd07b7,0.9914,2026_03_09_14_39_40,2026_04_08_14_59_45,Cam2012853,415203,10533,17843,0,1,unknown,unknown,general_model/courtship_V2/train,red_data_unified_V3/train,train,train,val,/mmfs1/gscratch/portia/eabe/data/Johnson_lab/red_data/general_model/courtship_V2/train/2026_03_09_14_39_40/Cam2012853/Frame_415203.jpg,/mmfs1/gscratch/portia/eabe/data/Johnson_lab/red_data/red_data_unified_V3/train/2026_04_08_14_59_45/Cam2012853/Frame_415203.jpg,WingR_base=15.26px; T3L_TaT3=12.08px; T3R_TaT3=7.81px; T1L_TaT3=6.40px; WingL_base=6.32px,,,
15.264,7.148,1.976,0.0,23,50,6e349447c404d75fd937de500d92f6af,0.9947,2026_03_09_14_39_40,2026_04_08_14_59_45,Cam2012857,415230,10619,17971,0,1,unknown,unknown,general_model/courtship_V2/train,red_data_unified_V3/train,train,train,val,/mmfs1/gscratch/portia/eabe/data/Johnson_lab/red_data/general_model/courtship_V2/train/2026_03_09_14_39_40/Cam2012857/Frame_415230.jpg,/mmfs1/gscratch/portia/eabe/data/Johnson_lab/red_data/red_data_unified_V3/train/2026_04_08_14_59_45/Cam2012857/Frame_415230.jpg,WingR_base=15.26px; WingL_base=11.40px; T2L_TaT3=7.21px; T1R_TaT3=7.07px; T3L_TaT3=6.71px,,,
15.232,8.699,3.004,2.236,32,50,0b34f584174444e0382b6afcd2f8a7f5,0.9679,2026_03_09_14_39_40,2026_04_08_14_59_45,Cam2012631,415233,10623,17982,0,1,unknown,unknown,general_model/courtship_V2/train,red_data_unified_V3/train,train,train,val,/mmfs1/gscratch/portia/eabe/data/Johnson_lab/red_data/general_model/courtship_V2/train/2026_03_09_14_39_40/Cam2012631/Frame_415233.jpg,/mmfs1/gscratch/portia/eabe/data/Johnson_lab/red_data/red_data_unified_V3/train/2026_04_08_14_59_45/Cam2012631/Frame_415233.jpg,WingR_base=15.23px; WingL_base=11.18px; Abd_A4=9.22px; Scutellum=8.06px; T3L_TaT3=7.81px,,,
15.232,9.634,2.367,1.207,28,50,1c694ea1e58818355f38345ff024f920,0.977,2026_03_09_14_39_40,2026_04_08_14_59_45,Cam2012862,227705,9556,16697,0,1,unknown,unknown,general_model/courtship_V2/train,red_data_unified_V3/train,train,train,train,/mmfs1/gscratch/portia/eabe/data/Johnson_lab/red_data/general_model/courtship_V2/train/2026_03_09_14_39_40/Cam2012862/Frame_227705.jpg,/mmfs1/gscratch/portia/eabe/data/Johnson_lab/red_data/red_data_unified_V3/train/2026_04_08_14_59_45/Cam2012862/Frame_227705.jpg,WingR_base=15.23px; T3R_TaT3=12.21px; T2R_TaT3=10.20px; Scutellum=8.94px; T1R_TaT3=7.62px,,,
15.232,6.083,0.914,0.0,7,50,76371caae1e60e57ccac41544db2db84,1.0,2026_03_09_14_39_40,2026_04_08_14_59_45,Cam2012857,149448,8658,15687,0,1,unknown,unknown,general_model/courtship_V2/train,red_data_unified_V3/train,train,train,train,/mmfs1/gscratch/portia/eabe/data/Johnson_lab/red_data/general_model/courtship_V2/train/2026_03_09_14_39_40/Cam2012857/Frame_149448.jpg,/mmfs1/gscratch/portia/eabe/data/Johnson_lab/red_data/red_data_unified_V3/train/2026_04_08_14_59_45/Cam2012857/Frame_149448.jpg,Scutellum=15.23px; T1L_Tro=8.06px; T3L_TaT3=6.08px; T2R_TaT1=6.08px; Abd_A4=4.00px,,,
15.232,5.64,0.897,0.0,7,50,8a3034068290b94e681669f5446f9686,1.0,2026_03_09_14_39_40,2026_04_08_14_59_45,Cam2012861,149448,8659,15688,0,1,unknown,unknown,general_model/courtship_V2/train,red_data_unified_V3/train,train,train,train,/mmfs1/gscratch/portia/eabe/data/Johnson_lab/red_data/general_model/courtship_V2/train/2026_03_09_14_39_40/Cam2012861/Frame_149448.jpg,/mmfs1/gscratch/portia/eabe/data/Johnson_lab/red_data/red_data_unified_V3/train/2026_04_08_14_59_45/Cam2012861/Frame_149448.jpg,Scutellum=15.23px; T1L_Tro=8.06px; T2R_TaT1=6.08px; T3L_TaT3=5.10px; Abd_A4=4.12px,,,
15.133,8.608,2.39,0.0,20,50,d452cb92764e91ca758e4a1d4cb54db1,0.9565,2026_03_09_14_39_40,2026_04_08_14_59_45,Cam2012857,149508,8749,15841,0,1,unknown,unknown,general_model/courtship_V2/train,red_data_unified_V3/train,train,train,train,/mmfs1/gscratch/portia/eabe/data/Johnson_lab/red_data/general_model/courtship_V2/train/2026_03_09_14_39_40/Cam2012857/Frame_149508.jpg,/mmfs1/gscratch/portia/eabe/data/Johnson_lab/red_data/red_data_unified_V3/train/2026_04_08_14_59_45/Cam2012857/Frame_149508.jpg,T1R_ThxCx=15.13px; WingL_base=12.04px; T3L_TaT3=9.06px; T1L_ThxCx=8.06px; T3R_TaT3=8.06px,,,
15.133,9.773,2.411,0.0,20,50,d922464755bac33086f7943e5c10106f,0.9554,2026_03_09_14_39_40,2026_04_08_14_59_45,Cam2012861,149508,8750,15842,0,1,unknown,unknown,general_model/courtship_V2/train,red_data_unified_V3/train,train,train,train,/mmfs1/gscratch/portia/eabe/data/Johnson_lab/red_data/general_model/courtship_V2/train/2026_03_09_14_39_40/Cam2012861/Frame_149508.jpg,/mmfs1/gscratch/portia/eabe/data/Johnson_lab/red_data/red_data_unified_V3/train/2026_04_08_14_59_45/Cam2012861/Frame_149508.jpg,T1R_ThxCx=15.13px; WingL_base=12.04px; T3L_TaT3=10.05px; T3R_TaT3=9.43px; T1L_ThxCx=8.06px,,,
15.033,10.381,2.799,1.414,38,50,951ebc2e16714c3d4d74217f3515c584,0.9791,2026_03_09_14_39_40,2026_04_08_14_59_45,Cam2012853,94132,7708,15230,0,1,unknown,unknown,general_model/courtship_V2/train,red_data_unified_V3/train,train,train,train,/mmfs1/gscratch/portia/eabe/data/Johnson_lab/red_data/general_model/courtship_V2/train/2026_03_09_14_39_40/Cam2012853/Frame_94132.jpg,/mmfs1/gscratch/portia/eabe/data/Johnson_lab/red_data/red_data_unified_V3/train/2026_04_08_14_59_45/Cam2012853/Frame_94132.jpg,T3R_Tro=15.03px; T2R_Tro=13.04px; T3L_TaT3=10.82px; WingR_base=9.85px; T1R_TaT3=8.00px,,,
15.033,12.458,3.983,2.618,35,50,fb1fd1ad71b73b5d3e4958e4607c2989,0.9883,2026_03_09_14_39_40,2026_04_08_14_59_45,Cam2012855,94183,7786,15350,0,1,unknown,unknown,general_model/courtship_V2/train,red_data_unified_V3/train,train,train,train,/mmfs1/gscratch/portia/eabe/data/Johnson_lab/red_data/general_model/courtship_V2/train/2026_03_09_14_39_40/Cam2012855/Frame_94183.jpg,/mmfs1/gscratch/portia/eabe/data/Johnson_lab/red_data/red_data_unified_V3/train/2026_04_08_14_59_45/Cam2012855/Frame_94183.jpg,T2L_Tro=15.03px; T1L_ThxCx=13.42px; Scutellum=12.53px; T3L_Tro=12.37px; T3R_Tro=12.04px,,,
15.033,8.782,2.868,2.118,34,50,d186e7aa7c502a11ec91055aba602005,0.9836,2026_03_09_14_39_40,2026_04_08_14_59_45,Cam2012862,415233,10628,17987,0,1,unknown,unknown,general_model/courtship_V2/train,red_data_unified_V3/train,train,train,val,/mmfs1/gscratch/portia/eabe/data/Johnson_lab/red_data/general_model/courtship_V2/train/2026_03_09_14_39_40/Cam2012862/Frame_415233.jpg,/mmfs1/gscratch/portia/eabe/data/Johnson_lab/red_data/red_data_unified_V3/train/2026_04_08_14_59_45/Cam2012862/Frame_415233.jpg,WingR_base=15.03px; WingL_base=9.22px; T3L_TaT3=9.22px; T2R_TaT3=8.25px; Scutellum=8.06px,,,
15.033,9.291,2.354,1.0,27,50,6bc6896c12dbaccba6a60107d05dc5c4,0.9897,2026_03_09_14_39_40,2026_04_08_14_59_45,Cam2012853,415191,10498,17795,0,1,unknown,unknown,general_model/courtship_V2/val,red_data_unified_V3/train,train,train,val,/mmfs1/gscratch/portia/eabe/data/Johnson_lab/red_data/general_model/courtship_V2/val/2026_03_09_14_39_40/Cam2012853/Frame_415191.jpg,/mmfs1/gscratch/portia/eabe/data/Johnson_lab/red_data/red_data_unified_V3/train/2026_04_08_14_59_45/Cam2012853/Frame_415191.jpg,WingR_base=15.03px; Scutellum=11.18px; T3L_TaT3=10.30px; T1L_TaT3=8.06px; T2L_TaT3=8.00px,,,
15.0,9.932,3.148,1.707,36,50,e6389ce90702cd651ed8c9acd63cfb45,0.9925,2026_03_09_14_39_40,2026_04_08_14_59_45,Cam2012853,94139,7729,15258,0,1,unknown,unknown,general_model/courtship_V2/val,red_data_unified_V3/train,train,train,train,/mmfs1/gscratch/portia/eabe/data/Johnson_lab/red_data/general_model/courtship_V2/val/2026_03_09_14_39_40/Cam2012853/Frame_94139.jpg,/mmfs1/gscratch/portia/eabe/data/Johnson_lab/red_data/red_data_unified_V3/train/2026_04_08_14_59_45/Cam2012853/Frame_94139.jpg,T3R_Tro=15.00px; T2R_Tro=13.15px; T1R_ThxCx=10.00px; Scutellum=9.85px; T2L_Tro=7.62px,,,
15.0,11.025,1.91,0.0,16,50,2a9da5fb235486e2be484b8fc6e97a50,0.9986,2026_03_09_14_39_40,2026_04_08_14_59_45,Cam2012631,149488,8725,15796,0,1,unknown,unknown,general_model/courtship_V2/train,red_data_unified_V3/train,train,train,train,/mmfs1/gscratch/portia/eabe/data/Johnson_lab/red_data/general_model/courtship_V2/train/2026_03_09_14_39_40/Cam2012631/Frame_149488.jpg,/mmfs1/gscratch/portia/eabe/data/Johnson_lab/red_data/red_data_unified_V3/train/2026_04_08_14_59_45/Cam2012631/Frame_149488.jpg,T1R_ThxCx=15.00px; WingL_base=12.00px; T1L_ThxCx=11.05px; WingR_base=11.00px; T3L_TaT3=8.60px,,,
15.0,9.232,1.927,0.0,16,50,ddc36ff9b13f277d40449fc99c2ea55e,0.9986,2026_03_09_14_39_40,2026_04_08_14_59_45,Cam2012855,149488,8727,15798,0,1,unknown,unknown,general_model/courtship_V2/train,red_data_unified_V3/train,train,train,train,/mmfs1/gscratch/portia/eabe/data/Johnson_lab/red_data/general_model/courtship_V2/train/2026_03_09_14_39_40/Cam2012855/Frame_149488.jpg,/mmfs1/gscratch/portia/eabe/data/Johnson_lab/red_data/red_data_unified_V3/train/2026_04_08_14_59_45/Cam2012855/Frame_149488.jpg,T1R_ThxCx=15.00px; WingL_base=12.04px; WingR_base=11.00px; T3L_TaT3=7.07px; T1R_TaT3=6.40px,,,
15.0,9.121,2.078,0.0,16,50,722dc55c596cc0af5bbc0a7ce1947ec4,0.9864,2026_03_09_14_39_40,2026_04_07_11_33_33,Cam2012855,149750,9140,14872,0,0,unknown,unknown,general_model/courtship_V2/train,red_data_unified_V3/val,train,val,train,/mmfs1/gscratch/portia/eabe/data/Johnson_lab/red_data/general_model/courtship_V2/train/2026_03_09_14_39_40/Cam2012855/Frame_149750.jpg,/mmfs1/gscratch/portia/eabe/data/Johnson_lab/red_data/red_data_unified_V3/val/2026_04_07_11_33_33/Cam2012855/Frame_149750.jpg,T3L_TaT3=15.00px; T1L_Tro=14.00px; T1R_ThxCx=9.22px; T3R_FeTi=9.00px; T1L_TaT3=8.06px,,,
15.0,9.007,1.595,0.0,12,50,2ad4cb3488aae086f1a7a1b03abd8c4f,0.9999,2026_03_09_14_39_40,2026_04_08_14_59_45,Cam2012630,149766,9165,16390,0,1,unknown,unknown,general_model/courtship_V2/train,red_data_unified_V3/train,train,train,train,/mmfs1/gscratch/portia/eabe/data/Johnson_lab/red_data/general_model/courtship_V2/train/2026_03_09_14_39_40/Cam2012630/Frame_149766.jpg,/mmfs1/gscratch/portia/eabe/data/Johnson_lab/red_data/red_data_unified_V3/train/2026_04_08_14_59_45/Cam2012630/Frame_149766.jpg,T2L_TaT3=15.00px; T2R_TaT3=13.60px; T3L_TaT3=9.43px; T1R_TaT3=8.49px; T1L_TaT3=7.00px,,,
15.0,7.281,1.25,0.0,9,50,9d7be661bc17da66796b4cfe8eb13885,1.0,2026_03_09_14_39_40,2026_04_08_14_59_45,Cam2012630,149560,8836,15991,0,1,unknown,unknown,general_model/courtship_V2/train,red_data_unified_V3/train,train,train,train,/mmfs1/gscratch/portia/eabe/data/Johnson_lab/red_data/general_model/courtship_V2/train/2026_03_09_14_39_40/Cam2012630/Frame_149560.jpg,/mmfs1/gscratch/portia/eabe/data/Johnson_lab/red_data/red_data_unified_V3/train/2026_04_08_14_59_45/Cam2012630/Frame_149560.jpg,T3L_TaT3=15.00px; WingL_base=14.14px; Scutellum=8.00px; T2R_TaT3=6.40px; T2L_TaT3=5.00px,,,
14.866,10.771,2.396,1.0,30,50,46b12b0604aa5c7b3f18f60a7badb59d,0.9922,2026_03_09_14_39_40,2026_04_08_14_59_45,Cam2012630,415227,10594,17939,0,1,unknown,unknown,general_model/courtship_V2/train,red_data_unified_V3/train,train,train,val,/mmfs1/gscratch/portia/eabe/data/Johnson_lab/red_data/general_model/courtship_V2/train/2026_03_09_14_39_40/Cam2012630/Frame_415227.jpg,/mmfs1/gscratch/portia/eabe/data/Johnson_lab/red_data/red_data_unified_V3/train/2026_04_08_14_59_45/Cam2012630/Frame_415227.jpg,WingR_base=14.87px; T2L_Tro=12.00px; T2L_TaT3=11.40px; T3L_TaT3=10.00px; T2R_TaT3=7.28px,,,
14.866,8.578,2.209,0.0,22,50,2ef60c8d087283de71e9e6cdf8a186d0,0.9998,2026_03_09_14_39_40,2026_04_08_14_59_45,Cam2012862,149436,8646,15654,0,1,unknown,unknown,general_model/courtship_V2/train,red_data_unified_V3/train,train,train,train,/mmfs1/gscratch/portia/eabe/data/Johnson_lab/red_data/general_model/courtship_V2/train/2026_03_09_14_39_40/Cam2012862/Frame_149436.jpg,/mmfs1/gscratch/portia/eabe/data/Johnson_lab/red_data/red_data_unified_V3/train/2026_04_08_14_59_45/Cam2012862/Frame_149436.jpg,T1R_Tro=14.87px; T3R_Tro=11.70px; Scutellum=9.00px; T1R_ThxCx=8.06px; T1R_TaT3=7.07px,,,
14.866,10.131,2.415,0.0,16,50,af235df641192d08464a87c600bc311f,1.0,2026_03_09_14_39_40,2026_04_08_14_59_45,Cam2012855,149720,9084,16330,0,1,unknown,unknown,general_model/courtship_V2/train,red_data_unified_V3/train,train,train,train,/mmfs1/gscratch/portia/eabe/data/Johnson_lab/red_data/general_model/courtship_V2/train/2026_03_09_14_39_40/Cam2012855/Frame_149720.jpg,/mmfs1/gscratch/portia/eabe/data/Johnson_lab/red_data/red_data_unified_V3/train/2026_04_08_14_59_45/Cam2012855/Frame_149720.jpg,T2L_TaT3=14.87px; T1L_ThxCx=11.00px; T1R_ThxCx=10.20px; T3L_TaT3=10.05px; T1R_TaT3=9.85px,,,
14.866,5.212,1.03,0.0,13,50,9e9d8c7c73474404789585b419bd20c3,0.9959,2026_03_09_14_39_40,2026_04_07_11_33_33,Cam2012631,227735,9621,14961,0,0,unknown,unknown,general_model/courtship_V2/train,red_data_unified_V3/val,train,val,train,/mmfs1/gscratch/portia/eabe/data/Johnson_lab/red_data/general_model/courtship_V2/train/2026_03_09_14_39_40/Cam2012631/Frame_227735.jpg,/mmfs1/gscratch/portia/eabe/data/Johnson_lab/red_data/red_data_unified_V3/val/2026_04_07_11_33_33/Cam2012631/Frame_227735.jpg,Antenna_Base=14.87px; T2R_TaT3=7.81px; T3R_TaT3=5.39px; T1R_TaT3=5.00px; T3L_TaT3=4.47px,,,
14.866,9.03,1.803,0.0,12,50,9f28d955c18f984c0275c4ace66766f6,1.0,2026_03_09_14_39_40,2026_04_08_14_59_45,Cam2012861,149709,9065,16308,0,1,unknown,unknown,general_model/courtship_V2/train,red_data_unified_V3/train,train,train,train,/mmfs1/gscratch/portia/eabe/data/Johnson_lab/red_data/general_model/courtship_V2/train/2026_03_09_14_39_40/Cam2012861/Frame_149709.jpg,/mmfs1/gscratch/portia/eabe/data/Johnson_lab/red_data/red_data_unified_V3/train/2026_04_08_14_59_45/Cam2012861/Frame_149709.jpg,T3L_TaT3=14.87px; WingL_base=13.60px; T2L_Tro=9.06px; T2L_TaT3=9.00px; T3R_TaT3=8.54px,,,
14.866,10.42,1.149,0.0,6,50,3c0ace2b687e8167f113cd1189c78e59,1.0,2026_03_09_14_39_40,2026_04_07_11_33_33,Cam2012853,149798,9202,14883,0,0,unknown,unknown,general_model/courtship_V2/val,red_data_unified_V3/val,train,val,train,/mmfs1/gscratch/portia/eabe/data/Johnson_lab/red_data/general_model/courtship_V2/val/2026_03_09_14_39_40/Cam2012853/Frame_149798.jpg,/mmfs1/gscratch/portia/eabe/data/Johnson_lab/red_data/red_data_unified_V3/val/2026_04_07_11_33_33/Cam2012853/Frame_149798.jpg,T3R_Tro=14.87px; Scutellum=13.34px; T1R_ThxCx=11.40px; T1R_Tro=9.22px; T2R_Tro=7.21px,,,
14.866,2.1,0.519,0.0,4,50,66cde22240112591bfba3b5f88494f8a,1.0,2026_03_09_14_39_40,2026_04_07_11_33_33,Cam2012630,150386,9291,14894,0,0,unknown,unknown,general_model/courtship_V2/train,red_data_unified_V3/val,train,val,train,/mmfs1/gscratch/portia/eabe/data/Johnson_lab/red_data/general_model/courtship_V2/train/2026_03_09_14_39_40/Cam2012630/Frame_150386.jpg,/mmfs1/gscratch/portia/eabe/data/Johnson_lab/red_data/red_data_unified_V3/val/2026_04_07_11_33_33/Cam2012630/Frame_150386.jpg,Scutellum=14.87px; WingR_V12=7.07px; WingL_base=3.00px; WingL_V13=1.00px,,,
14.765,9.868,2.412,1.0,30,50,1994d9f56c73271d320a0c232f97fa06,0.9767,2026_03_09_14_39_40,2026_04_08_14_59_45,Cam2012853,415195,10505,17807,0,1,unknown,unknown,general_model/courtship_V2/train,red_data_unified_V3/train,train,train,val,/mmfs1/gscratch/portia/eabe/data/Johnson_lab/red_data/general_model/courtship_V2/train/2026_03_09_14_39_40/Cam2012853/Frame_415195.jpg,/mmfs1/gscratch/portia/eabe/data/Johnson_lab/red_data/red_data_unified_V3/train/2026_04_08_14_59_45/Cam2012853/Frame_415195.jpg,T3L_TaT3=14.76px; WingR_base=13.89px; T2L_TaT3=11.00px; T1L_TaT3=8.49px; T3R_TaT3=7.21px,,,
14.765,7.249,2.253,1.0,29,50,9be2b577242eca3d2484f63f7a75404e,0.9886,2026_03_09_14_39_40,2026_04_07_11_33_33,Cam2012862,94111,7649,14746,0,0,unknown,unknown,general_model/courtship_V2/train,red_data_unified_V3/val,train,val,train,/mmfs1/gscratch/portia/eabe/data/Johnson_lab/red_data/general_model/courtship_V2/train/2026_03_09_14_39_40/Cam2012862/Frame_94111.jpg,/mmfs1/gscratch/portia/eabe/data/Johnson_lab/red_data/red_data_unified_V3/val/2026_04_07_11_33_33/Cam2012862/Frame_94111.jpg,T3R_TaT3=14.76px; WingR_base=11.31px; T3L_TaT3=7.28px; T1R_TaT3=7.21px; T2R_TaT1=7.00px,,,
14.765,10.05,1.823,0.0,18,50,e8ad656fd315e6f57c5be2878a0d8daa,1.0,2026_03_09_14_39_40,2026_04_08_14_59_45,Cam2012853,149758,9153,16367,0,1,unknown,unknown,general_model/courtship_V2/train,red_data_unified_V3/train,train,train,train,/mmfs1/gscratch/portia/eabe/data/Johnson_lab/red_data/general_model/courtship_V2/train/2026_03_09_14_39_40/Cam2012853/Frame_149758.jpg,/mmfs1/gscratch/portia/eabe/data/Johnson_lab/red_data/red_data_unified_V3/train/2026_04_08_14_59_45/Cam2012853/Frame_149758.jpg,T2L_TaT3=14.76px; T3L_TaT3=12.65px; T1L_TaT3=10.05px; T1R_Tro=10.05px; T3R_TaT3=6.08px,,,
14.765,5.595,0.846,0.0,7,50,9ec3eeb053ae50c15a82be6d5d438984,1.0,2026_03_09_14_39_40,2026_04_08_14_59_45,Cam2012631,149448,8655,15684,0,1,unknown,unknown,general_model/courtship_V2/train,red_data_unified_V3/train,train,train,train,/mmfs1/gscratch/portia/eabe/data/Johnson_lab/red_data/general_model/courtship_V2/train/2026_03_09_14_39_40/Cam2012631/Frame_149448.jpg,/mmfs1/gscratch/portia/eabe/data/Johnson_lab/red_data/red_data_unified_V3/train/2026_04_08_14_59_45/Cam2012631/Frame_149448.jpg,Scutellum=14.76px; T2R_TaT1=6.08px; T3L_TaT3=6.00px; T1L_Tro=5.10px; Abd_A4=4.12px,,,
14.56,10.064,2.715,1.207,30,50,8a11c86421b5d93a58d5f9f4b7d7ba44,0.973,2026_03_09_14_39_40,2026_04_08_14_59_45,Cam2012631,227705,9551,16692,0,1,unknown,unknown,general_model/courtship_V2/train,red_data_unified_V3/train,train,train,train,/mmfs1/gscratch/portia/eabe/data/Johnson_lab/red_data/general_model/courtship_V2/train/2026_03_09_14_39_40/Cam2012631/Frame_227705.jpg,/mmfs1/gscratch/portia/eabe/data/Johnson_lab/red_data/red_data_unified_V3/train/2026_04_08_14_59_45/Cam2012631/Frame_227705.jpg,WingR_base=14.56px; T3R_TaT3=11.66px; T2R_TaT3=10.20px; Scutellum=9.90px; Abd_A4=9.49px,,,
14.56,10.185,2.759,1.0,30,50,977fcba70d15284d8e44b540ff66fc2a,0.9865,2026_03_09_14_39_40,2026_04_08_14_59_45,Cam2012855,415183,10485,17772,0,1,unknown,unknown,general_model/courtship_V2/train,red_data_unified_V3/train,train,train,val,/mmfs1/gscratch/portia/eabe/data/Johnson_lab/red_data/general_model/courtship_V2/train/2026_03_09_14_39_40/Cam2012855/Frame_415183.jpg,/mmfs1/gscratch/portia/eabe/data/Johnson_lab/red_data/red_data_unified_V3/train/2026_04_08_14_59_45/Cam2012855/Frame_415183.jpg,WingR_base=14.56px; Abd_A4=10.44px; T3L_TaT3=10.30px; T2L_TaT3=10.05px; Scutellum=9.22px,,,
14.56,12.569,2.472,0.0,21,50,b5811f105252cd143b2c2f9b2a17a434,0.9946,2026_03_09_14_39_40,2026_04_08_14_59_45,Cam2012631,227750,9649,16789,0,1,unknown,unknown,general_model/courtship_V2/train,red_data_unified_V3/train,train,train,train,/mmfs1/gscratch/portia/eabe/data/Johnson_lab/red_data/general_model/courtship_V2/train/2026_03_09_14_39_40/Cam2012631/Frame_227750.jpg,/mmfs1/gscratch/portia/eabe/data/Johnson_lab/red_data/red_data_unified_V3/train/2026_04_08_14_59_45/Cam2012631/Frame_227750.jpg,Antenna_Base=14.56px; Scutellum=13.93px; T3L_TiTa=13.00px; T3L_TaT1=12.04px; T1L_Tro=10.00px,,,
14.56,9.714,2.299,0.0,21,50,bd7a5f38217e21f5a77dea13616bcbfe,1.0,2026_03_09_14_39_40,2026_04_08_14_59_45,Cam2012855,227750,9651,16790,0,1,unknown,unknown,general_model/courtship_V2/train,red_data_unified_V3/train,train,train,train,/mmfs1/gscratch/portia/eabe/data/Johnson_lab/red_data/general_model/courtship_V2/train/2026_03_09_14_39_40/Cam2012855/Frame_227750.jpg,/mmfs1/gscratch/portia/eabe/data/Johnson_lab/red_data/red_data_unified_V3/train/2026_04_08_14_59_45/Cam2012855/Frame_227750.jpg,Antenna_Base=14.56px; Scutellum=13.93px; T1L_Tro=9.90px; T2L_TaT3=9.49px; T1R_Tro=9.22px,,,
14.56,10.041,2.476,0.0,19,50,dfe93e07c1c554203b54e07a23c7b30e,1.0,2026_03_09_14_39_40,2026_04_07_11_33_33,Cam2012857,149744,9127,14861,0,0,unknown,unknown,general_model/courtship_V2/train,red_data_unified_V3/val,train,val,train,/mmfs1/gscratch/portia/eabe/data/Johnson_lab/red_data/general_model/courtship_V2/train/2026_03_09_14_39_40/Cam2012857/Frame_149744.jpg,/mmfs1/gscratch/portia/eabe/data/Johnson_lab/red_data/red_data_unified_V3/val/2026_04_07_11_33_33/Cam2012857/Frame_149744.jpg,Abd_tip=14.56px; T2R_TaT3=12.04px; EyeL=10.20px; EyeR=9.85px; T1R_TaT3=9.00px,,,
14.56,9.769,2.44,0.0,19,50,b8bd7f0927cbc7a1c12c538d9edf2409,1.0,2026_03_09_14_39_40,2026_04_07_11_33_33,Cam2012861,149744,9128,14862,0,0,unknown,unknown,general_model/courtship_V2/train,red_data_unified_V3/val,train,val,train,/mmfs1/gscratch/portia/eabe/data/Johnson_lab/red_data/general_model/courtship_V2/train/2026_03_09_14_39_40/Cam2012861/Frame_149744.jpg,/mmfs1/gscratch/portia/eabe/data/Johnson_lab/red_data/red_data_unified_V3/val/2026_04_07_11_33_33/Cam2012861/Frame_149744.jpg,Abd_tip=14.56px; T2R_TaT3=11.40px; T1R_TaT3=10.00px; EyeR=9.49px; EyeL=9.22px,,,
14.56,7.478,1.887,0.0,19,50,3c7f4745f077ad105382c81e49a6c9dc,0.9967,2026_03_09_14_39_40,2026_04_08_14_59_45,Cam2012862,415219,10565,17889,0,1,unknown,unknown,general_model/courtship_V2/train,red_data_unified_V3/train,train,train,val,/mmfs1/gscratch/portia/eabe/data/Johnson_lab/red_data/general_model/courtship_V2/train/2026_03_09_14_39_40/Cam2012862/Frame_415219.jpg,/mmfs1/gscratch/portia/eabe/data/Johnson_lab/red_data/red_data_unified_V3/train/2026_04_08_14_59_45/Cam2012862/Frame_415219.jpg,WingR_base=14.56px; T1L_TaT3=8.54px; T3R_TaT3=7.81px; T1R_TaT3=7.07px; T2R_TaT3=7.07px,,,
14.56,10.672,2.373,0.0,17,50,a632c75c365eb9eb5e1c1ff3ff84f607,1.0,2026_03_09_14_39_40,2026_04_07_11_33_33,Cam2012857,149750,9141,14873,0,0,unknown,unknown,general_model/courtship_V2/train,red_data_unified_V3/val,train,val,train,/mmfs1/gscratch/portia/eabe/data/Johnson_lab/red_data/general_model/courtship_V2/train/2026_03_09_14_39_40/Cam2012857/Frame_149750.jpg,/mmfs1/gscratch/portia/eabe/data/Johnson_lab/red_data/red_data_unified_V3/val/2026_04_07_11_33_33/Cam2012857/Frame_149750.jpg,T2R_TaT1=14.56px; T3L_TaT3=14.32px; T1R_ThxCx=11.18px; T3R_FeTi=10.05px; T1L_TaT3=8.94px,,,
14.56,7.314,1.602,0.0,14,50,3b15c871fb31a33eca965101804115da,0.9987,2026_03_09_14_39_40,2026_04_08_14_59_45,Cam2012857,149536,8798,15925,0,1,unknown,unknown,general_model/courtship_V2/train,red_data_unified_V3/train,train,train,train,/mmfs1/gscratch/portia/eabe/data/Johnson_lab/red_data/general_model/courtship_V2/train/2026_03_09_14_39_40/Cam2012857/Frame_149536.jpg,/mmfs1/gscratch/portia/eabe/data/Johnson_lab/red_data/red_data_unified_V3/train/2026_04_08_14_59_45/Cam2012857/Frame_149536.jpg,WingL_base=14.56px; WingR_base=13.34px; T2L_TaT3=7.81px; T3R_TaT3=6.71px; T3L_TaT3=6.40px,,,
14.56,5.099,1.126,0.0,13,50,d89126cf72cfe0704288ed8929cd241a,0.9998,2026_03_09_14_39_40,2026_04_07_11_33_33,Cam2012631,227721,9586,14936,0,0,unknown,unknown,general_model/courtship_V2/train,red_data_unified_V3/val,train,val,train,/mmfs1/gscratch/portia/eabe/data/Johnson_lab/red_data/general_model/courtship_V2/train/2026_03_09_14_39_40/Cam2012631/Frame_227721.jpg,/mmfs1/gscratch/portia/eabe/data/Johnson_lab/red_data/red_data_unified_V3/val/2026_04_07_11_33_33/Cam2012631/Frame_227721.jpg,Antenna_Base=14.56px; Scutellum=9.00px; T1R_TaT3=5.10px; T2R_TaT3=5.10px; T3L_TaT3=5.00px,,,
14.56,6.146,1.13,0.0,13,50,927248757d41eff518649ac996e04a0a,0.9821,2026_03_09_14_39_40,2026_04_07_11_33_33,Cam2012855,227721,9588,14938,0,0,unknown,unknown,general_model/courtship_V2/train,red_data_unified_V3/val,train,val,train,/mmfs1/gscratch/portia/eabe/data/Johnson_lab/red_data/general_model/courtship_V2/train/2026_03_09_14_39_40/Cam2012855/Frame_227721.jpg,/mmfs1/gscratch/portia/eabe/data/Johnson_lab/red_data/red_data_unified_V3/val/2026_04_07_11_33_33/Cam2012855/Frame_227721.jpg,Antenna_Base=14.56px; Scutellum=9.00px; T1R_TaT3=6.40px; T3L_TaT3=5.83px; T2L_TaTip=3.00px,,,
14.422,10.027,2.672,1.414,36,50,e1548d7ec534bb23a36ec7882330cb53,0.977,2026_03_09_14_39_40,2026_04_08_14_59_45,Cam2012862,94132,7712,15234,0,1,unknown,unknown,general_model/courtship_V2/train,red_data_unified_V3/train,train,train,train,/mmfs1/gscratch/portia/eabe/data/Johnson_lab/red_data/general_model/courtship_V2/train/2026_03_09_14_39_40/Cam2012862/Frame_94132.jpg,/mmfs1/gscratch/portia/eabe/data/Johnson_lab/red_data/red_data_unified_V3/train/2026_04_08_14_59_45/Cam2012862/Frame_94132.jpg,WingR_base=14.42px; T2L_FeTi=11.05px; T3L_TaT3=10.05px; T3R_Tro=10.00px; T2R_TaT3=9.06px,,,
14.422,10.027,2.577,1.0,30,50,ba4243cc5bafc5351f55eb96d76001a7,0.9901,2026_03_09_14_39_40,2026_04_08_14_59_45,Cam2012853,227709,9559,16705,0,1,unknown,unknown,general_model/courtship_V2/train,red_data_unified_V3/train,train,train,train,/mmfs1/gscratch/portia/eabe/data/Johnson_lab/red_data/general_model/courtship_V2/train/2026_03_09_14_39_40/Cam2012853/Frame_227709.jpg,/mmfs1/gscratch/portia/eabe/data/Johnson_lab/red_data/red_data_unified_V3/train/2026_04_08_14_59_45/Cam2012853/Frame_227709.jpg,WingR_base=14.42px; T3L_Tro=13.00px; T3R_TaT3=10.05px; T2L_TaT3=10.00px; T3L_TaT3=9.22px,,,
14.422,8.331,2.261,1.0,26,50,fb2e548c81943c24579c38149128b6dd,0.9916,2026_03_09_14_39_40,2026_04_08_14_59_45,Cam2012631,415210,10546,17856,0,1,unknown,unknown,general_model/courtship_V2/train,red_data_unified_V3/train,train,train,val,/mmfs1/gscratch/portia/eabe/data/Johnson_lab/red_data/general_model/courtship_V2/train/2026_03_09_14_39_40/Cam2012631/Frame_415210.jpg,/mmfs1/gscratch/portia/eabe/data/Johnson_lab/red_data/red_data_unified_V3/train/2026_04_08_14_59_45/Cam2012631/Frame_415210.jpg,WingR_base=14.42px; WingL_base=11.05px; T3R_TaT3=8.60px; T3L_TaT3=8.00px; T1R_TaT3=7.07px,,,
14.422,7.419,1.719,0.0,17,50,420d68bf92b4b9be50cee47889f3b7c6,1.0,2026_03_09_14_39_40,2026_04_07_11_33_33,Cam2012630,149728,9095,14834,0,0,unknown,unknown,general_model/courtship_V2/train,red_data_unified_V3/val,train,val,train,/mmfs1/gscratch/portia/eabe/data/Johnson_lab/red_data/general_model/courtship_V2/train/2026_03_09_14_39_40/Cam2012630/Frame_149728.jpg,/mmfs1/gscratch/portia/eabe/data/Johnson_lab/red_data/red_data_unified_V3/val/2026_04_07_11_33_33/Cam2012630/Frame_149728.jpg,T3L_TaT3=14.42px; T1R_TaT3=9.22px; Scutellum=8.00px; T1L_TaT3=6.71px; T2L_TaT3=6.40px,,,
14.422,9.48,1.911,0.0,15,50,7d4d7f67dfa52c09c8c9c49d5ec237a5,1.0,2026_03_09_14_39_40,2026_04_08_14_59_45,Cam2012630,149552,8822,15977,0,1,unknown,unknown,general_model/courtship_V2/train,red_data_unified_V3/train,train,train,train,/mmfs1/gscratch/portia/eabe/data/Johnson_lab/red_data/general_model/courtship_V2/train/2026_03_09_14_39_40/Cam2012630/Frame_149552.jpg,/mmfs1/gscratch/portia/eabe/data/Johnson_lab/red_data/red_data_unified_V3/train/2026_04_08_14_59_45/Cam2012630/Frame_149552.jpg,T3R_TaT1=14.42px; T1R_TaT3=12.81px; T3L_TaT3=10.20px; T3R_TaT3=8.60px; WingL_base=8.06px,,,
14.318,9.955,2.516,1.0,30,50,a7670c1de3d6a9716bc9830ad9055004,0.9929,2026_03_09_14_39_40,2026_04_08_14_59_45,Cam2012855,227705,9553,16694,0,1,unknown,unknown,general_model/courtship_V2/train,red_data_unified_V3/train,train,train,train,/mmfs1/gscratch/portia/eabe/data/Johnson_lab/red_data/general_model/courtship_V2/train/2026_03_09_14_39_40/Cam2012855/Frame_227705.jpg,/mmfs1/gscratch/portia/eabe/data/Johnson_lab/red_data/red_data_unified_V3/train/2026_04_08_14_59_45/Cam2012855/Frame_227705.jpg,WingR_base=14.32px; T3L_TaT3=10.00px; T3R_TaT3=10.00px; Scutellum=9.90px; Abd_A4=9.49px,,,
14.318,8.944,2.256,1.0,28,50,ee3ff5c96419d41ca353e2124edd6c8a,0.9808,2026_03_09_14_39_40,2026_04_08_14_59_45,Cam2012631,94107,7637,15145,0,1,unknown,unknown,general_model/courtship_V2/train,red_data_unified_V3/train,train,train,train,/mmfs1/gscratch/portia/eabe/data/Johnson_lab/red_data/general_model/courtship_V2/train/2026_03_09_14_39_40/Cam2012631/Frame_94107.jpg,/mmfs1/gscratch/portia/eabe/data/Johnson_lab/red_data/red_data_unified_V3/train/2026_04_08_14_59_45/Cam2012631/Frame_94107.jpg,WingR_base=14.32px; T1R_TaT3=9.22px; T1R_ThxCx=8.94px; T3R_TaT3=8.94px; T2R_TaT3=8.06px,,,
14.318,10.545,2.084,0.0,21,50,b91359c102a5312f1b98b0a21936fd57,0.9983,2026_03_09_14_39_40,2026_04_08_14_59_45,Cam2012630,149401,8589,15578,0,1,unknown,unknown,general_model/courtship_V2/train,red_data_unified_V3/train,train,train,train,/mmfs1/gscratch/portia/eabe/data/Johnson_lab/red_data/general_model/courtship_V2/train/2026_03_09_14_39_40/Cam2012630/Frame_149401.jpg,/mmfs1/gscratch/portia/eabe/data/Johnson_lab/red_data/red_data_unified_V3/train/2026_04_08_14_59_45/Cam2012630/Frame_149401.jpg,T3R_FeTi=14.32px; T2L_Tro=11.40px; Scutellum=10.63px; T1R_Tro=10.44px; T2R_TaT3=5.66px,,,
14.318,9.974,2.329,0.0,19,50,4447c19e2371b8f5e140dc3246b056ba,1.0,2026_03_09_14_39_40,2026_04_08_14_59_45,Cam2012857,149516,8763,15869,0,1,unknown,unknown,general_model/courtship_V2/train,red_data_unified_V3/train,train,train,train,/mmfs1/gscratch/portia/eabe/data/Johnson_lab/red_data/general_model/courtship_V2/train/2026_03_09_14_39_40/Cam2012857/Frame_149516.jpg,/mmfs1/gscratch/portia/eabe/data/Johnson_lab/red_data/red_data_unified_V3/train/2026_04_08_14_59_45/Cam2012857/Frame_149516.jpg,T1R_ThxCx=14.32px; T1L_ThxCx=13.15px; Scutellum=10.77px; Antenna_Base=9.00px; WingL_base=8.25px,,,
14.318,10.072,2.252,0.0,19,50,6fe90f6156c589cbd9abceb02bc3249e,1.0,2026_03_09_14_39_40,2026_04_08_14_59_45,Cam2012861,149516,8764,15870,0,1,unknown,unknown,general_model/courtship_V2/train,red_data_unified_V3/train,train,train,train,/mmfs1/gscratch/portia/eabe/data/Johnson_lab/red_data/general_model/courtship_V2/train/2026_03_09_14_39_40/Cam2012861/Frame_149516.jpg,/mmfs1/gscratch/portia/eabe/data/Johnson_lab/red_data/red_data_unified_V3/train/2026_04_08_14_59_45/Cam2012861/Frame_149516.jpg,T1R_ThxCx=14.32px; T1L_ThxCx=12.17px; Scutellum=10.77px; T3L_TaT3=9.22px; Antenna_Base=9.00px,,,
14.318,6.536,1.532,0.0,19,50,e919bbf383e67835f50994d686b7a8c4,0.9889,2026_03_09_14_39_40,2026_04_07_11_33_33,Cam2012862,227719,9584,14929,0,0,unknown,unknown,general_model/courtship_V2/train,red_data_unified_V3/val,train,val,train,/mmfs1/gscratch/portia/eabe/data/Johnson_lab/red_data/general_model/courtship_V2/train/2026_03_09_14_39_40/Cam2012862/Frame_227719.jpg,/mmfs1/gscratch/portia/eabe/data/Johnson_lab/red_data/red_data_unified_V3/val/2026_04_07_11_33_33/Cam2012862/Frame_227719.jpg,Antenna_Base=14.32px; T2L_TaT3=8.06px; T3R_TaT3=6.71px; T3L_TaT3=6.32px; T1L_TaT3=5.10px,,,
14.318,8.164,1.931,0.0,18,50,4eb657170b75ee56a5c0db5bc90b7c80,1.0,2026_03_09_14_39_40,2026_04_08_14_59_45,Cam2012861,149512,8757,15856,0,1,unknown,unknown,general_model/courtship_V2/train,red_data_unified_V3/train,train,train,train,/mmfs1/gscratch/portia/eabe/data/Johnson_lab/red_data/general_model/courtship_V2/train/2026_03_09_14_39_40/Cam2012861/Frame_149512.jpg,/mmfs1/gscratch/portia/eabe/data/Johnson_lab/red_data/red_data_unified_V3/train/2026_04_08_14_59_45/Cam2012861/Frame_149512.jpg,T1R_ThxCx=14.32px; Scutellum=9.22px; T3L_TaT3=8.94px; T3R_TaT3=7.21px; WingL_base=7.00px,,,
14.318,7.676,1.67,0.0,18,50,df5c0e7811238beb51fc56da1fbb7938,0.9943,2026_03_09_14_39_40,2026_04_08_14_59_45,Cam2012630,415219,10559,17883,0,1,unknown,unknown,general_model/courtship_V2/train,red_data_unified_V3/train,train,train,val,/mmfs1/gscratch/portia/eabe/data/Johnson_lab/red_data/general_model/courtship_V2/train/2026_03_09_14_39_40/Cam2012630/Frame_415219.jpg,/mmfs1/gscratch/portia/eabe/data/Johnson_lab/red_data/red_data_unified_V3/train/2026_04_08_14_59_45/Cam2012630/Frame_415219.jpg,WingR_base=14.32px; T1L_TaT3=8.54px; T2R_TaT3=8.00px; T3L_TaT3=7.28px; T3R_TaT3=6.40px,,,
14.318,11.475,1.877,0.0,17,50,5c36beaeea9ce41e8aa86f5c1c9dcd74,0.9976,2026_03_09_14_39_40,2026_04_08_14_59_45,Cam2012630,149762,9158,16378,0,1,unknown,unknown,general_model/courtship_V2/train,red_data_unified_V3/train,train,train,train,/mmfs1/gscratch/portia/eabe/data/Johnson_lab/red_data/general_model/courtship_V2/train/2026_03_09_14_39_40/Cam2012630/Frame_149762.jpg,/mmfs1/gscratch/portia/eabe/data/Johnson_lab/red_data/red_data_unified_V3/train/2026_04_08_14_59_45/Cam2012630/Frame_149762.jpg,T2R_TaT3=14.32px; T3R_TaT3=13.60px; T3L_TaT3=12.17px; T2L_TaT3=10.63px; T1L_TaT3=7.62px,,,
14.318,8.585,1.631,0.0,14,50,281c788519aac22fd809a1ad58465492,0.9904,2026_03_09_14_39_40,2026_04_08_14_59_45,Cam2012861,149536,8799,15926,0,1,unknown,unknown,general_model/courtship_V2/train,red_data_unified_V3/train,train,train,train,/mmfs1/gscratch/portia/eabe/data/Johnson_lab/red_data/general_model/courtship_V2/train/2026_03_09_14_39_40/Cam2012861/Frame_149536.jpg,/mmfs1/gscratch/portia/eabe/data/Johnson_lab/red_data/red_data_unified_V3/train/2026_04_08_14_59_45/Cam2012861/Frame_149536.jpg,WingL_base=14.32px; WingR_base=13.34px; T3R_TaT3=9.22px; T3L_TaT3=7.81px; T3R_TaT1=7.07px,,,
14.318,6.571,1.522,0.0,14,50,377c11114f54592fd68a9aee54487622,1.0,2026_03_09_14_39_40,2026_04_08_14_59_45,Cam2012855,149782,9196,16428,0,1,unknown,unknown,general_model/courtship_V2/val,red_data_unified_V3/train,train,train,train,/mmfs1/gscratch/portia/eabe/data/Johnson_lab/red_data/general_model/courtship_V2/val/2026_03_09_14_39_40/Cam2012855/Frame_149782.jpg,/mmfs1/gscratch/portia/eabe/data/Johnson_lab/red_data/red_data_unified_V3/train/2026_04_08_14_59_45/Cam2012855/Frame_149782.jpg,T2L_TaT3=14.32px; T3L_TaT3=8.00px; T3L_TiTa=6.71px; T1R_TaT3=6.40px; T2R_Tro=5.39px,,,
14.318,7.281,1.261,0.0,13,50,8ec7578960cee501056743776d5e3a3c,0.9897,2026_03_09_14_39_40,2026_04_08_14_59_45,Cam2012862,227713,9570,16721,0,1,unknown,unknown,general_model/courtship_V2/train,red_data_unified_V3/train,train,train,train,/mmfs1/gscratch/portia/eabe/data/Johnson_lab/red_data/general_model/courtship_V2/train/2026_03_09_14_39_40/Cam2012862/Frame_227713.jpg,/mmfs1/gscratch/portia/eabe/data/Johnson_lab/red_data/red_data_unified_V3/train/2026_04_08_14_59_45/Cam2012862/Frame_227713.jpg,Antenna_Base=14.32px; T3R_TaT3=9.49px; T2R_TaT3=8.00px; T1R_TaT3=6.40px; T2L_TaT3=4.47px,,,
14.318,9.649,1.73,0.0,12,50,516f2d520af0ce300efd16b7405ed791,0.9906,2026_03_09_14_39_40,2026_04_08_14_59_45,Cam2012853,149709,9062,16305,0,1,unknown,unknown,general_model/courtship_V2/train,red_data_unified_V3/train,train,train,train,/mmfs1/gscratch/portia/eabe/data/Johnson_lab/red_data/general_model/courtship_V2/train/2026_03_09_14_39_40/Cam2012853/Frame_149709.jpg,/mmfs1/gscratch/portia/eabe/data/Johnson_lab/red_data/red_data_unified_V3/train/2026_04_08_14_59_45/Cam2012853/Frame_149709.jpg,T3L_TaT3=14.32px; T2L_TaT3=14.21px; WingL_base=10.00px; T2L_TaTip=9.22px; T3R_TaT3=9.22px,,,
14.318,7.645,1.379,0.0,10,50,e10fa4779e2c2b7aec62c9aa41ff2475,1.0,2026_03_09_14_39_40,2026_04_08_14_59_45,Cam2012857,149778,9190,16417,0,1,unknown,unknown,general_model/courtship_V2/train,red_data_unified_V3/train,train,train,train,/mmfs1/gscratch/portia/eabe/data/Johnson_lab/red_data/general_model/courtship_V2/train/2026_03_09_14_39_40/Cam2012857/Frame_149778.jpg,/mmfs1/gscratch/portia/eabe/data/Johnson_lab/red_data/red_data_unified_V3/train/2026_04_08_14_59_45/Cam2012857/Frame_149778.jpg,T3L_TaT3=14.32px; T2L_TaT3=11.05px; T1R_ThxCx=8.00px; T3R_TaT3=7.21px; T1L_TaT1=6.71px,,,
14.213,9.662,2.579,1.0,33,50,f2087bcfe802f46b40cbe0c2d8eb23ba,0.9975,2026_03_09_14_39_40,2026_04_08_14_59_45,Cam2012630,94100,7622,15116,0,1,unknown,unknown,general_model/courtship_V2/train,red_data_unified_V3/train,train,train,train,/mmfs1/gscratch/portia/eabe/data/Johnson_lab/red_data/general_model/courtship_V2/train/2026_03_09_14_39_40/Cam2012630/Frame_94100.jpg,/mmfs1/gscratch/portia/eabe/data/Johnson_lab/red_data/red_data_unified_V3/train/2026_04_08_14_59_45/Cam2012630/Frame_94100.jpg,WingR_base=14.21px; T2R_TaT3=10.44px; T3L_TaT3=9.85px; T3R_TaT3=9.43px; T3R_Tro=9.06px,,,
14.213,9.238,2.716,1.707,33,50,b9dd9b73e7672d0e563b17892b459f51,0.9609,2026_03_09_14_39_40,2026_04_08_14_59_45,Cam2012857,94100,7626,15120,0,1,unknown,unknown,general_model/courtship_V2/train,red_data_unified_V3/train,train,train,train,/mmfs1/gscratch/portia/eabe/data/Johnson_lab/red_data/general_model/courtship_V2/train/2026_03_09_14_39_40/Cam2012857/Frame_94100.jpg,/mmfs1/gscratch/portia/eabe/data/Johnson_lab/red_data/red_data_unified_V3/train/2026_04_08_14_59_45/Cam2012857/Frame_94100.jpg,WingR_base=14.21px; T1R_TaT3=10.82px; T3R_Tro=10.05px; T3L_TaT3=8.25px; T2L_FeTi=7.07px,,,
14.213,9.211,2.673,2.0,32,50,5748587060ecacd0505437e94ed46411,0.9604,2026_03_09_14_39_40,2026_04_08_14_59_45,Cam2012861,94100,7627,15121,0,1,unknown,unknown,general_model/courtship_V2/train,red_data_unified_V3/train,train,train,train,/mmfs1/gscratch/portia/eabe/data/Johnson_lab/red_data/general_model/courtship_V2/train/2026_03_09_14_39_40/Cam2012861/Frame_94100.jpg,/mmfs1/gscratch/portia/eabe/data/Johnson_lab/red_data/red_data_unified_V3/train/2026_04_08_14_59_45/Cam2012861/Frame_94100.jpg,WingR_base=14.21px; T3R_Tro=11.05px; T1R_TaT3=10.00px; T3L_TaT3=8.25px; T2L_FeTi=7.07px,,,
14.213,10.163,2.759,1.0,29,50,4087bbe7694a8458b408af9df9f68215,0.9464,2026_03_09_14_39_40,2026_04_08_14_59_45,Cam2012631,415191,10497,17794,0,1,unknown,unknown,general_model/courtship_V2/val,red_data_unified_V3/train,train,train,val,/mmfs1/gscratch/portia/eabe/data/Johnson_lab/red_data/general_model/courtship_V2/val/2026_03_09_14_39_40/Cam2012631/Frame_415191.jpg,/mmfs1/gscratch/portia/eabe/data/Johnson_lab/red_data/red_data_unified_V3/train/2026_04_08_14_59_45/Cam2012631/Frame_415191.jpg,Scutellum=14.21px; WingL_base=11.70px; T3R_TaT3=10.30px; Abd_A4=10.00px; T1R_TaT3=9.22px,,,
14.213,8.691,2.432,1.414,28,50,498f454c59ba43e8fe364ee6a4873c40,0.9975,2026_03_09_14_39_40,2026_04_08_14_59_45,Cam2012631,94103,7630,15131,0,1,unknown,unknown,general_model/courtship_V2/train,red_data_unified_V3/train,train,train,train,/mmfs1/gscratch/portia/eabe/data/Johnson_lab/red_data/general_model/courtship_V2/train/2026_03_09_14_39_40/Cam2012631/Frame_94103.jpg,/mmfs1/gscratch/portia/eabe/data/Johnson_lab/red_data/red_data_unified_V3/train/2026_04_08_14_59_45/Cam2012631/Frame_94103.jpg,T3R_TaT3=14.21px; WingR_base=13.60px; Scutellum=9.06px; T1L_TaT3=8.25px; T1R_TaT3=8.06px,,,
14.213,10.072,2.78,1.0,27,50,af8d515284e4f1ec7ae28bbad927c97e,0.9526,2026_03_09_14_39_40,2026_04_08_14_59_45,Cam2012861,415191,10501,17798,0,1,unknown,unknown,general_model/courtship_V2/val,red_data_unified_V3/train,train,train,val,/mmfs1/gscratch/portia/eabe/data/Johnson_lab/red_data/general_model/courtship_V2/val/2026_03_09_14_39_40/Cam2012861/Frame_415191.jpg,/mmfs1/gscratch/portia/eabe/data/Johnson_lab/red_data/red_data_unified_V3/train/2026_04_08_14_59_45/Cam2012861/Frame_415191.jpg,Scutellum=14.21px; WingR_base=14.04px; WingL_base=10.77px; T1R_TaT3=9.22px; Abd_A4=8.60px,,,
14.213,9.891,2.794,1.0,26,50,08d5cd9c7b0e2f2eba53c62c5fdc499b,0.953,2026_03_09_14_39_40,2026_04_08_14_59_45,Cam2012857,415191,10500,17797,0,1,unknown,unknown,general_model/courtship_V2/val,red_data_unified_V3/train,train,train,val,/mmfs1/gscratch/portia/eabe/data/Johnson_lab/red_data/general_model/courtship_V2/val/2026_03_09_14_39_40/Cam2012857/Frame_415191.jpg,/mmfs1/gscratch/portia/eabe/data/Johnson_lab/red_data/red_data_unified_V3/train/2026_04_08_14_59_45/Cam2012857/Frame_415191.jpg,Scutellum=14.21px; WingR_base=14.14px; WingL_base=10.44px; T1R_TaT3=9.22px; Abd_A4=8.60px,,,
14.213,8.699,1.658,0.0,15,50,47ee88be89e4ae5839694da341070662,1.0,2026_03_09_14_39_40,2026_04_08_14_59_45,Cam2012862,149520,8772,15885,0,1,unknown,unknown,general_model/courtship_V2/train,red_data_unified_V3/train,train,train,train,/mmfs1/gscratch/portia/eabe/data/Johnson_lab/red_data/general_model/courtship_V2/train/2026_03_09_14_39_40/Cam2012862/Frame_149520.jpg,/mmfs1/gscratch/portia/eabe/data/Johnson_lab/red_data/red_data_unified_V3/train/2026_04_08_14_59_45/Cam2012862/Frame_149520.jpg,T3L_TaT3=14.21px; T2L_TaT3=11.40px; T1L_TaT3=9.22px; T3R_TaT3=8.06px; T3R_TaT1=7.81px,,,
14.213,8.844,1.664,0.0,14,50,56ae5b6d3b488509bc721bc4b6ee790b,0.9958,2026_03_09_14_39_40,2026_04_08_14_59_45,Cam2012862,149766,9171,16395,0,1,unknown,unknown,general_model/courtship_V2/train,red_data_unified_V3/train,train,train,train,/mmfs1/gscratch/portia/eabe/data/Johnson_lab/red_data/general_model/courtship_V2/train/2026_03_09_14_39_40/Cam2012862/Frame_149766.jpg,/mmfs1/gscratch/portia/eabe/data/Johnson_lab/red_data/red_data_unified_V3/train/2026_04_08_14_59_45/Cam2012862/Frame_149766.jpg,T2L_TaT3=14.21px; T3L_TaT3=11.40px; T2R_TaT3=9.85px; Scutellum=7.62px; T1L_TaT3=7.28px,,,
14.213,6.368,1.201,0.0,11,50,7121d23320f90ec44f766f6a8e399ade,0.9999,2026_03_09_14_39_40,2026_04_08_14_59_45,Cam2012630,149568,8850,16019,0,1,unknown,unknown,general_model/courtship_V2/train,red_data_unified_V3/train,train,train,train,/mmfs1/gscratch/portia/eabe/data/Johnson_lab/red_data/general_model/courtship_V2/train/2026_03_09_14_39_40/Cam2012630/Frame_149568.jpg,/mmfs1/gscratch/portia/eabe/data/Johnson_lab/red_data/red_data_unified_V3/train/2026_04_08_14_59_45/Cam2012630/Frame_149568.jpg,WingL_base=14.21px; WingR_base=10.82px; T1L_TaT3=6.40px; T3L_TaT3=6.32px; T1R_TaT3=5.39px,,,
14.142,7.071,3.54,3.162,46,47,3ce89934bc1c66c447261bd56eb4455e,0.9628,2026_06_09_15_38_35,2026_06_10_15_05_02,Cam2012853,13912,23880,24104,0,0,unknown,unknown,general_model/headless_56_42/train,general_model/headless_56_42_1/train,train,train,-,/mmfs1/gscratch/portia/eabe/data/Johnson_lab/red_data/general_model/headless_56_42/train/2026_06_09_15_38_35/Cam2012853/Frame_13912.jpg,/mmfs1/gscratch/portia/eabe/data/Johnson_lab/red_data/general_model/headless_56_42_1/train/2026_06_10_15_05_02/Cam2012853/Frame_13912.jpg,T3R_TaTip=14.14px; WingL_V13=9.22px; T3R_TiTa=7.07px; T3R_TaT3=7.07px; WingR_V12=6.71px,2026_06_09_15_38_35_Cam2012853_Frame_13912__3ce89934.png,,
14.142,11.671,2.437,0.0,24,50,91d332163e4833e22e4bbd7e2fac6de4,0.9946,2026_03_09_14_39_40,2026_04_08_14_59_45,Cam2012630,415230,10615,17967,0,1,unknown,unknown,general_model/courtship_V2/train,red_data_unified_V3/train,train,train,val,/mmfs1/gscratch/portia/eabe/data/Johnson_lab/red_data/general_model/courtship_V2/train/2026_03_09_14_39_40/Cam2012630/Frame_415230.jpg,/mmfs1/gscratch/portia/eabe/data/Johnson_lab/red_data/red_data_unified_V3/train/2026_04_08_14_59_45/Cam2012630/Frame_415230.jpg,T3R_Tro=14.14px; WingR_base=13.60px; T2L_Tro=13.04px; T3L_TaT3=10.00px; T2R_TaT3=9.06px,,,
14.142,6.216,1.468,0.0,20,50,116523ac65841059c9160974ec571a58,0.9879,2026_03_09_14_39_40,2026_04_07_11_33_33,Cam2012857,227719,9582,14927,0,0,unknown,unknown,general_model/courtship_V2/train,red_data_unified_V3/val,train,val,train,/mmfs1/gscratch/portia/eabe/data/Johnson_lab/red_data/general_model/courtship_V2/train/2026_03_09_14_39_40/Cam2012857/Frame_227719.jpg,/mmfs1/gscratch/portia/eabe/data/Johnson_lab/red_data/red_data_unified_V3/val/2026_04_07_11_33_33/Cam2012857/Frame_227719.jpg,Antenna_Base=14.14px; Scutellum=8.25px; T3L_TaT3=6.32px; T2L_TaTip=6.08px; T3R_TaT3=6.00px,,,
14.142,10.622,2.188,0.0,20,50,8ffd36a7ad5eacd017e7bd1e8c4ee0ad,0.9978,2026_03_09_14_39_40,2026_04_08_14_59_45,Cam2012862,415201,10530,17835,0,1,unknown,unknown,general_model/courtship_V2/train,red_data_unified_V3/train,train,train,val,/mmfs1/gscratch/portia/eabe/data/Johnson_lab/red_data/general_model/courtship_V2/train/2026_03_09_14_39_40/Cam2012862/Frame_415201.jpg,/mmfs1/gscratch/portia/eabe/data/Johnson_lab/red_data/red_data_unified_V3/train/2026_04_08_14_59_45/Cam2012862/Frame_415201.jpg,WingR_base=14.14px; T3R_TaT3=11.70px; WingL_base=10.77px; T3L_TaT3=10.44px; T1L_TaT3=7.81px,,,
14.142,8.164,1.945,0.0,18,50,ab889ec52f2b291e127e60f9e2a5b6a2,1.0,2026_03_09_14_39_40,2026_04_08_14_59_45,Cam2012857,149512,8756,15855,0,1,unknown,unknown,general_model/courtship_V2/train,red_data_unified_V3/train,train,train,train,/mmfs1/gscratch/portia/eabe/data/Johnson_lab/red_data/general_model/courtship_V2/train/2026_03_09_14_39_40/Cam2012857/Frame_149512.jpg,/mmfs1/gscratch/portia/eabe/data/Johnson_lab/red_data/red_data_unified_V3/train/2026_04_08_14_59_45/Cam2012857/Frame_149512.jpg,T1R_ThxCx=14.14px; Scutellum=9.06px; T3L_TaT3=8.94px; T3R_TaT3=7.21px; WingL_base=7.07px,,,
14.142,9.146,1.599,0.0,14,50,3119c073e503213795c0b91f2aee08b2,1.0,2026_03_09_14_39_40,2026_04_08_14_59_45,Cam2012853,149766,9167,16391,0,1,unknown,unknown,general_model/courtship_V2/train,red_data_unified_V3/train,train,train,train,/mmfs1/gscratch/portia/eabe/data/Johnson_lab/red_data/general_model/courtship_V2/train/2026_03_09_14_39_40/Cam2012853/Frame_149766.jpg,/mmfs1/gscratch/portia/eabe/data/Johnson_lab/red_data/red_data_unified_V3/train/2026_04_08_14_59_45/Cam2012853/Frame_149766.jpg,T2L_TaT3=14.14px; T2R_TaT3=12.65px; T1R_TaT3=9.22px; T3L_TaT3=9.06px; T1L_TaT3=7.28px,,,
14.142,5.256,1.299,0.0,14,50,a810bbbb6c6fda95ce1059f4fd8cbafe,1.0,2026_03_09_14_39_40,2026_04_07_11_33_33,Cam2012857,227900,9778,14993,0,0,unknown,unknown,general_model/courtship_V2/train,red_data_unified_V3/val,train,val,train,/mmfs1/gscratch/portia/eabe/data/Johnson_lab/red_data/general_model/courtship_V2/train/2026_03_09_14_39_40/Cam2012857/Frame_227900.jpg,/mmfs1/gscratch/portia/eabe/data/Johnson_lab/red_data/red_data_unified_V3/val/2026_04_07_11_33_33/Cam2012857/Frame_227900.jpg,Antenna_Base=14.14px; Scutellum=9.00px; T1L_TaT3=5.39px; T3L_TaT3=5.10px; T3L_TaTip=5.00px,,,
14.142,5.099,1.304,0.0,13,50,27241dcb79bbb5ee2d4ee4df14840018,1.0,2026_03_09_14_39_40,2026_04_07_11_33_33,Cam2012861,227900,9779,14994,0,0,unknown,unknown,general_model/courtship_V2/train,red_data_unified_V3/val,train,val,train,/mmfs1/gscratch/portia/eabe/data/Johnson_lab/red_data/general_model/courtship_V2/train/2026_03_09_14_39_40/Cam2012861/Frame_227900.jpg,/mmfs1/gscratch/portia/eabe/data/Johnson_lab/red_data/red_data_unified_V3/val/2026_04_07_11_33_33/Cam2012861/Frame_227900.jpg,Antenna_Base=14.14px; Scutellum=9.00px; T1L_TaT3=5.10px; T3L_TaTip=5.10px; T3L_TaT3=5.00px,,,
14.142,7.84,1.282,0.0,12,50,cfc9bb03167353817f62e15b042decf6,1.0,2026_03_09_14_39_40,2026_04_08_14_59_45,Cam2012861,227731,9618,16744,0,1,unknown,unknown,general_model/courtship_V2/train,red_data_unified_V3/train,train,train,train,/mmfs1/gscratch/portia/eabe/data/Johnson_lab/red_data/general_model/courtship_V2/train/2026_03_09_14_39_40/Cam2012861/Frame_227731.jpg,/mmfs1/gscratch/portia/eabe/data/Johnson_lab/red_data/red_data_unified_V3/train/2026_04_08_14_59_45/Cam2012861/Frame_227731.jpg,Antenna_Base=14.14px; Scutellum=10.00px; T3L_TaT3=9.85px; T1R_TaT3=5.39px; T2R_TaT1=5.39px,,,
14.036,9.262,2.685,1.414,35,50,d9a7d3cff11d864583d937695985fc5b,0.9929,2026_03_09_14_39_40,2026_04_08_14_59_45,Cam2012855,94100,7625,15119,0,1,unknown,unknown,general_model/courtship_V2/train,red_data_unified_V3/train,train,train,train,/mmfs1/gscratch/portia/eabe/data/Johnson_lab/red_data/general_model/courtship_V2/train/2026_03_09_14_39_40/Cam2012855/Frame_94100.jpg,/mmfs1/gscratch/portia/eabe/data/Johnson_lab/red_data/red_data_unified_V3/train/2026_04_08_14_59_45/Cam2012855/Frame_94100.jpg,T3R_Tro=14.04px; T3L_TaT3=9.85px; WingR_base=9.85px; T1R_TaT3=8.54px; T2L_TaT3=8.25px,,,
14.036,10.86,1.826,0.0,12,50,432b5e9934dc4bb9b5cf2b951974cd90,1.0,2026_03_09_14_39_40,2026_04_08_14_59_45,Cam2012855,149709,9063,16306,0,1,unknown,unknown,general_model/courtship_V2/train,red_data_unified_V3/train,train,train,train,/mmfs1/gscratch/portia/eabe/data/Johnson_lab/red_data/general_model/courtship_V2/train/2026_03_09_14_39_40/Cam2012855/Frame_149709.jpg,/mmfs1/gscratch/portia/eabe/data/Johnson_lab/red_data/red_data_unified_V3/train/2026_04_08_14_59_45/Cam2012855/Frame_149709.jpg,T3L_TaT3=14.04px; WingL_base=12.04px; T2L_TaT3=11.40px; T2L_TaTip=10.20px; T3R_TaT3=9.43px,,,
14.036,5.63,1.15,0.0,12,50,9803cbf95562c8c74e0d67f98203afe6,0.9943,2026_03_09_14_39_40,2026_04_08_14_59_45,Cam2012631,227725,9600,16728,0,1,unknown,unknown,general_model/courtship_V2/train,red_data_unified_V3/train,train,train,train,/mmfs1/gscratch/portia/eabe/data/Johnson_lab/red_data/general_model/courtship_V2/train/2026_03_09_14_39_40/Cam2012631/Frame_227725.jpg,/mmfs1/gscratch/portia/eabe/data/Johnson_lab/red_data/red_data_unified_V3/train/2026_04_08_14_59_45/Cam2012631/Frame_227725.jpg,Antenna_Base=14.04px; T2R_TaT3=6.40px; T3R_TaT3=5.83px; T2L_TaT3=5.39px; T3L_TaT3=5.10px,,,
14.036,6.368,1.262,0.0,12,50,0e22559e0f3def5927cf3af3b1a2d366,0.9856,2026_03_09_14_39_40,2026_04_08_14_59_45,Cam2012855,227725,9602,16730,0,1,unknown,unknown,general_model/courtship_V2/train,red_data_unified_V3/train,train,train,train,/mmfs1/gscratch/portia/eabe/data/Johnson_lab/red_data/general_model/courtship_V2/train/2026_03_09_14_39_40/Cam2012855/Frame_227725.jpg,/mmfs1/gscratch/portia/eabe/data/Johnson_lab/red_data/red_data_unified_V3/train/2026_04_08_14_59_45/Cam2012855/Frame_227725.jpg,Antenna_Base=14.04px; T1R_TaT3=7.21px; T3L_TaT3=6.40px; T2L_TaT3=6.32px; T2R_TaT3=5.66px,,,
14.036,7.373,1.244,0.0,12,50,54be242155a3a1735656fb9f0d9b66e5,1.0,2026_03_09_14_39_40,2026_04_08_14_59_45,Cam2012857,227731,9617,16743,0,1,unknown,unknown,general_model/courtship_V2/train,red_data_unified_V3/train,train,train,train,/mmfs1/gscratch/portia/eabe/data/Johnson_lab/red_data/general_model/courtship_V2/train/2026_03_09_14_39_40/Cam2012857/Frame_227731.jpg,/mmfs1/gscratch/portia/eabe/data/Johnson_lab/red_data/red_data_unified_V3/train/2026_04_08_14_59_45/Cam2012857/Frame_227731.jpg,Antenna_Base=14.04px; T3L_TaT3=9.85px; Scutellum=9.00px; T2R_TaT1=5.39px; T1R_TaT3=5.00px,,,
14.036,8.844,1.45,0.0,10,50,3a0d59e99af3baa3c3dd34237963ff32,0.9909,2026_03_09_14_39_40,2026_04_08_14_59_45,Cam2012857,149544,8812,15953,0,1,unknown,unknown,general_model/courtship_V2/train,red_data_unified_V3/train,train,train,train,/mmfs1/gscratch/portia/eabe/data/Johnson_lab/red_data/general_model/courtship_V2/train/2026_03_09_14_39_40/Cam2012857/Frame_149544.jpg,/mmfs1/gscratch/portia/eabe/data/Johnson_lab/red_data/red_data_unified_V3/train/2026_04_08_14_59_45/Cam2012857/Frame_149544.jpg,WingR_base=14.04px; WingL_base=14.00px; T1R_TaT3=9.85px; T2R_TaT3=7.62px; T3R_TaT3=7.28px,,,
14.036,10.174,1.532,0.0,10,50,e00c40089be3fd94a1d9b468ac05b48e,0.9912,2026_03_09_14_39_40,2026_04_08_14_59_45,Cam2012861,149544,8813,15954,0,1,unknown,unknown,general_model/courtship_V2/train,red_data_unified_V3/train,train,train,train,/mmfs1/gscratch/portia/eabe/data/Johnson_lab/red_data/general_model/courtship_V2/train/2026_03_09_14_39_40/Cam2012861/Frame_149544.jpg,/mmfs1/gscratch/portia/eabe/data/Johnson_lab/red_data/red_data_unified_V3/train/2026_04_08_14_59_45/Cam2012861/Frame_149544.jpg,WingR_base=14.04px; WingL_base=14.00px; T3L_TaT3=10.44px; T1R_TaT3=9.85px; T3R_TaT3=8.25px,,,
14.0,9.959,2.614,1.0,35,50,8f7c5ee199d969725366996e645bbfdd,0.9941,2026_03_09_14_39_40,2026_04_08_14_59_45,Cam2012630,94132,7706,15228,0,1,unknown,unknown,general_model/courtship_V2/train,red_data_unified_V3/train,train,train,train,/mmfs1/gscratch/portia/eabe/data/Johnson_lab/red_data/general_model/courtship_V2/train/2026_03_09_14_39_40/Cam2012630/Frame_94132.jpg,/mmfs1/gscratch/portia/eabe/data/Johnson_lab/red_data/red_data_unified_V3/train/2026_04_08_14_59_45/Cam2012630/Frame_94132.jpg,T3R_Tro=14.00px; WingR_base=11.31px; T2R_Tro=10.05px; T3L_TaT3=9.85px; T2L_FeTi=9.06px,,,
14.0,10.44,2.816,1.414,29,50,9e5f3374025d888997cc6c5646ae92dc,0.9755,2026_03_09_14_39_40,2026_04_08_14_59_45,Cam2012857,227705,9554,16695,0,1,unknown,unknown,general_model/courtship_V2/train,red_data_unified_V3/train,train,train,train,/mmfs1/gscratch/portia/eabe/data/Johnson_lab/red_data/general_model/courtship_V2/train/2026_03_09_14_39_40/Cam2012857/Frame_227705.jpg,/mmfs1/gscratch/portia/eabe/data/Johnson_lab/red_data/red_data_unified_V3/train/2026_04_08_14_59_45/Cam2012857/Frame_227705.jpg,WingR_base=14.00px; Scutellum=11.31px; Abd_A4=10.44px; T3R_TaT3=10.44px; T3L_TaT3=9.22px,,,
14.0,10.513,2.722,1.0,29,50,4a75976a48204119a352c69b49bc4cf4,0.9754,2026_03_09_14_39_40,2026_04_08_14_59_45,Cam2012861,227705,9555,16696,0,1,unknown,unknown,general_model/courtship_V2/train,red_data_unified_V3/train,train,train,train,/mmfs1/gscratch/portia/eabe/data/Johnson_lab/red_data/general_model/courtship_V2/train/2026_03_09_14_39_40/Cam2012861/Frame_227705.jpg,/mmfs1/gscratch/portia/eabe/data/Johnson_lab/red_data/red_data_unified_V3/train/2026_04_08_14_59_45/Cam2012861/Frame_227705.jpg,WingR_base=14.00px; Scutellum=11.31px; T3R_TaT3=10.77px; Abd_A4=10.20px; T3L_TaT3=9.22px,,,
14.0,9.036,1.734,0.0,12,50,ceca574042f17e760fe17f300eb0f955,0.9732,2026_03_09_14_39_40,2026_04_08_14_59_45,Cam2012861,149484,8722,15786,0,1,unknown,unknown,general_model/courtship_V2/train,red_data_unified_V3/train,train,train,train,/mmfs1/gscratch/portia/eabe/data/Johnson_lab/red_data/general_model/courtship_V2/train/2026_03_09_14_39_40/Cam2012861/Frame_149484.jpg,/mmfs1/gscratch/portia/eabe/data/Johnson_lab/red_data/red_data_unified_V3/train/2026_04_08_14_59_45/Cam2012861/Frame_149484.jpg,T1L_ThxCx=14.00px; WingL_base=12.08px; T1R_ThxCx=10.20px; T3L_Tro=7.62px; WingR_base=7.07px,,,
14.0,7.944,1.174,0.0,9,50,2078f0651b216e706569420e2a3f0879,1.0,2026_03_09_14_39_40,2026_04_07_11_33_33,Cam2012862,149740,9122,14851,0,0,unknown,unknown,general_model/courtship_V2/train,red_data_unified_V3/val,train,val,train,/mmfs1/gscratch/portia/eabe/data/Johnson_lab/red_data/general_model/courtship_V2/train/2026_03_09_14_39_40/Cam2012862/Frame_149740.jpg,/mmfs1/gscratch/portia/eabe/data/Johnson_lab/red_data/red_data_unified_V3/val/2026_04_07_11_33_33/Cam2012862/Frame_149740.jpg,T2L_TaT3=14.00px; T1L_TaT3=9.43px; T3L_TaT3=8.54px; T1R_TaT3=7.21px; T3R_TaT3=6.08px,,,
14.0,5.054,0.73,0.0,6,50,dde5e7d00ab0d67bab0d45ef2ef7bb1a,1.0,2026_03_09_14_39_40,2026_04_08_14_59_45,Cam2012631,227861,9719,17016,0,1,unknown,unknown,general_model/courtship_V2/train,red_data_unified_V3/train,train,train,train,/mmfs1/gscratch/portia/eabe/data/Johnson_lab/red_data/general_model/courtship_V2/train/2026_03_09_14_39_40/Cam2012631/Frame_227861.jpg,/mmfs1/gscratch/portia/eabe/data/Johnson_lab/red_data/red_data_unified_V3/train/2026_04_08_14_59_45/Cam2012631/Frame_227861.jpg,Antenna_Base=14.00px; T1R_TaT3=6.08px; T3L_TaT3=5.10px; T3R_TaT3=5.00px; T1L_TaT3=3.16px,,,
13.928,9.434,2.557,1.0,29,50,fbc69590873f29f150415fc76bb21ed8,0.9809,2026_03_09_14_39_40,2026_04_08_14_59_45,Cam2012855,227709,9560,16706,0,1,unknown,unknown,general_model/courtship_V2/train,red_data_unified_V3/train,train,train,train,/mmfs1/gscratch/portia/eabe/data/Johnson_lab/red_data/general_model/courtship_V2/train/2026_03_09_14_39_40/Cam2012855/Frame_227709.jpg,/mmfs1/gscratch/portia/eabe/data/Johnson_lab/red_data/red_data_unified_V3/train/2026_04_08_14_59_45/Cam2012855/Frame_227709.jpg,WingR_base=13.93px; T3R_TaT3=10.44px; EyeR=9.43px; T3L_TaT3=9.43px; T2L_TaT3=9.22px,,,
13.928,8.062,2.114,1.0,27,50,fe1c8fdfcd1343370fe7110ac9dd7f55,0.9929,2026_03_09_14_39_40,2026_04_08_14_59_45,Cam2012857,94107,7640,15148,0,1,unknown,unknown,general_model/courtship_V2/train,red_data_unified_V3/train,train,train,train,/mmfs1/gscratch/portia/eabe/data/Johnson_lab/red_data/general_model/courtship_V2/train/2026_03_09_14_39_40/Cam2012857/Frame_94107.jpg,/mmfs1/gscratch/portia/eabe/data/Johnson_lab/red_data/red_data_unified_V3/train/2026_04_08_14_59_45/Cam2012857/Frame_94107.jpg,WingR_base=13.93px; T1R_ThxCx=10.77px; T1R_TaT3=8.06px; T3R_TaT3=8.06px; EyeR=6.32px,,,
13.928,9.463,2.391,0.5,25,50,7c7933d30bd01380b53a3be4f3a10c03,0.983,2026_03_09_14_39_40,2026_04_08_14_59_45,Cam2012861,415175,10473,17753,0,1,unknown,unknown,general_model/courtship_V2/train,red_data_unified_V3/train,train,train,val,/mmfs1/gscratch/portia/eabe/data/Johnson_lab/red_data/general_model/courtship_V2/train/2026_03_09_14_39_40/Cam2012861/Frame_415175.jpg,/mmfs1/gscratch/portia/eabe/data/Johnson_lab/red_data/red_data_unified_V3/train/2026_04_08_14_59_45/Cam2012861/Frame_415175.jpg,WingR_base=13.93px; WingL_base=11.05px; T3R_TaT3=9.49px; T1R_TaT3=9.43px; T2L_TaT3=8.54px,,,
13.928,8.975,2.319,0.0,24,50,29c14ca7186ce13dc9d52bdbcda3b77d,0.9739,2026_03_09_14_39_40,2026_04_08_14_59_45,Cam2012857,415175,10472,17752,0,1,unknown,unknown,general_model/courtship_V2/train,red_data_unified_V3/train,train,train,val,/mmfs1/gscratch/portia/eabe/data/Johnson_lab/red_data/general_model/courtship_V2/train/2026_03_09_14_39_40/Cam2012857/Frame_415175.jpg,/mmfs1/gscratch/portia/eabe/data/Johnson_lab/red_data/red_data_unified_V3/train/2026_04_08_14_59_45/Cam2012857/Frame_415175.jpg,WingR_base=13.93px; WingL_base=11.00px; T3L_TaT3=9.00px; T1R_TaT3=8.94px; T3R_TaT3=8.54px,,,
13.928,12.018,2.76,0.0,22,50,2c7f5a8802e5d43a318a1a32c35518a3,0.9997,2026_03_09_14_39_40,2026_04_08_14_59_45,Cam2012631,149436,8641,15649,0,1,unknown,unknown,general_model/courtship_V2/train,red_data_unified_V3/train,train,train,train,/mmfs1/gscratch/portia/eabe/data/Johnson_lab/red_data/general_model/courtship_V2/train/2026_03_09_14_39_40/Cam2012631/Frame_149436.jpg,/mmfs1/gscratch/portia/eabe/data/Johnson_lab/red_data/red_data_unified_V3/train/2026_04_08_14_59_45/Cam2012631/Frame_149436.jpg,T1R_Tro=13.93px; T3R_Tro=13.93px; T1R_ThxCx=13.04px; T1L_ThxCx=10.77px; T3L_Tro=10.44px,,,
13.928,10.748,2.179,0.0,16,50,3c6b5b75ce84e2408bd6b294a2e3e846,1.0,2026_03_09_14_39_40,2026_04_08_14_59_45,Cam2012861,149552,8827,15982,0,1,unknown,unknown,general_model/courtship_V2/train,red_data_unified_V3/train,train,train,train,/mmfs1/gscratch/portia/eabe/data/Johnson_lab/red_data/general_model/courtship_V2/train/2026_03_09_14_39_40/Cam2012861/Frame_149552.jpg,/mmfs1/gscratch/portia/eabe/data/Johnson_lab/red_data/red_data_unified_V3/train/2026_04_08_14_59_45/Cam2012861/Frame_149552.jpg,T3R_TaT1=13.93px; WingR_base=12.17px; EyeL=11.00px; T3L_TaT3=10.44px; T1R_TaT3=10.05px,,,
13.928,8.661,1.729,0.0,12,50,8c169265dcb322749a8a07ea3bd24f37,1.0,2026_03_09_14_39_40,2026_04_08_14_59_45,Cam2012857,149709,9064,16307,0,1,unknown,unknown,general_model/courtship_V2/train,red_data_unified_V3/train,train,train,train,/mmfs1/gscratch/portia/eabe/data/Johnson_lab/red_data/general_model/courtship_V2/train/2026_03_09_14_39_40/Cam2012857/Frame_149709.jpg,/mmfs1/gscratch/portia/eabe/data/Johnson_lab/red_data/red_data_unified_V3/train/2026_04_08_14_59_45/Cam2012857/Frame_149709.jpg,T3L_TaT3=13.93px; WingL_base=13.60px; T2L_Tro=9.00px; T2L_TaTip=8.25px; T3R_TaT3=8.06px,,,
13.928,8.975,1.351,0.0,11,50,aa8d0b87c614d8b4608a002da83f836a,0.996,2026_03_09_14_39_40,2026_04_08_14_59_45,Cam2012862,149568,8856,16025,0,1,unknown,unknown,general_model/courtship_V2/train,red_data_unified_V3/train,train,train,train,/mmfs1/gscratch/portia/eabe/data/Johnson_lab/red_data/general_model/courtship_V2/train/2026_03_09_14_39_40/Cam2012862/Frame_149568.jpg,/mmfs1/gscratch/portia/eabe/data/Johnson_lab/red_data/red_data_unified_V3/train/2026_04_08_14_59_45/Cam2012862/Frame_149568.jpg,WingR_base=13.93px; WingL_base=10.30px; T2L_TaT3=9.00px; T1L_TaT3=8.94px; T3L_TaT3=5.83px,,,
13.928,8.434,1.256,0.0,10,50,383756fd0cd34b15251309f9f60c75a2,1.0,2026_03_09_14_39_40,2026_04_08_14_59_45,Cam2012630,149540,8801,15935,0,1,unknown,unknown,general_model/courtship_V2/train,red_data_unified_V3/train,train,train,train,/mmfs1/gscratch/portia/eabe/data/Johnson_lab/red_data/general_model/courtship_V2/train/2026_03_09_14_39_40/Cam2012630/Frame_149540.jpg,/mmfs1/gscratch/portia/eabe/data/Johnson_lab/red_data/red_data_unified_V3/train/2026_04_08_14_59_45/Cam2012630/Frame_149540.jpg,T2L_TaT3=13.93px; T3L_TaT3=9.85px; T3R_TaT3=9.43px; T1R_TaT3=7.21px; T2L_TaT1=7.07px,,,
13.892,9.686,2.753,1.207,35,50,c937d5b0adae8f6103dec5f05a5ebc98,0.9764,2026_03_09_14_39_40,2026_04_08_14_59_45,Cam2012862,94114,7656,15164,0,1,unknown,unknown,general_model/courtship_V2/train,red_data_unified_V3/train,train,train,train,/mmfs1/gscratch/portia/eabe/data/Johnson_lab/red_data/general_model/courtship_V2/train/2026_03_09_14_39_40/Cam2012862/Frame_94114.jpg,/mmfs1/gscratch/portia/eabe/data/Johnson_lab/red_data/red_data_unified_V3/train/2026_04_08_14_59_45/Cam2012862/Frame_94114.jpg,WingR_base=13.89px; T3R_TaT3=10.00px; Abd_tip=9.85px; T2R_TaT3=9.49px; T3L_TaT3=8.54px,,,
13.892,7.679,1.617,0.0,13,50,97eeeb968c223b909ea802162679e6b7,1.0,2026_03_09_14_39_40,2026_04_08_14_59_45,Cam2012855,149524,8776,15896,0,1,unknown,unknown,general_model/courtship_V2/train,red_data_unified_V3/train,train,train,train,/mmfs1/gscratch/portia/eabe/data/Johnson_lab/red_data/general_model/courtship_V2/train/2026_03_09_14_39_40/Cam2012855/Frame_149524.jpg,/mmfs1/gscratch/portia/eabe/data/Johnson_lab/red_data/red_data_unified_V3/train/2026_04_08_14_59_45/Cam2012855/Frame_149524.jpg,T3R_TaT3=13.89px; T1L_ThxCx=12.08px; T1L_TaT3=8.06px; T1R_TaT3=7.21px; T2L_TaT1=7.07px,,,
13.892,6.216,1.105,0.0,10,50,5fefa54d154778b5edb331d0333a4869,0.9959,2026_03_09_14_39_40,2026_04_08_14_59_45,Cam2012853,149713,9069,16317,0,1,unknown,unknown,general_model/courtship_V2/train,red_data_unified_V3/train,train,train,train,/mmfs1/gscratch/portia/eabe/data/Johnson_lab/red_data/general_model/courtship_V2/train/2026_03_09_14_39_40/Cam2012853/Frame_149713.jpg,/mmfs1/gscratch/portia/eabe/data/Johnson_lab/red_data/red_data_unified_V3/train/2026_04_08_14_59_45/Cam2012853/Frame_149713.jpg,T2L_TaT3=13.89px; T3R_TaT3=7.28px; T1L_TaT3=6.32px; Scutellum=6.08px; T3L_TaT3=6.08px,,,
13.892,5.256,0.876,0.0,7,50,3c1f1c3febb090a87037caa910d8e279,1.0,2026_03_09_14_39_40,2026_04_08_14_59_45,Cam2012855,149448,8657,15686,0,1,unknown,unknown,general_model/courtship_V2/train,red_data_unified_V3/train,train,train,train,/mmfs1/gscratch/portia/eabe/data/Johnson_lab/red_data/general_model/courtship_V2/train/2026_03_09_14_39_40/Cam2012855/Frame_149448.jpg,/mmfs1/gscratch/portia/eabe/data/Johnson_lab/red_data/red_data_unified_V3/train/2026_04_08_14_59_45/Cam2012855/Frame_149448.jpg,Scutellum=13.89px; T1L_Tro=10.05px; T2R_TaT1=5.39px; T3L_TaT3=5.10px; T3R_TaT3=4.12px,,,
13.601,9.22,2.783,1.707,36,50,99f2f8426269929b6fce5bd8d9e49c61,0.9806,2026_03_09_14_39_40,2026_04_08_14_59_45,Cam2012853,94114,7652,15160,0,1,unknown,unknown,general_model/courtship_V2/train,red_data_unified_V3/train,train,train,train,/mmfs1/gscratch/portia/eabe/data/Johnson_lab/red_data/general_model/courtship_V2/train/2026_03_09_14_39_40/Cam2012853/Frame_94114.jpg,/mmfs1/gscratch/portia/eabe/data/Johnson_lab/red_data/red_data_unified_V3/train/2026_04_08_14_59_45/Cam2012853/Frame_94114.jpg,T3R_Tro=13.60px; Abd_tip=9.85px; T2L_TaT3=9.22px; T3L_TaT3=9.22px; T1L_TaT3=8.06px,,,
13.601,11.017,3.071,1.414,35,50,b386413377889903034d05b03cfbc36e,0.9726,2026_03_09_14_39_40,2026_04_08_14_59_45,Cam2012631,227701,9544,16680,0,1,unknown,unknown,general_model/courtship_V2/train,red_data_unified_V3/train,train,train,train,/mmfs1/gscratch/portia/eabe/data/Johnson_lab/red_data/general_model/courtship_V2/train/2026_03_09_14_39_40/Cam2012631/Frame_227701.jpg,/mmfs1/gscratch/portia/eabe/data/Johnson_lab/red_data/red_data_unified_V3/train/2026_04_08_14_59_45/Cam2012631/Frame_227701.jpg,T3R_TaT3=13.60px; T2L_Tro=12.04px; WingR_base=11.18px; EyeR=10.82px; Scutellum=10.00px,,,
13.601,8.062,2.782,2.118,30,50,b779e1aed656b812f658e695d112c7d3,0.9851,2026_03_09_14_39_40,2026_04_08_14_59_45,Cam2012861,415227,10599,17944,0,1,unknown,unknown,general_model/courtship_V2/train,red_data_unified_V3/train,train,train,val,/mmfs1/gscratch/portia/eabe/data/Johnson_lab/red_data/general_model/courtship_V2/train/2026_03_09_14_39_40/Cam2012861/Frame_415227.jpg,/mmfs1/gscratch/portia/eabe/data/Johnson_lab/red_data/red_data_unified_V3/train/2026_04_08_14_59_45/Cam2012861/Frame_415227.jpg,WingR_base=13.60px; T1R_TaT3=10.00px; T3L_TaT3=8.06px; T1R_ThxCx=8.06px; EyeR=6.71px,,,
13.601,9.811,2.213,1.0,29,50,5eebec1ba6d4eecb542a5e45b3489b47,0.9976,2026_03_09_14_39_40,2026_04_08_14_59_45,Cam2012630,415183,10482,17769,0,1,unknown,unknown,general_model/courtship_V2/train,red_data_unified_V3/train,train,train,val,/mmfs1/gscratch/portia/eabe/data/Johnson_lab/red_data/general_model/courtship_V2/train/2026_03_09_14_39_40/Cam2012630/Frame_415183.jpg,/mmfs1/gscratch/portia/eabe/data/Johnson_lab/red_data/red_data_unified_V3/train/2026_04_08_14_59_45/Cam2012630/Frame_415183.jpg,WingR_base=13.60px; T3R_TaT3=12.21px; T3L_TaT3=10.30px; T2R_TaT3=9.22px; T2L_TaT3=8.06px,,,
13.601,9.121,2.493,1.0,29,50,05aab14dfef35b990f252e6fd2777ae1,0.9702,2026_03_09_14_39_40,2026_04_08_14_59_45,Cam2012861,415214,10557,17874,0,1,unknown,unknown,general_model/courtship_V2/train,red_data_unified_V3/train,train,train,val,/mmfs1/gscratch/portia/eabe/data/Johnson_lab/red_data/general_model/courtship_V2/train/2026_03_09_14_39_40/Cam2012861/Frame_415214.jpg,/mmfs1/gscratch/portia/eabe/data/Johnson_lab/red_data/red_data_unified_V3/train/2026_04_08_14_59_45/Cam2012861/Frame_415214.jpg,Abd_A4=13.60px; WingR_base=13.00px; T1R_TaT3=9.22px; T3L_TaT3=9.00px; WingL_base=8.06px,,,
13.601,8.825,2.256,1.0,28,50,10002f4e611784101d4ec2ca00e99600,0.9926,2026_03_09_14_39_40,2026_04_08_14_59_45,Cam2012862,94103,7635,15136,0,1,unknown,unknown,general_model/courtship_V2/train,red_data_unified_V3/train,train,train,train,/mmfs1/gscratch/portia/eabe/data/Johnson_lab/red_data/general_model/courtship_V2/train/2026_03_09_14_39_40/Cam2012862/Frame_94103.jpg,/mmfs1/gscratch/portia/eabe/data/Johnson_lab/red_data/red_data_unified_V3/train/2026_04_08_14_59_45/Cam2012862/Frame_94103.jpg,T3R_TaT3=13.60px; WingR_base=12.04px; T2R_TaT3=9.06px; T1L_TaT3=8.54px; T3L_TaT3=8.54px,,,
13.601,8.825,2.45,1.207,28,50,939748785040270260237a2bdc12d4a7,0.9637,2026_03_09_14_39_40,2026_04_08_14_59_45,Cam2012857,415195,10507,17809,0,1,unknown,unknown,general_model/courtship_V2/train,red_data_unified_V3/train,train,train,val,/mmfs1/gscratch/portia/eabe/data/Johnson_lab/red_data/general_model/courtship_V2/train/2026_03_09_14_39_40/Cam2012857/Frame_415195.jpg,/mmfs1/gscratch/portia/eabe/data/Johnson_lab/red_data/red_data_unified_V3/train/2026_04_08_14_59_45/Cam2012857/Frame_415195.jpg,WingR_base=13.60px; T3L_TaT3=12.17px; WingL_base=9.06px; Abd_A4=8.54px; T1L_TaT3=7.21px,,,
13.601,9.22,2.28,0.5,25,50,d4817e1d20467f6e32f3310a8558eb7a,0.9879,2026_03_09_14_39_40,2026_04_08_14_59_45,Cam2012861,415203,10536,17846,0,1,unknown,unknown,general_model/courtship_V2/train,red_data_unified_V3/train,train,train,val,/mmfs1/gscratch/portia/eabe/data/Johnson_lab/red_data/general_model/courtship_V2/train/2026_03_09_14_39_40/Cam2012861/Frame_415203.jpg,/mmfs1/gscratch/portia/eabe/data/Johnson_lab/red_data/red_data_unified_V3/train/2026_04_08_14_59_45/Cam2012861/Frame_415203.jpg,WingR_base=13.60px; T3L_TaT3=11.70px; Abd_A4=9.22px; WingL_base=9.22px; T3R_TaT3=8.60px,,,
13.601,7.371,1.692,0.0,24,50,2ff180d50da46d15f4e92422dbd77753,0.9874,2026_03_09_14_39_40,2026_04_08_14_59_45,Cam2012630,94128,7699,15214,0,1,unknown,unknown,general_model/courtship_V2/train,red_data_unified_V3/train,train,train,train,/mmfs1/gscratch/portia/eabe/data/Johnson_lab/red_data/general_model/courtship_V2/train/2026_03_09_14_39_40/Cam2012630/Frame_94128.jpg,/mmfs1/gscratch/portia/eabe/data/Johnson_lab/red_data/red_data_unified_V3/train/2026_04_08_14_59_45/Cam2012630/Frame_94128.jpg,WingR_base=13.60px; T2R_TaT3=9.22px; T1L_TaT3=7.62px; T2L_TaT3=7.07px; T1R_TaT3=6.40px,,,
13.601,8.327,2.432,0.0,23,50,a62b15e18cdc0054a9f7d7d3786fab74,0.95,2026_03_09_14_39_40,2026_04_08_14_59_45,Cam2012861,415187,10494,17786,0,1,unknown,unknown,general_model/courtship_V2/train,red_data_unified_V3/train,train,train,val,/mmfs1/gscratch/portia/eabe/data/Johnson_lab/red_data/general_model/courtship_V2/train/2026_03_09_14_39_40/Cam2012861/Frame_415187.jpg,/mmfs1/gscratch/portia/eabe/data/Johnson_lab/red_data/red_data_unified_V3/train/2026_04_08_14_59_45/Cam2012861/Frame_415187.jpg,T1L_ThxCx=13.60px; Scutellum=10.63px; T1R_TaT3=8.54px; WingR_V12=8.06px; T3L_TaT3=7.28px,,,
13.601,7.469,1.519,0.0,22,50,b24b3117d83ecc23056f781b14e213f9,0.9887,2026_03_09_14_39_40,2026_04_08_14_59_45,Cam2012862,94128,7705,15220,0,1,unknown,unknown,general_model/courtship_V2/train,red_data_unified_V3/train,train,train,train,/mmfs1/gscratch/portia/eabe/data/Johnson_lab/red_data/general_model/courtship_V2/train/2026_03_09_14_39_40/Cam2012862/Frame_94128.jpg,/mmfs1/gscratch/portia/eabe/data/Johnson_lab/red_data/red_data_unified_V3/train/2026_04_08_14_59_45/Cam2012862/Frame_94128.jpg,WingR_base=13.60px; T2R_TaT3=9.22px; T3R_TaT3=8.60px; T1L_TaT3=6.08px; T3L_TaT3=6.00px,,,
13.601,10.869,1.781,0.0,19,50,9d0f6ba2e0cba56556ec74d084d469b6,0.9977,2026_03_09_14_39_40,2026_04_08_14_59_45,Cam2012853,149762,9160,16379,0,1,unknown,unknown,general_model/courtship_V2/train,red_data_unified_V3/train,train,train,train,/mmfs1/gscratch/portia/eabe/data/Johnson_lab/red_data/general_model/courtship_V2/train/2026_03_09_14_39_40/Cam2012853/Frame_149762.jpg,/mmfs1/gscratch/portia/eabe/data/Johnson_lab/red_data/red_data_unified_V3/train/2026_04_08_14_59_45/Cam2012853/Frame_149762.jpg,T3R_TaT3=13.60px; T2R_TaT3=13.34px; T3L_TaT3=12.00px; T2L_TaT3=9.49px; T1L_TaT3=7.07px,,,
13.601,8.519,1.487,0.0,13,50,3cce556e77ebb3fc79efd5b8497d7a72,1.0,2026_03_09_14_39_40,2026_04_08_14_59_45,Cam2012630,149520,8766,15879,0,1,unknown,unknown,general_model/courtship_V2/train,red_data_unified_V3/train,train,train,train,/mmfs1/gscratch/portia/eabe/data/Johnson_lab/red_data/general_model/courtship_V2/train/2026_03_09_14_39_40/Cam2012630/Frame_149520.jpg,/mmfs1/gscratch/portia/eabe/data/Johnson_lab/red_data/red_data_unified_V3/train/2026_04_08_14_59_45/Cam2012630/Frame_149520.jpg,T3L_TaT3=13.60px; T2L_TaT3=13.34px; T3R_TaT3=8.94px; T1L_TaT3=8.00px; T3R_TaT1=6.40px,,,
13.601,6.812,1.273,0.0,11,50,fd8a6945b4ba5128c4880612425909f6,1.0,2026_03_09_14_39_40,2026_04_08_14_59_45,Cam2012630,149381,8561,15515,0,1,unknown,unknown,general_model/courtship_V2/val,red_data_unified_V3/train,train,train,train,/mmfs1/gscratch/portia/eabe/data/Johnson_lab/red_data/general_model/courtship_V2/val/2026_03_09_14_39_40/Cam2012630/Frame_149381.jpg,/mmfs1/gscratch/portia/eabe/data/Johnson_lab/red_data/red_data_unified_V3/train/2026_04_08_14_59_45/Cam2012630/Frame_149381.jpg,WingL_base=13.60px; T3R_TaT3=7.28px; T2L_TaT3=7.21px; T1R_TaT3=6.32px; T2R_TaT3=6.08px,,,
13.454,7.645,2.726,2.0,30,50,f36676047e158d29219ce387001bccec,0.9849,2026_03_09_14_39_40,2026_04_08_14_59_45,Cam2012857,415227,10598,17943,0,1,unknown,unknown,general_model/courtship_V2/train,red_data_unified_V3/train,train,train,val,/mmfs1/gscratch/portia/eabe/data/Johnson_lab/red_data/general_model/courtship_V2/train/2026_03_09_14_39_40/Cam2012857/Frame_415227.jpg,/mmfs1/gscratch/portia/eabe/data/Johnson_lab/red_data/red_data_unified_V3/train/2026_04_08_14_59_45/Cam2012857/Frame_415227.jpg,WingR_base=13.45px; T1R_TaT3=9.22px; T3L_TaT3=8.00px; T1R_ThxCx=7.21px; T3R_TaT3=7.07px,,,
13.454,7.71,1.787,0.0,16,50,d7aed15f7ec60b6ac972a1728f44e4ae,0.97,2026_03_09_14_39_40,2026_04_08_14_59_45,Cam2012862,149677,9010,16261,0,1,unknown,unknown,general_model/courtship_V2/train,red_data_unified_V3/train,train,train,train,/mmfs1/gscratch/portia/eabe/data/Johnson_lab/red_data/general_model/courtship_V2/train/2026_03_09_14_39_40/Cam2012862/Frame_149677.jpg,/mmfs1/gscratch/portia/eabe/data/Johnson_lab/red_data/red_data_unified_V3/train/2026_04_08_14_59_45/Cam2012862/Frame_149677.jpg,WingR_V13=13.45px; T3L_TaT3=8.94px; T1L_TaT3=8.06px; T1R_Tro=7.28px; WingL_base=6.71px,,,
13.416,10.53,3.138,1.707,31,50,3ed45663443040d11d7b29b0d46a993a,0.9856,2026_03_09_14_39_40,2026_04_08_14_59_45,Cam2012853,94187,7792,15363,0,1,unknown,unknown,general_model/courtship_V2/train,red_data_unified_V3/train,train,train,train,/mmfs1/gscratch/portia/eabe/data/Johnson_lab/red_data/general_model/courtship_V2/train/2026_03_09_14_39_40/Cam2012853/Frame_94187.jpg,/mmfs1/gscratch/portia/eabe/data/Johnson_lab/red_data/red_data_unified_V3/train/2026_04_08_14_59_45/Cam2012853/Frame_94187.jpg,Scutellum=13.42px; T1L_ThxCx=12.37px; T3R_FeTi=11.05px; Abd_A4=9.90px; T2L_Tro=8.49px,,,
13.416,6.703,2.188,1.414,30,50,948d0d3034ada75b8ce24f22d87b6c88,0.9982,2026_03_09_14_39_40,2026_04_07_11_33_33,Cam2012631,94111,7644,14741,0,0,unknown,unknown,general_model/courtship_V2/train,red_data_unified_V3/val,train,val,train,/mmfs1/gscratch/portia/eabe/data/Johnson_lab/red_data/general_model/courtship_V2/train/2026_03_09_14_39_40/Cam2012631/Frame_94111.jpg,/mmfs1/gscratch/portia/eabe/data/Johnson_lab/red_data/red_data_unified_V3/val/2026_04_07_11_33_33/Cam2012631/Frame_94111.jpg,T3R_TaT3=13.42px; WingR_base=12.81px; T1R_TaT3=7.21px; T3L_TaT3=6.08px; T1L_TiTa=5.39px,,,
13.416,9.045,2.291,1.207,30,50,7eaa725480f8920cc06c877dcddc708a,0.9888,2026_03_09_14_39_40,2026_04_08_14_59_45,Cam2012853,415224,10575,17913,0,1,unknown,unknown,general_model/courtship_V2/train,red_data_unified_V3/train,train,train,val,/mmfs1/gscratch/portia/eabe/data/Johnson_lab/red_data/general_model/courtship_V2/train/2026_03_09_14_39_40/Cam2012853/Frame_415224.jpg,/mmfs1/gscratch/portia/eabe/data/Johnson_lab/red_data/red_data_unified_V3/train/2026_04_08_14_59_45/Cam2012853/Frame_415224.jpg,T3L_TaT3=13.42px; WingR_base=11.18px; T2L_TaT3=9.85px; Scutellum=8.06px; EyeL=7.28px,,,
13.416,9.318,2.405,1.707,29,50,0cccab4b88ff9edafd65c7705c86f24e,0.9967,2026_03_09_14_39_40,2026_04_08_14_59_45,Cam2012862,415169,10446,17740,0,1,unknown,unknown,general_model/courtship_V2/train,red_data_unified_V3/train,train,train,val,/mmfs1/gscratch/portia/eabe/data/Johnson_lab/red_data/general_model/courtship_V2/train/2026_03_09_14_39_40/Cam2012862/Frame_415169.jpg,/mmfs1/gscratch/portia/eabe/data/Johnson_lab/red_data/red_data_unified_V3/train/2026_04_08_14_59_45/Cam2012862/Frame_415169.jpg,WingR_base=13.42px; T2L_TaT3=10.00px; T2R_TaT3=10.00px; WingL_base=8.49px; T1R_TaT3=7.28px,,,
13.416,5.831,1.486,0.0,17,50,c8ce0f39507407d8e0752c168b220a05,1.0,2026_03_09_14_39_40,2026_04_07_11_33_33,Cam2012855,149413,8613,14785,0,0,unknown,unknown,general_model/courtship_V2/train,red_data_unified_V3/val,train,val,train,/mmfs1/gscratch/portia/eabe/data/Johnson_lab/red_data/general_model/courtship_V2/train/2026_03_09_14_39_40/Cam2012855/Frame_149413.jpg,/mmfs1/gscratch/portia/eabe/data/Johnson_lab/red_data/red_data_unified_V3/val/2026_04_07_11_33_33/Cam2012855/Frame_149413.jpg,T2L_Tro=13.42px; Scutellum=8.06px; T1R_TaT3=5.83px; T2R_Tro=5.83px; T1L_TaT3=5.10px,,,
13.416,8.359,1.651,0.0,13,50,345082ec4d57fe9a239810cef5959162,0.9858,2026_03_09_14_39_40,2026_04_08_14_59_45,Cam2012853,149524,8775,15895,0,1,unknown,unknown,general_model/courtship_V2/train,red_data_unified_V3/train,train,train,train,/mmfs1/gscratch/portia/eabe/data/Johnson_lab/red_data/general_model/courtship_V2/train/2026_03_09_14_39_40/Cam2012853/Frame_149524.jpg,/mmfs1/gscratch/portia/eabe/data/Johnson_lab/red_data/red_data_unified_V3/train/2026_04_08_14_59_45/Cam2012853/Frame_149524.jpg,T3R_TaT3=13.42px; T2L_TaT3=13.00px; T1L_ThxCx=8.60px; T1R_TaT3=8.06px; T1L_TaT3=8.00px,,,
13.416,9.243,1.529,0.0,12,50,e63876d22ea53c31a084192d41c5cf91,0.992,2026_03_09_14_39_40,2026_04_08_14_59_45,Cam2012631,149568,8851,16020,0,1,unknown,unknown,general_model/courtship_V2/train,red_data_unified_V3/train,train,train,train,/mmfs1/gscratch/portia/eabe/data/Johnson_lab/red_data/general_model/courtship_V2/train/2026_03_09_14_39_40/Cam2012631/Frame_149568.jpg,/mmfs1/gscratch/portia/eabe/data/Johnson_lab/red_data/red_data_unified_V3/train/2026_04_08_14_59_45/Cam2012631/Frame_149568.jpg,WingR_base=13.42px; T2L_TaT3=10.05px; WingL_base=9.49px; T1L_TaT3=8.94px; Antenna_Base=7.07px,,,
13.416,9.566,1.561,0.0,11,50,5be3319974983afcbd2939bdfbb1f421,1.0,2026_03_09_14_39_40,2026_04_08_14_59_45,Cam2012853,149540,8803,15937,0,1,unknown,unknown,general_model/courtship_V2/train,red_data_unified_V3/train,train,train,train,/mmfs1/gscratch/portia/eabe/data/Johnson_lab/red_data/general_model/courtship_V2/train/2026_03_09_14_39_40/Cam2012853/Frame_149540.jpg,/mmfs1/gscratch/portia/eabe/data/Johnson_lab/red_data/red_data_unified_V3/train/2026_04_08_14_59_45/Cam2012853/Frame_149540.jpg,T2L_TaT3=13.42px; T2L_TaT1=10.05px; T3R_TaT3=9.85px; T1R_TaT3=9.22px; T3L_TaT3=9.00px,,,
13.416,8.346,1.188,0.0,11,50,bae808bc832720009771b483a4f1debc,1.0,2026_03_09_14_39_40,2026_04_08_14_59_45,Cam2012862,149540,8807,15941,0,1,unknown,unknown,general_model/courtship_V2/train,red_data_unified_V3/train,train,train,train,/mmfs1/gscratch/portia/eabe/data/Johnson_lab/red_data/general_model/courtship_V2/train/2026_03_09_14_39_40/Cam2012862/Frame_149540.jpg,/mmfs1/gscratch/portia/eabe/data/Johnson_lab/red_data/red_data_unified_V3/train/2026_04_08_14_59_45/Cam2012862/Frame_149540.jpg,T2L_TaT3=13.42px; T3L_TaT3=9.43px; T3R_TaT3=8.94px; T1L_TaT3=7.62px; T1R_TaT3=6.08px,,,
13.342,9.676,2.759,1.0,32,50,22b98d2782716017451c58392af7f75a,0.9972,2026_03_09_14_39_40,2026_04_08_14_59_45,Cam2012630,94115,7657,15172,0,1,unknown,unknown,general_model/courtship_V2/train,red_data_unified_V3/train,train,train,train,/mmfs1/gscratch/portia/eabe/data/Johnson_lab/red_data/general_model/courtship_V2/train/2026_03_09_14_39_40/Cam2012630/Frame_94115.jpg,/mmfs1/gscratch/portia/eabe/data/Johnson_lab/red_data/red_data_unified_V3/train/2026_04_08_14_59_45/Cam2012630/Frame_94115.jpg,T3R_Tro=13.34px; T2R_TaT3=12.37px; T2R_Tro=10.05px; WingR_base=9.22px; T3R_TaT3=8.49px,,,
13.342,9.337,2.803,1.707,31,50,e76d2c81d588f6c0983ed9234b986582,0.9892,2026_03_09_14_39_40,2026_04_08_14_59_45,Cam2012862,415224,10579,17917,0,1,unknown,unknown,general_model/courtship_V2/train,red_data_unified_V3/train,train,train,val,/mmfs1/gscratch/portia/eabe/data/Johnson_lab/red_data/general_model/courtship_V2/train/2026_03_09_14_39_40/Cam2012862/Frame_415224.jpg,/mmfs1/gscratch/portia/eabe/data/Johnson_lab/red_data/red_data_unified_V3/train/2026_04_08_14_59_45/Cam2012862/Frame_415224.jpg,T3L_TaT3=13.34px; EyeL=10.00px; T3R_TaT3=9.43px; WingL_base=9.22px; T2R_TaT3=8.25px,,,
13.342,8.699,2.529,1.207,28,50,8eafa951e88f14aa147678ba82f8f4b7,0.9681,2026_03_09_14_39_40,2026_04_08_14_59_45,Cam2012857,415214,10556,17873,0,1,unknown,unknown,general_model/courtship_V2/train,red_data_unified_V3/train,train,train,val,/mmfs1/gscratch/portia/eabe/data/Johnson_lab/red_data/general_model/courtship_V2/train/2026_03_09_14_39_40/Cam2012857/Frame_415214.jpg,/mmfs1/gscratch/portia/eabe/data/Johnson_lab/red_data/red_data_unified_V3/train/2026_04_08_14_59_45/Cam2012857/Frame_415214.jpg,Abd_A4=13.34px; WingR_base=12.08px; T1R_TaT3=9.22px; WingL_base=8.06px; T3L_TaT3=8.06px,,,
13.342,8.377,2.078,0.5,25,50,9c8ff9e82c76e65c39dcef1d8449275b,0.9991,2026_03_09_14_39_40,2026_04_07_11_33_33,Cam2012630,415226,10587,15095,0,0,unknown,unknown,general_model/courtship_V2/train,red_data_unified_V3/val,train,val,val,/mmfs1/gscratch/portia/eabe/data/Johnson_lab/red_data/general_model/courtship_V2/train/2026_03_09_14_39_40/Cam2012630/Frame_415226.jpg,/mmfs1/gscratch/portia/eabe/data/Johnson_lab/red_data/red_data_unified_V3/val/2026_04_07_11_33_33/Cam2012630/Frame_415226.jpg,WingR_base=13.34px; T3L_TaT3=9.49px; EyeL=9.00px; WingL_base=7.62px; T2R_TaT3=7.28px,,,
13.342,8.465,2.221,0.0,22,50,dcb710c196fd19d17ee4a6998f636657,1.0,2026_03_09_14_39_40,2026_04_08_14_59_45,Cam2012853,149629,8943,16147,0,1,unknown,unknown,general_model/courtship_V2/train,red_data_unified_V3/train,train,train,train,/mmfs1/gscratch/portia/eabe/data/Johnson_lab/red_data/general_model/courtship_V2/train/2026_03_09_14_39_40/Cam2012853/Frame_149629.jpg,/mmfs1/gscratch/portia/eabe/data/Johnson_lab/red_data/red_data_unified_V3/train/2026_04_08_14_59_45/Cam2012853/Frame_149629.jpg,T3L_TaT3=13.34px; T1L_Tro=11.05px; T1R_Tro=9.43px; Abd_A4=7.28px; T2R_Tro=7.21px,,,
13.342,8.299,2.33,0.0,22,50,707af287e70a37f0c19c0e8b1d06f50f,0.9502,2026_03_09_14_39_40,2026_04_08_14_59_45,Cam2012857,415187,10493,17785,0,1,unknown,unknown,general_model/courtship_V2/train,red_data_unified_V3/train,train,train,val,/mmfs1/gscratch/portia/eabe/data/Johnson_lab/red_data/general_model/courtship_V2/train/2026_03_09_14_39_40/Cam2012857/Frame_415187.jpg,/mmfs1/gscratch/portia/eabe/data/Johnson_lab/red_data/red_data_unified_V3/train/2026_04_08_14_59_45/Cam2012857/Frame_415187.jpg,T1L_ThxCx=13.34px; Scutellum=9.22px; T1R_TaT3=8.54px; Abd_A4=8.00px; WingR_V12=8.00px,,,
13.342,7.679,1.343,0.0,10,50,6ea18e835db89ad120b7b05887e3a8b4,1.0,2026_03_09_14_39_40,2026_04_08_14_59_45,Cam2012861,149778,9191,16418,0,1,unknown,unknown,general_model/courtship_V2/train,red_data_unified_V3/train,train,train,train,/mmfs1/gscratch/portia/eabe/data/Johnson_lab/red_data/general_model/courtship_V2/train/2026_03_09_14_39_40/Cam2012861/Frame_149778.jpg,/mmfs1/gscratch/portia/eabe/data/Johnson_lab/red_data/red_data_unified_V3/train/2026_04_08_14_59_45/Cam2012861/Frame_149778.jpg,T3L_TaT3=13.34px; T2L_TaT3=11.05px; T1R_ThxCx=8.06px; T3R_TaT3=7.21px; T1L_TaT3=6.71px,,,
13.153,9.575,2.912,1.207,29,50,76fdfcf2ec2f31227553fe608cee44fa,0.9961,2026_03_09_14_39_40,2026_04_08_14_59_45,Cam2012857,227709,9561,16707,0,1,unknown,unknown,general_model/courtship_V2/train,red_data_unified_V3/train,train,train,train,/mmfs1/gscratch/portia/eabe/data/Johnson_lab/red_data/general_model/courtship_V2/train/2026_03_09_14_39_40/Cam2012857/Frame_227709.jpg,/mmfs1/gscratch/portia/eabe/data/Johnson_lab/red_data/red_data_unified_V3/train/2026_04_08_14_59_45/Cam2012857/Frame_227709.jpg,WingR_base=13.15px; T3R_TaT3=11.70px; EyeR=10.00px; WingL_base=9.06px; T1L_TaT3=8.54px,,,
13.153,9.264,2.91,1.0,29,50,5b15a4c070db5997cd89f16008b6b297,0.9963,2026_03_09_14_39_40,2026_04_08_14_59_45,Cam2012861,227709,9562,16708,0,1,unknown,unknown,general_model/courtship_V2/train,red_data_unified_V3/train,train,train,train,/mmfs1/gscratch/portia/eabe/data/Johnson_lab/red_data/general_model/courtship_V2/train/2026_03_09_14_39_40/Cam2012861/Frame_227709.jpg,/mmfs1/gscratch/portia/eabe/data/Johnson_lab/red_data/red_data_unified_V3/train/2026_04_08_14_59_45/Cam2012861/Frame_227709.jpg,WingR_base=13.15px; T3R_TaT3=10.77px; EyeR=9.43px; WingL_base=9.06px; T1L_TaT3=8.54px,,,
13.153,8.498,2.4,0.0,20,50,bc1c7eaba23047c97544e85f63b8d4e4,1.0,2026_03_09_14_39_40,2026_04_08_14_59_45,Cam2012631,149508,8746,15838,0,1,unknown,unknown,general_model/courtship_V2/train,red_data_unified_V3/train,train,train,train,/mmfs1/gscratch/portia/eabe/data/Johnson_lab/red_data/general_model/courtship_V2/train/2026_03_09_14_39_40/Cam2012631/Frame_149508.jpg,/mmfs1/gscratch/portia/eabe/data/Johnson_lab/red_data/red_data_unified_V3/train/2026_04_08_14_59_45/Cam2012631/Frame_149508.jpg,T1R_ThxCx=13.15px; WingL_base=11.00px; T3L_TaT3=9.22px; T3R_TaT3=7.62px; T2R_TaTip=7.28px,,,
13.153,5.831,1.296,0.0,15,50,ece73ff170652cf83c162d06f6f330c2,0.9904,2026_03_09_14_39_40,2026_04_07_11_33_33,Cam2012855,227900,9777,14992,0,0,unknown,unknown,general_model/courtship_V2/train,red_data_unified_V3/val,train,val,train,/mmfs1/gscratch/portia/eabe/data/Johnson_lab/red_data/general_model/courtship_V2/train/2026_03_09_14_39_40/Cam2012855/Frame_227900.jpg,/mmfs1/gscratch/portia/eabe/data/Johnson_lab/red_data/red_data_unified_V3/val/2026_04_07_11_33_33/Cam2012855/Frame_227900.jpg,Antenna_Base=13.15px; Scutellum=7.07px; T1L_TaT3=5.83px; T2L_TaT3=5.83px; T3L_TaT3=5.39px,,,
13.153,10.394,1.679,0.0,13,50,f2c4452e8e6f32cbd2dbccd381a25351,1.0,2026_03_09_14_39_40,2026_04_08_14_59_45,Cam2012631,149524,8774,15894,0,1,unknown,unknown,general_model/courtship_V2/train,red_data_unified_V3/train,train,train,train,/mmfs1/gscratch/portia/eabe/data/Johnson_lab/red_data/general_model/courtship_V2/train/2026_03_09_14_39_40/Cam2012631/Frame_149524.jpg,/mmfs1/gscratch/portia/eabe/data/Johnson_lab/red_data/red_data_unified_V3/train/2026_04_08_14_59_45/Cam2012631/Frame_149524.jpg,T3R_TaT3=13.15px; T1L_ThxCx=12.08px; T2L_TaT3=11.18px; T1L_TaT3=9.43px; Scutellum=9.06px,,,
13.153,7.249,1.213,0.0,10,50,a3b712052033bd3a88075ab7b6c314cc,1.0,2026_03_09_14_39_40,2026_04_08_14_59_45,Cam2012862,149713,9073,16321,0,1,unknown,unknown,general_model/courtship_V2/train,red_data_unified_V3/train,train,train,train,/mmfs1/gscratch/portia/eabe/data/Johnson_lab/red_data/general_model/courtship_V2/train/2026_03_09_14_39_40/Cam2012862/Frame_149713.jpg,/mmfs1/gscratch/portia/eabe/data/Johnson_lab/red_data/red_data_unified_V3/train/2026_04_08_14_59_45/Cam2012862/Frame_149713.jpg,Scutellum=13.15px; T2L_TaT3=13.04px; Abd_A4=7.28px; T3L_TaT3=7.21px; T3R_TaT3=6.32px,,,
13.038,9.146,2.636,1.414,34,50,8ad36f440d82792206a4cd0df0d7695d,0.9931,2026_03_09_14_39_40,2026_04_08_14_59_45,Cam2012853,94100,7624,15118,0,1,unknown,unknown,general_model/courtship_V2/train,red_data_unified_V3/train,train,train,train,/mmfs1/gscratch/portia/eabe/data/Johnson_lab/red_data/general_model/courtship_V2/train/2026_03_09_14_39_40/Cam2012853/Frame_94100.jpg,/mmfs1/gscratch/portia/eabe/data/Johnson_lab/red_data/red_data_unified_V3/train/2026_04_08_14_59_45/Cam2012853/Frame_94100.jpg,T3R_Tro=13.04px; T3L_TaT3=9.43px; T2L_TaT3=9.22px; T1R_TaT3=9.06px; WingR_base=8.54px,,,
13.038,8.195,2.723,1.414,31,50,81a76eb2c4089fe69b9eb1bc7282f7e1,0.9955,2026_03_09_14_39_40,2026_04_08_14_59_45,Cam2012630,94183,7783,15347,0,1,unknown,unknown,general_model/courtship_V2/train,red_data_unified_V3/train,train,train,train,/mmfs1/gscratch/portia/eabe/data/Johnson_lab/red_data/general_model/courtship_V2/train/2026_03_09_14_39_40/Cam2012630/Frame_94183.jpg,/mmfs1/gscratch/portia/eabe/data/Johnson_lab/red_data/red_data_unified_V3/train/2026_04_08_14_59_45/Cam2012630/Frame_94183.jpg,T2L_Tro=13.04px; T1L_Tro=12.65px; T3R_Tro=8.94px; T2R_Tro=7.28px; T2L_TaT3=6.32px,,,
13.038,7.861,2.438,1.207,30,50,e4da985f4aad8f3c4eae4649c31eca7f,0.9616,2026_03_09_14_39_40,2026_04_08_14_59_45,Cam2012861,415195,10508,17810,0,1,unknown,unknown,general_model/courtship_V2/train,red_data_unified_V3/train,train,train,val,/mmfs1/gscratch/portia/eabe/data/Johnson_lab/red_data/general_model/courtship_V2/train/2026_03_09_14_39_40/Cam2012861/Frame_415195.jpg,/mmfs1/gscratch/portia/eabe/data/Johnson_lab/red_data/red_data_unified_V3/train/2026_04_08_14_59_45/Cam2012861/Frame_415195.jpg,WingR_base=13.04px; T3L_TaT3=12.04px; WingL_base=8.06px; Abd_A4=7.62px; T1L_TaT3=7.21px,,,
13.038,8.944,2.455,1.0,30,50,5aa725aa5b1e79d4abb494fea87d98e5,0.9907,2026_03_09_14_39_40,2026_04_08_14_59_45,Cam2012853,415223,10568,17899,0,1,unknown,unknown,general_model/courtship_V2/train,red_data_unified_V3/train,train,train,val,/mmfs1/gscratch/portia/eabe/data/Johnson_lab/red_data/general_model/courtship_V2/train/2026_03_09_14_39_40/Cam2012853/Frame_415223.jpg,/mmfs1/gscratch/portia/eabe/data/Johnson_lab/red_data/red_data_unified_V3/train/2026_04_08_14_59_45/Cam2012853/Frame_415223.jpg,WingR_base=13.04px; T3L_TaT3=10.30px; Scutellum=8.94px; T2L_TaT3=8.94px; T2R_TaT3=8.06px,,,
13.038,9.239,2.411,1.0,28,50,91e041fcf3ef8b155dba7277b616a21e,0.9893,2026_03_09_14_39_40,2026_04_07_11_33_33,Cam2012630,94111,7643,14740,0,0,unknown,unknown,general_model/courtship_V2/train,red_data_unified_V3/val,train,val,train,/mmfs1/gscratch/portia/eabe/data/Johnson_lab/red_data/general_model/courtship_V2/train/2026_03_09_14_39_40/Cam2012630/Frame_94111.jpg,/mmfs1/gscratch/portia/eabe/data/Johnson_lab/red_data/red_data_unified_V3/val/2026_04_07_11_33_33/Cam2012630/Frame_94111.jpg,T3R_TaT3=13.04px; T2R_TaT3=10.05px; WingR_base=9.43px; T2R_TaT1=9.00px; T3L_TaT3=8.06px,,,
13.038,8.062,2.477,1.414,28,50,3a27f251eb259993809c3ca9ba1f40a0,0.9789,2026_03_09_14_39_40,2026_04_07_11_33_33,Cam2012853,94111,7645,14742,0,0,unknown,unknown,general_model/courtship_V2/train,red_data_unified_V3/val,train,val,train,/mmfs1/gscratch/portia/eabe/data/Johnson_lab/red_data/general_model/courtship_V2/train/2026_03_09_14_39_40/Cam2012853/Frame_94111.jpg,/mmfs1/gscratch/portia/eabe/data/Johnson_lab/red_data/red_data_unified_V3/val/2026_04_07_11_33_33/Cam2012853/Frame_94111.jpg,T2R_TaT3=13.04px; T3L_TaT3=8.60px; WingR_base=8.06px; T2R_TaT1=8.06px; T3R_TaT3=7.81px,,,
13.038,8.852,2.274,0.5,25,50,a102f079df60ebf971dfd44519fb0f0e,0.9882,2026_03_09_14_39_40,2026_04_08_14_59_45,Cam2012857,415203,10535,17845,0,1,unknown,unknown,general_model/courtship_V2/train,red_data_unified_V3/train,train,train,val,/mmfs1/gscratch/portia/eabe/data/Johnson_lab/red_data/general_model/courtship_V2/train/2026_03_09_14_39_40/Cam2012857/Frame_415203.jpg,/mmfs1/gscratch/portia/eabe/data/Johnson_lab/red_data/red_data_unified_V3/train/2026_04_08_14_59_45/Cam2012857/Frame_415203.jpg,WingR_base=13.04px; T3L_TaT3=11.70px; Abd_A4=9.06px; T3R_TaT3=8.60px; WingL_base=8.49px,,,
13.038,8.498,1.851,0.0,18,50,5e3dfe8332dbd9aa7e67882afe53f95b,0.9977,2026_03_09_14_39_40,2026_04_08_14_59_45,Cam2012855,149762,9161,16380,0,1,unknown,unknown,general_model/courtship_V2/train,red_data_unified_V3/train,train,train,train,/mmfs1/gscratch/portia/eabe/data/Johnson_lab/red_data/general_model/courtship_V2/train/2026_03_09_14_39_40/Cam2012855/Frame_149762.jpg,/mmfs1/gscratch/portia/eabe/data/Johnson_lab/red_data/red_data_unified_V3/train/2026_04_08_14_59_45/Cam2012855/Frame_149762.jpg,T3R_TaT3=13.04px; T3L_TaT3=12.17px; T2L_TaT3=9.22px; T2R_TaT3=7.62px; T1L_TaT3=7.07px,,,
13.038,7.913,1.725,0.0,17,50,d3db9347ac4e64dc60ec182139ed3eb5,0.9961,2026_03_09_14_39_40,2026_04_07_11_33_33,Cam2012853,149728,9097,14835,0,0,unknown,unknown,general_model/courtship_V2/train,red_data_unified_V3/val,train,val,train,/mmfs1/gscratch/portia/eabe/data/Johnson_lab/red_data/general_model/courtship_V2/train/2026_03_09_14_39_40/Cam2012853/Frame_149728.jpg,/mmfs1/gscratch/portia/eabe/data/Johnson_lab/red_data/red_data_unified_V3/val/2026_04_07_11_33_33/Cam2012853/Frame_149728.jpg,T3L_TaT3=13.04px; T1R_ThxCx=9.06px; T1R_TaT3=8.60px; T2R_TaT3=7.07px; T3R_TaT3=6.71px,,,
13.038,7.949,1.802,0.0,17,50,16db309754c4bb4a64d07afc77bdce55,1.0,2026_03_09_14_39_40,2026_04_07_11_33_33,Cam2012862,149728,9101,14839,0,0,unknown,unknown,general_model/courtship_V2/train,red_data_unified_V3/val,train,val,train,/mmfs1/gscratch/portia/eabe/data/Johnson_lab/red_data/general_model/courtship_V2/train/2026_03_09_14_39_40/Cam2012862/Frame_149728.jpg,/mmfs1/gscratch/portia/eabe/data/Johnson_lab/red_data/red_data_unified_V3/val/2026_04_07_11_33_33/Cam2012862/Frame_149728.jpg,T3L_TaT3=13.04px; Scutellum=12.04px; T1R_TaT3=8.06px; T2L_TaT3=7.81px; T1L_TaT3=6.40px,,,
13.038,8.764,1.912,0.0,15,50,f461a32cfe2acb485ef5136d3db7a4cb,1.0,2026_03_09_14_39_40,2026_04_08_14_59_45,Cam2012631,149520,8767,15880,0,1,unknown,unknown,general_model/courtship_V2/train,red_data_unified_V3/train,train,train,train,/mmfs1/gscratch/portia/eabe/data/Johnson_lab/red_data/general_model/courtship_V2/train/2026_03_09_14_39_40/Cam2012631/Frame_149520.jpg,/mmfs1/gscratch/portia/eabe/data/Johnson_lab/red_data/red_data_unified_V3/train/2026_04_08_14_59_45/Cam2012631/Frame_149520.jpg,T3L_TaT3=13.04px; T1L_ThxCx=10.44px; T1L_TaT3=8.94px; T3R_TaT3=8.54px; T2L_TaT3=7.62px,,,
13.038,10.142,1.624,0.0,14,50,70ae4284c16511d0c78ff0aa4daa4588,0.9965,2026_03_09_14_39_40,2026_04_08_14_59_45,Cam2012631,149536,8795,15922,0,1,unknown,unknown,general_model/courtship_V2/train,red_data_unified_V3/train,train,train,train,/mmfs1/gscratch/portia/eabe/data/Johnson_lab/red_data/general_model/courtship_V2/train/2026_03_09_14_39_40/Cam2012631/Frame_149536.jpg,/mmfs1/gscratch/portia/eabe/data/Johnson_lab/red_data/red_data_unified_V3/train/2026_04_08_14_59_45/Cam2012631/Frame_149536.jpg,T2L_TaT3=13.04px; WingL_base=12.37px; WingR_base=11.40px; T3L_TaT3=8.60px; T3R_TaT3=8.00px,,,
13.038,11.112,1.547,0.0,10,50,ad15b6b66e824ad385a1fb5fab972506,0.9976,2026_03_09_14_39_40,2026_04_08_14_59_45,Cam2012855,149544,8811,15952,0,1,unknown,unknown,general_model/courtship_V2/train,red_data_unified_V3/train,train,train,train,/mmfs1/gscratch/portia/eabe/data/Johnson_lab/red_data/general_model/courtship_V2/train/2026_03_09_14_39_40/Cam2012855/Frame_149544.jpg,/mmfs1/gscratch/portia/eabe/data/Johnson_lab/red_data/red_data_unified_V3/train/2026_04_08_14_59_45/Cam2012855/Frame_149544.jpg,WingL_base=13.04px; WingR_base=12.04px; T3L_TaT3=11.66px; T2R_TaT3=10.44px; T1R_TaT3=8.94px,,,
13.0,8.916,2.811,1.414,32,50,7deb0e315afdd81bb87332ab125da4b9,0.9848,2026_03_09_14_39_40,2026_04_08_14_59_45,Cam2012855,415224,10576,17914,0,1,unknown,unknown,general_model/courtship_V2/train,red_data_unified_V3/train,train,train,val,/mmfs1/gscratch/portia/eabe/data/Johnson_lab/red_data/general_model/courtship_V2/train/2026_03_09_14_39_40/Cam2012855/Frame_415224.jpg,/mmfs1/gscratch/portia/eabe/data/Johnson_lab/red_data/red_data_unified_V3/train/2026_04_08_14_59_45/Cam2012855/Frame_415224.jpg,T3L_TaT3=13.00px; WingR_base=13.00px; Scutellum=9.22px; Abd_A4=8.54px; T1R_ThxCx=8.25px,,,
13.0,9.318,2.696,1.414,32,50,917caf7c3369ddeb8f2608379c6271ca,0.9864,2026_03_09_14_39_40,2026_04_08_14_59_45,Cam2012862,415227,10600,17945,0,1,unknown,unknown,general_model/courtship_V2/train,red_data_unified_V3/train,train,train,val,/mmfs1/gscratch/portia/eabe/data/Johnson_lab/red_data/general_model/courtship_V2/train/2026_03_09_14_39_40/Cam2012862/Frame_415227.jpg,/mmfs1/gscratch/portia/eabe/data/Johnson_lab/red_data/red_data_unified_V3/train/2026_04_08_14_59_45/Cam2012862/Frame_415227.jpg,T2L_Tro=13.00px; WingR_base=12.08px; T3L_TaT3=10.00px; T2L_TaT3=8.49px; T2R_TaT3=8.25px,,,
13.0,9.268,2.568,1.0,30,50,f117e329216a83296cdbe207ff371515,0.9916,2026_03_09_14_39_40,2026_04_08_14_59_45,Cam2012862,415195,10509,17811,0,1,unknown,unknown,general_model/courtship_V2/train,red_data_unified_V3/train,train,train,val,/mmfs1/gscratch/portia/eabe/data/Johnson_lab/red_data/general_model/courtship_V2/train/2026_03_09_14_39_40/Cam2012862/Frame_415195.jpg,/mmfs1/gscratch/portia/eabe/data/Johnson_lab/red_data/red_data_unified_V3/train/2026_04_08_14_59_45/Cam2012862/Frame_415195.jpg,T3L_TaT3=13.00px; T3R_TaT3=10.77px; Abd_A4=9.49px; T2L_TaT3=9.00px; T2R_TaT3=8.54px,,,
13.0,8.442,2.322,1.0,29,50,7ca4ec0878a99b6e331503357eb99d72,0.9903,2026_03_09_14_39_40,2026_04_08_14_59_45,Cam2012630,415224,10573,17911,0,1,unknown,unknown,general_model/courtship_V2/train,red_data_unified_V3/train,train,train,val,/mmfs1/gscratch/portia/eabe/data/Johnson_lab/red_data/general_model/courtship_V2/train/2026_03_09_14_39_40/Cam2012630/Frame_415224.jpg,/mmfs1/gscratch/portia/eabe/data/Johnson_lab/red_data/red_data_unified_V3/train/2026_04_08_14_59_45/Cam2012630/Frame_415224.jpg,T3L_TaT3=13.00px; T2L_TaT3=10.30px; EyeL=8.60px; EyeR=8.25px; Scutellum=8.00px,,,
13.0,7.434,2.102,1.0,26,50,90642fb2410752bd19ba33d439f5039c,0.9929,2026_03_09_14_39_40,2026_04_08_14_59_45,Cam2012861,94107,7641,15149,0,1,unknown,unknown,general_model/courtship_V2/train,red_data_unified_V3/train,train,train,train,/mmfs1/gscratch/portia/eabe/data/Johnson_lab/red_data/general_model/courtship_V2/train/2026_03_09_14_39_40/Cam2012861/Frame_94107.jpg,/mmfs1/gscratch/portia/eabe/data/Johnson_lab/red_data/red_data_unified_V3/train/2026_04_08_14_59_45/Cam2012861/Frame_94107.jpg,WingR_base=13.00px; T1R_ThxCx=10.77px; T3R_TaT3=7.62px; T1R_TaT3=7.21px; T1L_TaT3=6.32px,,,
13.0,8.327,1.93,0.5,25,50,abd9843f2b92f89b63b98ab7d5f32f8b,0.988,2026_03_09_14_39_40,2026_04_08_14_59_45,Cam2012630,415175,10468,17748,0,1,unknown,unknown,general_model/courtship_V2/train,red_data_unified_V3/train,train,train,val,/mmfs1/gscratch/portia/eabe/data/Johnson_lab/red_data/general_model/courtship_V2/train/2026_03_09_14_39_40/Cam2012630/Frame_415175.jpg,/mmfs1/gscratch/portia/eabe/data/Johnson_lab/red_data/red_data_unified_V3/train/2026_04_08_14_59_45/Cam2012630/Frame_415175.jpg,WingR_base=13.00px; T3R_TaT3=11.40px; T3L_TaT3=8.54px; T1R_TaT3=8.06px; T2R_TaT3=7.07px,,,
13.0,7.033,1.583,0.0,19,50,6fa356b70a9f8dca3e973610eb181ffd,0.9978,2026_03_09_14_39_40,2026_04_08_14_59_45,Cam2012857,149732,9106,16345,0,1,unknown,unknown,general_model/courtship_V2/train,red_data_unified_V3/train,train,train,train,/mmfs1/gscratch/portia/eabe/data/Johnson_lab/red_data/general_model/courtship_V2/train/2026_03_09_14_39_40/Cam2012857/Frame_149732.jpg,/mmfs1/gscratch/portia/eabe/data/Johnson_lab/red_data/red_data_unified_V3/train/2026_04_08_14_59_45/Cam2012857/Frame_149732.jpg,T1R_ThxCx=13.00px; T3L_TaT3=10.05px; T1L_TaT3=7.81px; T2L_TaT3=6.08px; EyeR=5.83px,,,
13.0,6.85,1.676,0.0,17,50,94825ccfb1aca75d17807cd75474e16b,0.9988,2026_03_09_14_39_40,2026_04_07_11_33_33,Cam2012630,149413,8610,14782,0,0,unknown,unknown,general_model/courtship_V2/train,red_data_unified_V3/val,train,val,train,/mmfs1/gscratch/portia/eabe/data/Johnson_lab/red_data/general_model/courtship_V2/train/2026_03_09_14_39_40/Cam2012630/Frame_149413.jpg,/mmfs1/gscratch/portia/eabe/data/Johnson_lab/red_data/red_data_unified_V3/val/2026_04_07_11_33_33/Cam2012630/Frame_149413.jpg,Scutellum=13.00px; T2L_Tro=12.04px; T1L_ThxCx=7.28px; T1R_TaT3=6.32px; T3L_TaT3=6.08px,,,
13.0,10.782,2.372,0.0,16,50,8328863bb19120d2ab9ff5e27d6d9284,1.0,2026_03_09_14_39_40,2026_04_08_14_59_45,Cam2012857,149720,9085,16331,0,1,unknown,unknown,general_model/courtship_V2/train,red_data_unified_V3/train,train,train,train,/mmfs1/gscratch/portia/eabe/data/Johnson_lab/red_data/general_model/courtship_V2/train/2026_03_09_14_39_40/Cam2012857/Frame_149720.jpg,/mmfs1/gscratch/portia/eabe/data/Johnson_lab/red_data/red_data_unified_V3/train/2026_04_08_14_59_45/Cam2012857/Frame_149720.jpg,T1L_ThxCx=13.00px; T3L_TaT3=11.18px; T1R_ThxCx=11.18px; T1L_TaT3=10.30px; T1R_TaT3=9.06px,,,
13.0,10.252,2.391,0.0,16,50,6c767c7a166008d2a72ceab64bcaa7a1,1.0,2026_03_09_14_39_40,2026_04_08_14_59_45,Cam2012861,149720,9086,16332,0,1,unknown,unknown,general_model/courtship_V2/train,red_data_unified_V3/train,train,train,train,/mmfs1/gscratch/portia/eabe/data/Johnson_lab/red_data/general_model/courtship_V2/train/2026_03_09_14_39_40/Cam2012861/Frame_149720.jpg,/mmfs1/gscratch/portia/eabe/data/Johnson_lab/red_data/red_data_unified_V3/train/2026_04_08_14_59_45/Cam2012861/Frame_149720.jpg,T1L_ThxCx=13.00px; T1R_ThxCx=12.37px; T1L_TaT3=10.30px; T3L_TaT3=10.20px; T1R_TaT3=9.06px,,,
13.0,7.033,1.436,0.0,16,50,d5600e8eb964656564465b103927227f,0.9978,2026_03_09_14_39_40,2026_04_08_14_59_45,Cam2012861,149732,9107,16346,0,1,unknown,unknown,general_model/courtship_V2/train,red_data_unified_V3/train,train,train,train,/mmfs1/gscratch/portia/eabe/data/Johnson_lab/red_data/general_model/courtship_V2/train/2026_03_09_14_39_40/Cam2012861/Frame_149732.jpg,/mmfs1/gscratch/portia/eabe/data/Johnson_lab/red_data/red_data_unified_V3/train/2026_04_08_14_59_45/Cam2012861/Frame_149732.jpg,T1R_ThxCx=13.00px; T3L_TaT3=10.20px; T1L_TaT3=7.81px; T2L_TaT3=6.08px; T1R_TaT3=6.08px,,,
13.0,8.195,1.526,0.0,13,50,6975c6a4ac1e508166b30b56e49c943b,1.0,2026_03_09_14_39_40,2026_04_08_14_59_45,Cam2012857,149524,8777,15897,0,1,unknown,unknown,general_model/courtship_V2/train,red_data_unified_V3/train,train,train,train,/mmfs1/gscratch/portia/eabe/data/Johnson_lab/red_data/general_model/courtship_V2/train/2026_03_09_14_39_40/Cam2012857/Frame_149524.jpg,/mmfs1/gscratch/portia/eabe/data/Johnson_lab/red_data/red_data_unified_V3/train/2026_04_08_14_59_45/Cam2012857/Frame_149524.jpg,T1L_ThxCx=13.00px; T3R_TaT3=10.82px; T1L_TaT3=8.94px; WingR_base=7.28px; Scutellum=7.07px,,,
13.0,8.817,1.585,0.0,13,50,c3f79f7e0db2cc7b80356f84d26b1c1a,0.9928,2026_03_09_14_39_40,2026_04_08_14_59_45,Cam2012861,149524,8778,15898,0,1,unknown,unknown,general_model/courtship_V2/train,red_data_unified_V3/train,train,train,train,/mmfs1/gscratch/portia/eabe/data/Johnson_lab/red_data/general_model/courtship_V2/train/2026_03_09_14_39_40/Cam2012861/Frame_149524.jpg,/mmfs1/gscratch/portia/eabe/data/Johnson_lab/red_data/red_data_unified_V3/train/2026_04_08_14_59_45/Cam2012861/Frame_149524.jpg,T1L_ThxCx=13.00px; T3R_TaT3=10.30px; T1L_TaT3=9.43px; Scutellum=8.06px; T3L_TaT3=7.21px,,,
13.0,9.425,1.746,0.0,12,50,785eec0dadaf50863e3cc40ab6d588fd,0.9733,2026_03_09_14_39_40,2026_04_08_14_59_45,Cam2012857,149484,8721,15785,0,1,unknown,unknown,general_model/courtship_V2/train,red_data_unified_V3/train,train,train,train,/mmfs1/gscratch/portia/eabe/data/Johnson_lab/red_data/general_model/courtship_V2/train/2026_03_09_14_39_40/Cam2012857/Frame_149484.jpg,/mmfs1/gscratch/portia/eabe/data/Johnson_lab/red_data/red_data_unified_V3/train/2026_04_08_14_59_45/Cam2012857/Frame_149484.jpg,T1L_ThxCx=13.00px; WingL_base=12.08px; T1R_ThxCx=11.18px; T3L_Tro=7.28px; WingR_base=7.00px,,,
13.0,7.811,1.569,0.0,11,50,a6254bbbe985c56f8603396d449c44e3,1.0,2026_03_09_14_39_40,2026_04_08_14_59_45,Cam2012855,149484,8720,15784,0,1,unknown,unknown,general_model/courtship_V2/train,red_data_unified_V3/train,train,train,train,/mmfs1/gscratch/portia/eabe/data/Johnson_lab/red_data/general_model/courtship_V2/train/2026_03_09_14_39_40/Cam2012855/Frame_149484.jpg,/mmfs1/gscratch/portia/eabe/data/Johnson_lab/red_data/red_data_unified_V3/train/2026_04_08_14_59_45/Cam2012855/Frame_149484.jpg,WingL_base=13.00px; T1L_ThxCx=12.04px; T1R_ThxCx=8.25px; T3L_Tro=7.28px; WingR_V13=6.40px,,,
13.0,9.121,1.37,0.0,11,50,77dec2f0bc1cb0ae66e91a3cb54ed150,0.9976,2026_03_09_14_39_40,2026_04_08_14_59_45,Cam2012631,149544,8809,15950,0,1,unknown,unknown,general_model/courtship_V2/train,red_data_unified_V3/train,train,train,train,/mmfs1/gscratch/portia/eabe/data/Johnson_lab/red_data/general_model/courtship_V2/train/2026_03_09_14_39_40/Cam2012631/Frame_149544.jpg,/mmfs1/gscratch/portia/eabe/data/Johnson_lab/red_data/red_data_unified_V3/train/2026_04_08_14_59_45/Cam2012631/Frame_149544.jpg,WingL_base=13.00px; WingR_base=12.04px; T1R_TaT3=9.22px; T3L_TaT3=9.00px; T3R_TaT3=7.00px,,,
13.0,6.858,1.021,0.0,9,50,05e9bf6be5e47ffca01280f9152db567,1.0,2026_03_09_14_39_40,2026_04_07_11_33_33,Cam2012630,149740,9116,14846,0,0,unknown,unknown,general_model/courtship_V2/train,red_data_unified_V3/val,train,val,train,/mmfs1/gscratch/portia/eabe/data/Johnson_lab/red_data/general_model/courtship_V2/train/2026_03_09_14_39_40/Cam2012630/Frame_149740.jpg,/mmfs1/gscratch/portia/eabe/data/Johnson_lab/red_data/red_data_unified_V3/val/2026_04_07_11_33_33/Cam2012630/Frame_149740.jpg,T2L_TaT3=13.00px; T3L_TaT3=8.25px; T1L_TaT3=8.06px; T3R_TaT3=5.39px; T1R_TaT3=5.10px,,,
12.806,10.597,2.574,1.414,37,50,eb90ac73e4b60a0f85ad2ab4873376d8,0.9724,2026_03_09_14_39_40,2026_04_08_14_59_45,Cam2012631,94132,7707,15229,0,1,unknown,unknown,general_model/courtship_V2/train,red_data_unified_V3/train,train,train,train,/mmfs1/gscratch/portia/eabe/data/Johnson_lab/red_data/general_model/courtship_V2/train/2026_03_09_14_39_40/Cam2012631/Frame_94132.jpg,/mmfs1/gscratch/portia/eabe/data/Johnson_lab/red_data/red_data_unified_V3/train/2026_04_08_14_59_45/Cam2012631/Frame_94132.jpg,WingR_base=12.81px; T2R_TaT3=11.18px; T2L_FeTi=11.05px; T3L_TaT3=10.05px; T3R_TaT3=7.81px,,,
12.806,8.253,1.611,0.0,16,50,43c96f24cd1bd56e07597d794f390ed5,1.0,2026_03_09_14_39_40,2026_04_08_14_59_45,Cam2012853,149552,8824,15979,0,1,unknown,unknown,general_model/courtship_V2/train,red_data_unified_V3/train,train,train,train,/mmfs1/gscratch/portia/eabe/data/Johnson_lab/red_data/general_model/courtship_V2/train/2026_03_09_14_39_40/Cam2012853/Frame_149552.jpg,/mmfs1/gscratch/portia/eabe/data/Johnson_lab/red_data/red_data_unified_V3/train/2026_04_08_14_59_45/Cam2012853/Frame_149552.jpg,T1R_TaT3=12.81px; T3L_TaT3=10.05px; T3R_TaT3=9.22px; WingL_base=7.07px; T3R_TaT1=7.07px,,,
12.806,6.403,1.261,0.0,11,50,7743b1a7d67cbd1c7c30cec6b6155395,1.0,2026_03_09_14_39_40,2026_04_08_14_59_45,Cam2012862,149381,8567,15521,0,1,unknown,unknown,general_model/courtship_V2/val,red_data_unified_V3/train,train,train,train,/mmfs1/gscratch/portia/eabe/data/Johnson_lab/red_data/general_model/courtship_V2/val/2026_03_09_14_39_40/Cam2012862/Frame_149381.jpg,/mmfs1/gscratch/portia/eabe/data/Johnson_lab/red_data/red_data_unified_V3/train/2026_04_08_14_59_45/Cam2012862/Frame_149381.jpg,WingL_base=12.81px; T2L_TaT3=8.06px; Scutellum=6.40px; T1L_TaT3=6.40px; T3R_TaT3=6.08px,,,
12.806,10.075,1.053,0.0,5,50,fca131c9516d3e191e31eb07b8ea80e2,1.0,2026_03_09_14_39_40,2026_04_08_14_59_45,Cam2012853,149654,8978,16217,0,1,unknown,unknown,general_model/courtship_V2/train,red_data_unified_V3/train,train,train,train,/mmfs1/gscratch/portia/eabe/data/Johnson_lab/red_data/general_model/courtship_V2/train/2026_03_09_14_39_40/Cam2012853/Frame_149654.jpg,/mmfs1/gscratch/portia/eabe/data/Johnson_lab/red_data/red_data_unified_V3/train/2026_04_08_14_59_45/Cam2012853/Frame_149654.jpg,Scutellum=12.81px; T3R_Tro=12.08px; T2R_Tro=11.00px; T1R_ThxCx=8.94px; T1R_Tro=7.81px,,,
12.728,9.372,2.451,1.0,28,50,81009524c1d4793e0288d35d986712db,0.9779,2026_03_09_14_39_40,2026_04_08_14_59_45,Cam2012861,94103,7634,15135,0,1,unknown,unknown,general_model/courtship_V2/train,red_data_unified_V3/train,train,train,train,/mmfs1/gscratch/portia/eabe/data/Johnson_lab/red_data/general_model/courtship_V2/train/2026_03_09_14_39_40/Cam2012861/Frame_94103.jpg,/mmfs1/gscratch/portia/eabe/data/Johnson_lab/red_data/red_data_unified_V3/train/2026_04_08_14_59_45/Cam2012861/Frame_94103.jpg,WingR_base=12.73px; T3R_TaT3=12.04px; Scutellum=10.05px; T3L_TaT3=8.54px; T1R_TaT3=8.54px,,,
12.728,9.096,2.11,0.0,19,50,3bc4fc0f091b5575d3f11b8d12ad6eb1,1.0,2026_03_09_14_39_40,2026_04_07_11_33_33,Cam2012855,149744,9126,14860,0,0,unknown,unknown,general_model/courtship_V2/train,red_data_unified_V3/val,train,val,train,/mmfs1/gscratch/portia/eabe/data/Johnson_lab/red_data/general_model/courtship_V2/train/2026_03_09_14_39_40/Cam2012855/Frame_149744.jpg,/mmfs1/gscratch/portia/eabe/data/Johnson_lab/red_data/red_data_unified_V3/val/2026_04_07_11_33_33/Cam2012855/Frame_149744.jpg,T2R_TaT3=12.73px; T1R_TaT3=10.20px; T3R_TaT3=9.22px; EyeR=8.94px; EyeL=8.25px,,,
12.728,11.776,2.055,0.0,17,50,dbdcffde7de7a3d392bfb41925c2cdaa,0.9905,2026_03_09_14_39_40,2026_04_08_14_59_45,Cam2012862,149762,9164,16383,0,1,unknown,unknown,general_model/courtship_V2/train,red_data_unified_V3/train,train,train,train,/mmfs1/gscratch/portia/eabe/data/Johnson_lab/red_data/general_model/courtship_V2/train/2026_03_09_14_39_40/Cam2012862/Frame_149762.jpg,/mmfs1/gscratch/portia/eabe/data/Johnson_lab/red_data/red_data_unified_V3/train/2026_04_08_14_59_45/Cam2012862/Frame_149762.jpg,T2L_TaT3=12.73px; T2R_TaT3=12.37px; T3R_TaT3=12.08px; T3L_TaT3=11.40px; T1L_ThxCx=9.00px,,,
12.649,9.594,2.669,1.0,36,50,59fb3ec88f7d01882a7bb4ba551f5e34,0.9927,2026_03_09_14_39_40,2026_04_08_14_59_45,Cam2012630,94114,7650,15158,0,1,unknown,unknown,general_model/courtship_V2/train,red_data_unified_V3/train,train,train,train,/mmfs1/gscratch/portia/eabe/data/Johnson_lab/red_data/general_model/courtship_V2/train/2026_03_09_14_39_40/Cam2012630/Frame_94114.jpg,/mmfs1/gscratch/portia/eabe/data/Johnson_lab/red_data/red_data_unified_V3/train/2026_04_08_14_59_45/Cam2012630/Frame_94114.jpg,T3R_Tro=12.65px; T2R_TaT3=10.44px; WingR_base=9.90px; T2L_TaT3=9.22px; T3L_TaT3=8.60px,,,
12.649,9.22,2.285,0.0,23,50,e85a8cc34b9739e0168ffed4ce8e131f,0.9699,2026_03_09_14_39_40,2026_04_08_14_59_45,Cam2012855,415187,10492,17784,0,1,unknown,unknown,general_model/courtship_V2/train,red_data_unified_V3/train,train,train,val,/mmfs1/gscratch/portia/eabe/data/Johnson_lab/red_data/general_model/courtship_V2/train/2026_03_09_14_39_40/Cam2012855/Frame_415187.jpg,/mmfs1/gscratch/portia/eabe/data/Johnson_lab/red_data/red_data_unified_V3/train/2026_04_08_14_59_45/Cam2012855/Frame_415187.jpg,T1L_ThxCx=12.65px; T2L_TaT3=10.00px; Scutellum=9.22px; WingR_base=9.22px; T1R_TaT3=8.25px,,,
12.649,9.549,2.03,0.0,18,50,05506daa38366dff7131ab9d212e45bd,0.9979,2026_03_09_14_39_40,2026_04_08_14_59_45,Cam2012857,149762,9162,16381,0,1,unknown,unknown,general_model/courtship_V2/train,red_data_unified_V3/train,train,train,train,/mmfs1/gscratch/portia/eabe/data/Johnson_lab/red_data/general_model/courtship_V2/train/2026_03_09_14_39_40/Cam2012857/Frame_149762.jpg,/mmfs1/gscratch/portia/eabe/data/Johnson_lab/red_data/red_data_unified_V3/train/2026_04_08_14_59_45/Cam2012857/Frame_149762.jpg,T3L_TaT3=12.65px; T3R_TaT3=11.70px; T2L_TaT3=10.82px; T1L_ThxCx=8.00px; T1L_TaT3=6.71px,,,
12.649,10.54,1.611,0.0,14,50,8d6e6710f771fe5ab6b8d6a0e9ce2319,1.0,2026_03_09_14_39_40,2026_04_08_14_59_45,Cam2012855,149536,8797,15924,0,1,unknown,unknown,general_model/courtship_V2/train,red_data_unified_V3/train,train,train,train,/mmfs1/gscratch/portia/eabe/data/Johnson_lab/red_data/general_model/courtship_V2/train/2026_03_09_14_39_40/Cam2012855/Frame_149536.jpg,/mmfs1/gscratch/portia/eabe/data/Johnson_lab/red_data/red_data_unified_V3/train/2026_04_08_14_59_45/Cam2012855/Frame_149536.jpg,WingL_base=12.65px; T2L_TaT3=11.40px; WingR_base=11.40px; T3R_TaT3=9.49px; T1R_TaT3=7.21px,,,
12.649,7.949,1.334,0.0,14,50,58aa0ba478e0d9843f4214c74e59c817,0.9943,2026_03_09_14_39_40,2026_04_08_14_59_45,Cam2012862,227895,9773,17063,0,1,unknown,unknown,general_model/courtship_V2/train,red_data_unified_V3/train,train,train,train,/mmfs1/gscratch/portia/eabe/data/Johnson_lab/red_data/general_model/courtship_V2/train/2026_03_09_14_39_40/Cam2012862/Frame_227895.jpg,/mmfs1/gscratch/portia/eabe/data/Johnson_lab/red_data/red_data_unified_V3/train/2026_04_08_14_59_45/Cam2012862/Frame_227895.jpg,T2L_TaT3=12.65px; T1L_TaT3=8.06px; T3L_TaT3=8.06px; T1R_TaT3=7.81px; T2R_TaT3=7.00px,,,
12.649,6.216,1.452,0.0,13,50,23c6f91cd1644908e8b6d6ba2ea96488,1.0,2026_03_09_14_39_40,2026_04_07_11_33_33,Cam2012853,149528,8782,14798,0,0,unknown,unknown,general_model/courtship_V2/train,red_data_unified_V3/val,train,val,train,/mmfs1/gscratch/portia/eabe/data/Johnson_lab/red_data/general_model/courtship_V2/train/2026_03_09_14_39_40/Cam2012853/Frame_149528.jpg,/mmfs1/gscratch/portia/eabe/data/Johnson_lab/red_data/red_data_unified_V3/val/2026_04_07_11_33_33/Cam2012853/Frame_149528.jpg,T2L_TaT3=12.65px; T3R_TaT3=11.66px; T1R_TaT3=6.32px; T1L_TaT3=6.08px; T2L_TaT1=6.08px,,,
12.649,6.708,1.39,0.0,12,50,e295ccd73035e87ef6f936239c74ccf9,1.0,2026_03_09_14_39_40,2026_04_07_11_33_33,Cam2012630,149528,8780,14796,0,0,unknown,unknown,general_model/courtship_V2/train,red_data_unified_V3/val,train,val,train,/mmfs1/gscratch/portia/eabe/data/Johnson_lab/red_data/general_model/courtship_V2/train/2026_03_09_14_39_40/Cam2012630/Frame_149528.jpg,/mmfs1/gscratch/portia/eabe/data/Johnson_lab/red_data/red_data_unified_V3/val/2026_04_07_11_33_33/Cam2012630/Frame_149528.jpg,T2L_TaT3=12.65px; T3R_TaT3=11.70px; T3L_TaT3=6.71px; T1R_TaT3=6.71px; T1L_TaT3=6.32px,,,
12.649,8.825,1.459,0.0,10,50,77e79b9ac82492bd3ea91ecdb5fe6818,1.0,2026_03_09_14_39_40,2026_04_07_11_33_33,Cam2012861,149377,8559,14773,0,0,unknown,unknown,general_model/courtship_V2/train,red_data_unified_V3/val,train,val,train,/mmfs1/gscratch/portia/eabe/data/Johnson_lab/red_data/general_model/courtship_V2/train/2026_03_09_14_39_40/Cam2012861/Frame_149377.jpg,/mmfs1/gscratch/portia/eabe/data/Johnson_lab/red_data/red_data_unified_V3/val/2026_04_07_11_33_33/Cam2012861/Frame_149377.jpg,T1L_ThxCx=12.65px; T1R_ThxCx=11.40px; T1R_TaT3=9.06px; T3R_TaT3=8.54px; T1L_TaT3=7.21px,,,
12.53,10.545,3.09,1.414,35,50,63386b3126280dbe1a11df7631ac76e8,0.9772,2026_03_09_14_39_40,2026_04_08_14_59_45,Cam2012861,227701,9548,16684,0,1,unknown,unknown,general_model/courtship_V2/train,red_data_unified_V3/train,train,train,train,/mmfs1/gscratch/portia/eabe/data/Johnson_lab/red_data/general_model/courtship_V2/train/2026_03_09_14_39_40/Cam2012861/Frame_227701.jpg,/mmfs1/gscratch/portia/eabe/data/Johnson_lab/red_data/red_data_unified_V3/train/2026_04_08_14_59_45/Cam2012861/Frame_227701.jpg,T3R_TaT3=12.53px; Scutellum=11.66px; EyeR=10.63px; T1R_ThxCx=10.44px; WingR_base=9.00px,,,
12.53,9.371,2.9,1.414,32,50,bd8c729c2c9a02ebb353a4cc9dade74e,0.9989,2026_03_09_14_39_40,2026_04_08_14_59_45,Cam2012631,415223,10567,17898,0,1,unknown,unknown,general_model/courtship_V2/train,red_data_unified_V3/train,train,train,val,/mmfs1/gscratch/portia/eabe/data/Johnson_lab/red_data/general_model/courtship_V2/train/2026_03_09_14_39_40/Cam2012631/Frame_415223.jpg,/mmfs1/gscratch/portia/eabe/data/Johnson_lab/red_data/red_data_unified_V3/train/2026_04_08_14_59_45/Cam2012631/Frame_415223.jpg,T3R_TaT3=12.53px; T2R_TaT3=10.05px; Scutellum=10.00px; EyeR=8.60px; T3L_TaT3=8.25px,,,
12.53,10.897,3.141,1.414,30,50,489dc0090a6b7fbf0a8e0e90453a7822,0.986,2026_03_09_14_39_40,2026_04_08_14_59_45,Cam2012631,227709,9558,16704,0,1,unknown,unknown,general_model/courtship_V2/train,red_data_unified_V3/train,train,train,train,/mmfs1/gscratch/portia/eabe/data/Johnson_lab/red_data/general_model/courtship_V2/train/2026_03_09_14_39_40/Cam2012631/Frame_227709.jpg,/mmfs1/gscratch/portia/eabe/data/Johnson_lab/red_data/red_data_unified_V3/train/2026_04_08_14_59_45/Cam2012631/Frame_227709.jpg,T3L_Tro=12.53px; WingR_base=12.17px; T2R_TaT3=11.00px; T3R_TaT3=10.77px; EyeR=10.30px,,,
12.53,9.128,2.435,1.0,29,50,3adf5d61c1d2f6722c583a00016a40e4,0.9864,2026_03_09_14_39_40,2026_04_08_14_59_45,Cam2012862,415191,10502,17799,0,1,unknown,unknown,general_model/courtship_V2/val,red_data_unified_V3/train,train,train,val,/mmfs1/gscratch/portia/eabe/data/Johnson_lab/red_data/general_model/courtship_V2/val/2026_03_09_14_39_40/Cam2012862/Frame_415191.jpg,/mmfs1/gscratch/portia/eabe/data/Johnson_lab/red_data/red_data_unified_V3/train/2026_04_08_14_59_45/Cam2012862/Frame_415191.jpg,Scutellum=12.53px; T3R_TaT3=11.70px; WingL_base=9.85px; T3L_TaT3=8.25px; T2R_TaT3=8.25px,,,
12.53,9.899,2.587,1.414,29,50,40a647ad61b67fc8a36cf76256d36a6d,0.9981,2026_03_09_14_39_40,2026_04_08_14_59_45,Cam2012631,415214,10553,17870,0,1,unknown,unknown,general_model/courtship_V2/train,red_data_unified_V3/train,train,train,val,/mmfs1/gscratch/portia/eabe/data/Johnson_lab/red_data/general_model/courtship_V2/train/2026_03_09_14_39_40/Cam2012631/Frame_415214.jpg,/mmfs1/gscratch/portia/eabe/data/Johnson_lab/red_data/red_data_unified_V3/train/2026_04_08_14_59_45/Cam2012631/Frame_415214.jpg,WingR_base=12.53px; Abd_A4=10.44px; WingL_base=9.90px; T1R_TaT3=9.90px; T3L_TaT3=9.49px,,,
12.53,8.359,2.051,1.0,28,50,83093f2df61d2130928ad260efce4e52,0.9877,2026_03_09_14_39_40,2026_04_08_14_59_45,Cam2012862,94107,7642,15150,0,1,unknown,unknown,general_model/courtship_V2/train,red_data_unified_V3/train,train,train,train,/mmfs1/gscratch/portia/eabe/data/Johnson_lab/red_data/general_model/courtship_V2/train/2026_03_09_14_39_40/Cam2012862/Frame_94107.jpg,/mmfs1/gscratch/portia/eabe/data/Johnson_lab/red_data/red_data_unified_V3/train/2026_04_08_14_59_45/Cam2012862/Frame_94107.jpg,WingR_base=12.53px; T2R_TaT3=9.22px; T1R_TaT3=8.60px; T3R_TaT3=8.06px; T1L_TaT3=6.71px,,,
12.53,8.899,2.098,0.0,21,50,362d1de4c0739dfdd5e7fc9b6970ef57,0.9878,2026_03_09_14_39_40,2026_04_08_14_59_45,Cam2012853,415187,10491,17783,0,1,unknown,unknown,general_model/courtship_V2/train,red_data_unified_V3/train,train,train,val,/mmfs1/gscratch/portia/eabe/data/Johnson_lab/red_data/general_model/courtship_V2/train/2026_03_09_14_39_40/Cam2012853/Frame_415187.jpg,/mmfs1/gscratch/portia/eabe/data/Johnson_lab/red_data/red_data_unified_V3/train/2026_04_08_14_59_45/Cam2012853/Frame_415187.jpg,WingR_base=12.53px; T2L_TaT3=10.05px; T3L_TaT3=9.43px; T1L_TaT3=8.25px; Scutellum=8.06px,,,
12.53,8.485,1.975,0.0,15,50,ba7c43e22bb4ddca2dc03858eeeb4c47,0.9924,2026_03_09_14_39_40,2026_04_08_14_59_45,Cam2012631,149480,8711,15768,0,1,unknown,unknown,general_model/courtship_V2/train,red_data_unified_V3/train,train,train,train,/mmfs1/gscratch/portia/eabe/data/Johnson_lab/red_data/general_model/courtship_V2/train/2026_03_09_14_39_40/Cam2012631/Frame_149480.jpg,/mmfs1/gscratch/portia/eabe/data/Johnson_lab/red_data/red_data_unified_V3/train/2026_04_08_14_59_45/Cam2012631/Frame_149480.jpg,WingL_base=12.53px; T1R_TiTa=11.05px; T2L_TaT3=8.49px; T3L_TaT3=8.49px; WingR_base=8.06px,,,
12.369,8.703,2.498,1.414,31,50,93898b6417b55e7af63aba8c214f280d,0.9681,2026_03_09_14_39_40,2026_04_08_14_59_45,Cam2012631,415169,10441,17735,0,1,unknown,unknown,general_model/courtship_V2/train,red_data_unified_V3/train,train,train,val,/mmfs1/gscratch/portia/eabe/data/Johnson_lab/red_data/general_model/courtship_V2/train/2026_03_09_14_39_40/Cam2012631/Frame_415169.jpg,/mmfs1/gscratch/portia/eabe/data/Johnson_lab/red_data/red_data_unified_V3/train/2026_04_08_14_59_45/Cam2012631/Frame_415169.jpg,WingR_base=12.37px; WingL_base=10.30px; T1L_ThxCx=9.43px; T3R_TaT3=7.81px; T3L_TaT3=7.28px,,,
12.369,10.064,3.137,2.0,31,50,d9d683cbbb9850f14283f99ebb464fa7,0.9326,2026_03_09_14_39_40,2026_04_08_14_59_45,Cam2012861,415224,10578,17916,0,1,unknown,unknown,general_model/courtship_V2/train,red_data_unified_V3/train,train,train,val,/mmfs1/gscratch/portia/eabe/data/Johnson_lab/red_data/general_model/courtship_V2/train/2026_03_09_14_39_40/Cam2012861/Frame_415224.jpg,/mmfs1/gscratch/portia/eabe/data/Johnson_lab/red_data/red_data_unified_V3/train/2026_04_08_14_59_45/Cam2012861/Frame_415224.jpg,T3L_TaT3=12.37px; WingR_base=11.18px; WingL_base=10.20px; Scutellum=9.90px; EyeL=9.43px,,,
12.369,8.602,2.796,1.414,29,50,cfcc5d4913c2a696a981e6e11bbfaa5e,0.9786,2026_03_09_14_39_40,2026_04_08_14_59_45,Cam2012855,94115,7660,15175,0,1,unknown,unknown,general_model/courtship_V2/train,red_data_unified_V3/train,train,train,train,/mmfs1/gscratch/portia/eabe/data/Johnson_lab/red_data/general_model/courtship_V2/train/2026_03_09_14_39_40/Cam2012855/Frame_94115.jpg,/mmfs1/gscratch/portia/eabe/data/Johnson_lab/red_data/red_data_unified_V3/train/2026_04_08_14_59_45/Cam2012855/Frame_94115.jpg,T3R_Tro=12.37px; T2R_Tro=12.00px; T3L_TaT3=8.60px; T1R_TaT3=8.60px; T2R_TaT3=8.54px,,,
12.369,9.367,2.776,1.0,29,50,7c90d1bec8abb8a4c0f789f31e39350d,0.9854,2026_03_09_14_39_40,2026_04_08_14_59_45,Cam2012857,415183,10486,17773,0,1,unknown,unknown,general_model/courtship_V2/train,red_data_unified_V3/train,train,train,val,/mmfs1/gscratch/portia/eabe/data/Johnson_lab/red_data/general_model/courtship_V2/train/2026_03_09_14_39_40/Cam2012857/Frame_415183.jpg,/mmfs1/gscratch/portia/eabe/data/Johnson_lab/red_data/red_data_unified_V3/train/2026_04_08_14_59_45/Cam2012857/Frame_415183.jpg,Abd_A4=12.37px; Scutellum=10.00px; T3L_TaT3=9.49px; T2R_TaT3=9.22px; T3R_TaT3=8.60px,,,
12.369,9.817,2.544,1.0,28,50,c9b166ae2aa9863d6eaff078c6790090,0.9535,2026_03_09_14_39_40,2026_04_08_14_59_45,Cam2012631,415183,10483,17770,0,1,unknown,unknown,general_model/courtship_V2/train,red_data_unified_V3/train,train,train,val,/mmfs1/gscratch/portia/eabe/data/Johnson_lab/red_data/general_model/courtship_V2/train/2026_03_09_14_39_40/Cam2012631/Frame_415183.jpg,/mmfs1/gscratch/portia/eabe/data/Johnson_lab/red_data/red_data_unified_V3/train/2026_04_08_14_59_45/Cam2012631/Frame_415183.jpg,T2R_TaT3=12.37px; T3R_TaT3=11.40px; Abd_A4=10.44px; T3L_TaT3=9.06px; Scutellum=8.60px,,,
12.369,9.718,2.396,1.0,26,50,b83d5edf5cb6aa698053a3b3c0f19d77,0.9851,2026_03_09_14_39_40,2026_04_08_14_59_45,Cam2012631,415203,10532,17842,0,1,unknown,unknown,general_model/courtship_V2/train,red_data_unified_V3/train,train,train,val,/mmfs1/gscratch/portia/eabe/data/Johnson_lab/red_data/general_model/courtship_V2/train/2026_03_09_14_39_40/Cam2012631/Frame_415203.jpg,/mmfs1/gscratch/portia/eabe/data/Johnson_lab/red_data/red_data_unified_V3/train/2026_04_08_14_59_45/Cam2012631/Frame_415203.jpg,T3L_TaT3=12.37px; T3R_TaT3=12.08px; WingL_base=10.63px; WingR_base=8.60px; T2R_TaT3=7.62px,,,
12.369,8.346,1.928,0.0,20,50,3a80d11104ed1d07d0c9cfc08883ee62,1.0,2026_03_09_14_39_40,2026_04_08_14_59_45,Cam2012855,227890,9763,17050,0,1,unknown,unknown,general_model/courtship_V2/val,red_data_unified_V3/train,train,train,train,/mmfs1/gscratch/portia/eabe/data/Johnson_lab/red_data/general_model/courtship_V2/val/2026_03_09_14_39_40/Cam2012855/Frame_227890.jpg,/mmfs1/gscratch/portia/eabe/data/Johnson_lab/red_data/red_data_unified_V3/train/2026_04_08_14_59_45/Cam2012855/Frame_227890.jpg,Antenna_Base=12.37px; EyeR=9.43px; T2L_TaT3=8.94px; T1L_TaT3=7.62px; Scutellum=7.28px,,,
12.369,9.1,2.077,0.0,19,50,6f771fe98189ac403e94c3db72e150c4,0.9977,2026_03_09_14_39_40,2026_04_08_14_59_45,Cam2012861,149762,9163,16382,0,1,unknown,unknown,general_model/courtship_V2/train,red_data_unified_V3/train,train,train,train,/mmfs1/gscratch/portia/eabe/data/Johnson_lab/red_data/general_model/courtship_V2/train/2026_03_09_14_39_40/Cam2012861/Frame_149762.jpg,/mmfs1/gscratch/portia/eabe/data/Johnson_lab/red_data/red_data_unified_V3/train/2026_04_08_14_59_45/Cam2012861/Frame_149762.jpg,T3L_TaT3=12.37px; T3R_TaT3=11.70px; T2L_TaT3=10.00px; T1L_ThxCx=8.00px; T1L_TaT3=7.62px,,,
12.369,9.045,2.0,0.0,18,50,c3b939a60e98fd4dfdc4d827205383ae,0.9999,2026_03_09_14_39_40,2026_04_08_14_59_45,Cam2012631,149516,8760,15866,0,1,unknown,unknown,general_model/courtship_V2/train,red_data_unified_V3/train,train,train,train,/mmfs1/gscratch/portia/eabe/data/Johnson_lab/red_data/general_model/courtship_V2/train/2026_03_09_14_39_40/Cam2012631/Frame_149516.jpg,/mmfs1/gscratch/portia/eabe/data/Johnson_lab/red_data/red_data_unified_V3/train/2026_04_08_14_59_45/Cam2012631/Frame_149516.jpg,T1R_ThxCx=12.37px; T1L_ThxCx=10.20px; Scutellum=9.85px; T3L_TaT3=8.06px; T1L_TaT3=7.62px,,,
12.369,8.214,1.854,0.0,17,50,e3b2496e0d4484f0f3a01807952f22dd,1.0,2026_03_09_14_39_40,2026_04_07_11_33_33,Cam2012855,149728,9098,14836,0,0,unknown,unknown,general_model/courtship_V2/train,red_data_unified_V3/val,train,val,train,/mmfs1/gscratch/portia/eabe/data/Johnson_lab/red_data/general_model/courtship_V2/train/2026_03_09_14_39_40/Cam2012855/Frame_149728.jpg,/mmfs1/gscratch/portia/eabe/data/Johnson_lab/red_data/red_data_unified_V3/val/2026_04_07_11_33_33/Cam2012855/Frame_149728.jpg,T3L_TaT3=12.37px; T1R_ThxCx=10.05px; T1R_TaT3=8.54px; T3R_TaT3=7.81px; T2R_TaT3=6.08px,,,
12.207,9.442,2.5,1.0,31,50,25b1b0b6f948aed575a21311df41e8f0,0.976,2026_03_09_14_39_40,2026_04_08_14_59_45,Cam2012862,415183,10488,17775,0,1,unknown,unknown,general_model/courtship_V2/train,red_data_unified_V3/train,train,train,val,/mmfs1/gscratch/portia/eabe/data/Johnson_lab/red_data/general_model/courtship_V2/train/2026_03_09_14_39_40/Cam2012862/Frame_415183.jpg,/mmfs1/gscratch/portia/eabe/data/Johnson_lab/red_data/red_data_unified_V3/train/2026_04_08_14_59_45/Cam2012862/Frame_415183.jpg,T3R_TaT3=12.21px; T2R_TaT3=11.40px; T3L_TaT3=9.85px; WingR_base=8.94px; T1R_TaT3=7.62px,,,
12.207,9.214,2.728,1.707,30,50,48c9f5d333600b29ee147238f08efb0f,0.9864,2026_03_09_14_39_40,2026_04_08_14_59_45,Cam2012855,415223,10569,17900,0,1,unknown,unknown,general_model/courtship_V2/train,red_data_unified_V3/train,train,train,val,/mmfs1/gscratch/portia/eabe/data/Johnson_lab/red_data/general_model/courtship_V2/train/2026_03_09_14_39_40/Cam2012855/Frame_415223.jpg,/mmfs1/gscratch/portia/eabe/data/Johnson_lab/red_data/red_data_unified_V3/train/2026_04_08_14_59_45/Cam2012855/Frame_415223.jpg,WingR_base=12.21px; Scutellum=10.63px; T3L_TaT3=9.43px; T2L_TaT3=8.94px; T1R_ThxCx=8.00px,,,
12.207,8.135,2.442,1.414,30,50,ccad0b21d53db1a3fb1c7bca15e5c77a,0.9906,2026_03_09_14_39_40,2026_04_08_14_59_45,Cam2012855,415228,10604,17956,0,1,unknown,unknown,general_model/courtship_V2/train,red_data_unified_V3/train,train,train,val,/mmfs1/gscratch/portia/eabe/data/Johnson_lab/red_data/general_model/courtship_V2/train/2026_03_09_14_39_40/Cam2012855/Frame_415228.jpg,/mmfs1/gscratch/portia/eabe/data/Johnson_lab/red_data/red_data_unified_V3/train/2026_04_08_14_59_45/Cam2012855/Frame_415228.jpg,WingR_base=12.21px; T2L_TaT3=8.49px; T3L_TaT3=8.25px; T2R_Tro=8.00px; Scutellum=7.07px,,,
12.207,8.299,2.285,1.0,29,50,cac0b1e0ffcb67373fb0c18f941b1a21,0.9895,2026_03_09_14_39_40,2026_04_08_14_59_45,Cam2012853,415228,10603,17955,0,1,unknown,unknown,general_model/courtship_V2/train,red_data_unified_V3/train,train,train,val,/mmfs1/gscratch/portia/eabe/data/Johnson_lab/red_data/general_model/courtship_V2/train/2026_03_09_14_39_40/Cam2012853/Frame_415228.jpg,/mmfs1/gscratch/portia/eabe/data/Johnson_lab/red_data/red_data_unified_V3/train/2026_04_08_14_59_45/Cam2012853/Frame_415228.jpg,WingR_base=12.21px; T2L_TaT3=9.43px; T3L_TaT3=8.54px; Scutellum=8.00px; T3R_TaT3=7.21px,,,
12.207,5.0,1.215,0.0,15,50,e05ae37c1af7246a5c9194d9884583c5,0.9898,2026_03_09_14_39_40,2026_04_08_14_59_45,Cam2012853,150382,9286,16576,0,1,unknown,unknown,general_model/courtship_V2/train,red_data_unified_V3/train,train,train,train,/mmfs1/gscratch/portia/eabe/data/Johnson_lab/red_data/general_model/courtship_V2/train/2026_03_09_14_39_40/Cam2012853/Frame_150382.jpg,/mmfs1/gscratch/portia/eabe/data/Johnson_lab/red_data/red_data_unified_V3/train/2026_04_08_14_59_45/Cam2012853/Frame_150382.jpg,Scutellum=12.21px; WingR_base=7.07px; T1L_TaT3=5.00px; T2L_TaT3=5.00px; WingR_V12=4.24px,,,
12.207,6.885,1.464,0.0,15,50,07a985c0b8c87db703db910414b3803c,0.9899,2026_03_09_14_39_40,2026_04_08_14_59_45,Cam2012862,150382,9290,16580,0,1,unknown,unknown,general_model/courtship_V2/train,red_data_unified_V3/train,train,train,train,/mmfs1/gscratch/portia/eabe/data/Johnson_lab/red_data/general_model/courtship_V2/train/2026_03_09_14_39_40/Cam2012862/Frame_150382.jpg,/mmfs1/gscratch/portia/eabe/data/Johnson_lab/red_data/red_data_unified_V3/train/2026_04_08_14_59_45/Cam2012862/Frame_150382.jpg,Scutellum=12.21px; WingL_base=9.00px; WingR_base=7.28px; T1L_TaT3=6.40px; T2L_TaT3=5.66px,,,
12.207,7.186,1.515,0.0,14,50,e3c7abbf4f13340a4db6966c75f289a8,1.0,2026_03_09_14_39_40,2026_04_07_11_33_33,Cam2012855,149528,8783,14799,0,0,unknown,unknown,general_model/courtship_V2/train,red_data_unified_V3/val,train,val,train,/mmfs1/gscratch/portia/eabe/data/Johnson_lab/red_data/general_model/courtship_V2/train/2026_03_09_14_39_40/Cam2012855/Frame_149528.jpg,/mmfs1/gscratch/portia/eabe/data/Johnson_lab/red_data/red_data_unified_V3/val/2026_04_07_11_33_33/Cam2012855/Frame_149528.jpg,T3R_TaT3=12.21px; T2L_TaT3=8.06px; T2R_Tro=7.28px; T2L_TaT1=7.07px; T3L_TaT3=6.32px,,,
12.207,9.662,1.395,0.0,12,50,5416481de67aca375cabec86ef6d61d8,0.9976,2026_03_09_14_39_40,2026_04_08_14_59_45,Cam2012853,149544,8810,15951,0,1,unknown,unknown,general_model/courtship_V2/train,red_data_unified_V3/train,train,train,train,/mmfs1/gscratch/portia/eabe/data/Johnson_lab/red_data/general_model/courtship_V2/train/2026_03_09_14_39_40/Cam2012853/Frame_149544.jpg,/mmfs1/gscratch/portia/eabe/data/Johnson_lab/red_data/red_data_unified_V3/train/2026_04_08_14_59_45/Cam2012853/Frame_149544.jpg,T3L_TaT3=12.21px; T2R_TaT3=10.20px; T1R_TaT3=9.85px; T3R_TaT3=9.43px; WingL_base=8.00px,,,
12.207,5.406,1.033,0.0,9,50,2f5aaae1bf1f07a72c2f2c1a3db7c975,1.0,2026_03_09_14_39_40,2026_04_08_14_59_45,Cam2012853,149381,8563,15517,0,1,unknown,unknown,general_model/courtship_V2/val,red_data_unified_V3/train,train,train,train,/mmfs1/gscratch/portia/eabe/data/Johnson_lab/red_data/general_model/courtship_V2/val/2026_03_09_14_39_40/Cam2012853/Frame_149381.jpg,/mmfs1/gscratch/portia/eabe/data/Johnson_lab/red_data/red_data_unified_V3/train/2026_04_08_14_59_45/Cam2012853/Frame_149381.jpg,WingL_base=12.21px; T3R_TaT3=6.32px; T2L_TaT3=5.66px; Scutellum=5.10px; T1R_TaT3=5.10px,,,
12.166,9.264,2.715,1.414,31,50,2ea1db7c8cdffa0e3d02f3d79ffd3903,0.9924,2026_03_09_14_39_40,2026_04_08_14_59_45,Cam2012631,415195,10504,17806,0,1,unknown,unknown,general_model/courtship_V2/train,red_data_unified_V3/train,train,train,val,/mmfs1/gscratch/portia/eabe/data/Johnson_lab/red_data/general_model/courtship_V2/train/2026_03_09_14_39_40/Cam2012631/Frame_415195.jpg,/mmfs1/gscratch/portia/eabe/data/Johnson_lab/red_data/red_data_unified_V3/train/2026_04_08_14_59_45/Cam2012631/Frame_415195.jpg,T3L_TaT3=12.17px; Abd_A4=10.20px; WingR_base=9.43px; WingL_base=9.06px; T2R_TaT3=8.94px,,,
12.166,10.436,3.092,2.0,31,50,6aabf8510e7b1520562f8905785af694,0.9321,2026_03_09_14_39_40,2026_04_08_14_59_45,Cam2012857,415224,10577,17915,0,1,unknown,unknown,general_model/courtship_V2/train,red_data_unified_V3/train,train,train,val,/mmfs1/gscratch/portia/eabe/data/Johnson_lab/red_data/general_model/courtship_V2/train/2026_03_09_14_39_40/Cam2012857/Frame_415224.jpg,/mmfs1/gscratch/portia/eabe/data/Johnson_lab/red_data/red_data_unified_V3/train/2026_04_08_14_59_45/Cam2012857/Frame_415224.jpg,T3L_TaT3=12.17px; WingR_base=10.77px; Scutellum=10.63px; WingL_base=10.20px; T1R_ThxCx=9.06px,,,
12.166,8.79,2.586,1.414,30,50,f3a820198e562d48b58bb292de8c3899,0.9981,2026_03_09_14_39_40,2026_04_08_14_59_45,Cam2012862,415223,10572,17903,0,1,unknown,unknown,general_model/courtship_V2/train,red_data_unified_V3/train,train,train,val,/mmfs1/gscratch/portia/eabe/data/Johnson_lab/red_data/general_model/courtship_V2/train/2026_03_09_14_39_40/Cam2012862/Frame_415223.jpg,/mmfs1/gscratch/portia/eabe/data/Johnson_lab/red_data/red_data_unified_V3/train/2026_04_08_14_59_45/Cam2012862/Frame_415223.jpg,T2R_TaT3=12.17px; T3R_TaT3=11.66px; Scutellum=8.94px; WingR_base=8.60px; T3L_TaT3=8.06px,,,
12.166,9.268,2.821,1.0,28,50,d0c7d05338e1ab303c2740acabeda60e,0.9811,2026_03_09_14_39_40,2026_04_08_14_59_45,Cam2012861,415183,10487,17774,0,1,unknown,unknown,general_model/courtship_V2/train,red_data_unified_V3/train,train,train,val,/mmfs1/gscratch/portia/eabe/data/Johnson_lab/red_data/general_model/courtship_V2/train/2026_03_09_14_39_40/Cam2012861/Frame_415183.jpg,/mmfs1/gscratch/portia/eabe/data/Johnson_lab/red_data/red_data_unified_V3/train/2026_04_08_14_59_45/Cam2012861/Frame_415183.jpg,Abd_A4=12.17px; Scutellum=10.00px; T3L_TaT3=9.49px; T1L_ThxCx=9.00px; WingL_base=8.60px,,,
12.166,7.171,1.681,0.0,24,50,88f1dfa9f193ab0c19a253634c78117c,0.9968,2026_03_09_14_39_40,2026_04_08_14_59_45,Cam2012862,94124,7698,15206,0,1,unknown,unknown,general_model/courtship_V2/train,red_data_unified_V3/train,train,train,train,/mmfs1/gscratch/portia/eabe/data/Johnson_lab/red_data/general_model/courtship_V2/train/2026_03_09_14_39_40/Cam2012862/Frame_94124.jpg,/mmfs1/gscratch/portia/eabe/data/Johnson_lab/red_data/red_data_unified_V3/train/2026_04_08_14_59_45/Cam2012862/Frame_94124.jpg,T2R_TaT3=12.17px; WingR_base=9.22px; T3R_TaT3=8.06px; T1L_TiTa=6.08px; T1R_TaT3=5.83px,,,
12.166,9.552,2.154,0.0,19,50,31499de7e982224401a07936b294145a,0.971,2026_03_09_14_39_40,2026_04_08_14_59_45,Cam2012855,149508,8748,15840,0,1,unknown,unknown,general_model/courtship_V2/train,red_data_unified_V3/train,train,train,train,/mmfs1/gscratch/portia/eabe/data/Johnson_lab/red_data/general_model/courtship_V2/train/2026_03_09_14_39_40/Cam2012855/Frame_149508.jpg,/mmfs1/gscratch/portia/eabe/data/Johnson_lab/red_data/red_data_unified_V3/train/2026_04_08_14_59_45/Cam2012855/Frame_149508.jpg,T1R_ThxCx=12.17px; WingL_base=11.05px; T3L_TaT3=10.05px; T3R_TaT3=8.94px; T1R_TaT3=7.81px,,,
12.166,6.222,1.659,0.0,18,50,71b09fb12793305747c16e09b892cc1b,0.9919,2026_03_09_14_39_40,2026_04_08_14_59_45,Cam2012855,149512,8755,15854,0,1,unknown,unknown,general_model/courtship_V2/train,red_data_unified_V3/train,train,train,train,/mmfs1/gscratch/portia/eabe/data/Johnson_lab/red_data/general_model/courtship_V2/train/2026_03_09_14_39_40/Cam2012855/Frame_149512.jpg,/mmfs1/gscratch/portia/eabe/data/Johnson_lab/red_data/red_data_unified_V3/train/2026_04_08_14_59_45/Cam2012855/Frame_149512.jpg,T1R_ThxCx=12.17px; T3L_TaT3=8.25px; T3R_TaT3=6.40px; T1L_ThxCx=6.00px; Scutellum=5.10px,,,
12.166,8.732,1.708,0.0,18,50,3acf767d81d33125aed71415f2068081,1.0,2026_03_09_14_39_40,2026_04_08_14_59_45,Cam2012855,149758,9154,16368,0,1,unknown,unknown,general_model/courtship_V2/train,red_data_unified_V3/train,train,train,train,/mmfs1/gscratch/portia/eabe/data/Johnson_lab/red_data/general_model/courtship_V2/train/2026_03_09_14_39_40/Cam2012855/Frame_149758.jpg,/mmfs1/gscratch/portia/eabe/data/Johnson_lab/red_data/red_data_unified_V3/train/2026_04_08_14_59_45/Cam2012855/Frame_149758.jpg,T3L_TaT3=12.17px; T2L_TaT3=10.63px; T1L_TaT3=9.49px; Scutellum=7.81px; T3R_TaT3=6.71px,,,
12.166,10.265,2.032,0.0,15,50,30125cfbeacb572b0d0fdd5c45371768,1.0,2026_03_09_14_39_40,2026_04_08_14_59_45,Cam2012857,149552,8826,15981,0,1,unknown,unknown,general_model/courtship_V2/train,red_data_unified_V3/train,train,train,train,/mmfs1/gscratch/portia/eabe/data/Johnson_lab/red_data/general_model/courtship_V2/train/2026_03_09_14_39_40/Cam2012857/Frame_149552.jpg,/mmfs1/gscratch/portia/eabe/data/Johnson_lab/red_data/red_data_unified_V3/train/2026_04_08_14_59_45/Cam2012857/Frame_149552.jpg,WingR_base=12.17px; EyeL=11.05px; T3L_TaT3=10.44px; T1R_TaT3=10.05px; Scutellum=9.22px,,,
12.166,5.385,0.988,0.0,13,50,c3d2d1e7d3286d42b10ce23f2f393b37,0.9991,2026_03_09_14_39_40,2026_04_08_14_59_45,Cam2012862,227915,9801,17083,0,1,unknown,unknown,general_model/courtship_V2/train,red_data_unified_V3/train,train,train,train,/mmfs1/gscratch/portia/eabe/data/Johnson_lab/red_data/general_model/courtship_V2/train/2026_03_09_14_39_40/Cam2012862/Frame_227915.jpg,/mmfs1/gscratch/portia/eabe/data/Johnson_lab/red_data/red_data_unified_V3/train/2026_04_08_14_59_45/Cam2012862/Frame_227915.jpg,T2R_TaT3=12.17px; T3R_TaT3=6.32px; T1L_TaT3=5.39px; T3L_TaT3=5.39px; T1R_TaT3=5.00px,,,
12.166,7.281,1.225,0.0,12,50,55a99cbb4269cd3b7149abe037004c3a,0.9933,2026_03_09_14_39_40,2026_04_08_14_59_45,Cam2012631,227731,9614,16740,0,1,unknown,unknown,general_model/courtship_V2/train,red_data_unified_V3/train,train,train,train,/mmfs1/gscratch/portia/eabe/data/Johnson_lab/red_data/general_model/courtship_V2/train/2026_03_09_14_39_40/Cam2012631/Frame_227731.jpg,/mmfs1/gscratch/portia/eabe/data/Johnson_lab/red_data/red_data_unified_V3/train/2026_04_08_14_59_45/Cam2012631/Frame_227731.jpg,Antenna_Base=12.17px; T3L_TaT3=9.22px; Scutellum=8.00px; T1R_TaT3=6.40px; T3R_TaT3=6.32px,,,
12.166,7.645,1.295,0.0,12,50,c497b69849469bc2b88342bc77155a78,1.0,2026_03_09_14_39_40,2026_04_08_14_59_45,Cam2012855,227731,9616,16742,0,1,unknown,unknown,general_model/courtship_V2/train,red_data_unified_V3/train,train,train,train,/mmfs1/gscratch/portia/eabe/data/Johnson_lab/red_data/general_model/courtship_V2/train/2026_03_09_14_39_40/Cam2012855/Frame_227731.jpg,/mmfs1/gscratch/portia/eabe/data/Johnson_lab/red_data/red_data_unified_V3/train/2026_04_08_14_59_45/Cam2012855/Frame_227731.jpg,Antenna_Base=12.17px; T3L_TaT3=8.94px; Scutellum=8.00px; T2R_TaT3=7.21px; T2L_TaT3=7.07px,,,
12.083,9.691,2.218,0.5,25,50,13c709324e06f878908789c847f13180,0.9947,2026_03_09_14_39_40,2026_04_08_14_59_45,Cam2012862,415203,10537,17847,0,1,unknown,unknown,general_model/courtship_V2/train,red_data_unified_V3/train,train,train,val,/mmfs1/gscratch/portia/eabe/data/Johnson_lab/red_data/general_model/courtship_V2/train/2026_03_09_14_39_40/Cam2012862/Frame_415203.jpg,/mmfs1/gscratch/portia/eabe/data/Johnson_lab/red_data/red_data_unified_V3/train/2026_04_08_14_59_45/Cam2012862/Frame_415203.jpg,T3R_TaT3=12.08px; T3L_TaT3=11.00px; WingL_base=10.63px; T2R_TaT3=8.54px; WingR_base=8.25px,,,
12.042,10.098,2.885,2.0,37,50,f41a82ee7a7d8de25ff07514d3460333,0.9734,2026_03_09_14_39_40,2026_04_08_14_59_45,Cam2012855,94132,7709,15231,0,1,unknown,unknown,general_model/courtship_V2/train,red_data_unified_V3/train,train,train,train,/mmfs1/gscratch/portia/eabe/data/Johnson_lab/red_data/general_model/courtship_V2/train/2026_03_09_14_39_40/Cam2012855/Frame_94132.jpg,/mmfs1/gscratch/portia/eabe/data/Johnson_lab/red_data/red_data_unified_V3/train/2026_04_08_14_59_45/Cam2012855/Frame_94132.jpg,T2R_Tro=12.04px; T3R_Tro=12.00px; T3L_TaT3=10.82px; WingR_base=9.22px; T3R_TaT3=7.81px,,,
12.042,9.121,3.033,2.0,32,50,e512b13045b19f003c0035e2c15d5c7f,0.9813,2026_03_09_14_39_40,2026_04_08_14_59_45,Cam2012631,415224,10574,17912,0,1,unknown,unknown,general_model/courtship_V2/train,red_data_unified_V3/train,train,train,val,/mmfs1/gscratch/portia/eabe/data/Johnson_lab/red_data/general_model/courtship_V2/train/2026_03_09_14_39_40/Cam2012631/Frame_415224.jpg,/mmfs1/gscratch/portia/eabe/data/Johnson_lab/red_data/red_data_unified_V3/train/2026_04_08_14_59_45/Cam2012631/Frame_415224.jpg,T3L_TaT3=12.04px; EyeL=9.22px; Scutellum=9.22px; WingL_base=9.00px; T3R_TaT3=8.60px,,,
12.042,9.761,2.374,1.0,29,50,7ec1d090dd8507e9bd6c0d0a1cc4a67f,0.9778,2026_03_09_14_39_40,2026_04_08_14_59_45,Cam2012857,94103,7633,15134,0,1,unknown,unknown,general_model/courtship_V2/train,red_data_unified_V3/train,train,train,train,/mmfs1/gscratch/portia/eabe/data/Johnson_lab/red_data/general_model/courtship_V2/train/2026_03_09_14_39_40/Cam2012857/Frame_94103.jpg,/mmfs1/gscratch/portia/eabe/data/Johnson_lab/red_data/red_data_unified_V3/train/2026_04_08_14_59_45/Cam2012857/Frame_94103.jpg,WingR_base=12.04px; T3R_TaT3=12.04px; Scutellum=11.00px; T3L_TaT3=8.25px; T1L_TaT3=8.06px,,,
12.042,8.163,2.443,1.414,29,50,08cfc0312ec7822b0e12f19570bf5ddb,0.9785,2026_03_09_14_39_40,2026_04_07_11_33_33,Cam2012855,94111,7646,14743,0,0,unknown,unknown,general_model/courtship_V2/train,red_data_unified_V3/val,train,val,train,/mmfs1/gscratch/portia/eabe/data/Johnson_lab/red_data/general_model/courtship_V2/train/2026_03_09_14_39_40/Cam2012855/Frame_94111.jpg,/mmfs1/gscratch/portia/eabe/data/Johnson_lab/red_data/red_data_unified_V3/val/2026_04_07_11_33_33/Cam2012855/Frame_94111.jpg,T2R_TaT3=12.04px; WingR_base=8.54px; T1R_TiTa=8.25px; T3L_TaT3=8.06px; T3R_TaT3=7.28px,,,
12.042,8.094,2.519,1.414,29,50,db5ad1f832dd70adde865ad0c8ba23ef,0.9922,2026_03_09_14_39_40,2026_04_08_14_59_45,Cam2012862,415228,10607,17959,0,1,unknown,unknown,general_model/courtship_V2/train,red_data_unified_V3/train,train,train,val,/mmfs1/gscratch/portia/eabe/data/Johnson_lab/red_data/general_model/courtship_V2/train/2026_03_09_14_39_40/Cam2012862/Frame_415228.jpg,/mmfs1/gscratch/portia/eabe/data/Johnson_lab/red_data/red_data_unified_V3/train/2026_04_08_14_59_45/Cam2012862/Frame_415228.jpg,T2L_Tro=12.04px; T3R_TaT3=10.77px; T2L_TaT3=8.49px; WingR_base=7.62px; T3L_TaT3=7.28px,,,
12.042,7.023,1.691,0.0,22,50,32601f0f156acc93e0c7e77b69382607,0.9915,2026_03_09_14_39_40,2026_04_08_14_59_45,Cam2012631,94128,7700,15215,0,1,unknown,unknown,general_model/courtship_V2/train,red_data_unified_V3/train,train,train,train,/mmfs1/gscratch/portia/eabe/data/Johnson_lab/red_data/general_model/courtship_V2/train/2026_03_09_14_39_40/Cam2012631/Frame_94128.jpg,/mmfs1/gscratch/portia/eabe/data/Johnson_lab/red_data/red_data_unified_V3/train/2026_04_08_14_59_45/Cam2012631/Frame_94128.jpg,WingR_base=12.04px; T3R_TaT3=11.18px; T2R_TaT3=7.28px; T1R_TaT3=6.71px; T1L_TaT3=6.32px,,,
12.042,8.295,1.764,0.0,19,50,9b9d3c85bd64b092ffa5c72c1e29f4bd,1.0,2026_03_09_14_39_40,2026_04_07_11_33_33,Cam2012853,149744,9125,14859,0,0,unknown,unknown,general_model/courtship_V2/train,red_data_unified_V3/val,train,val,train,/mmfs1/gscratch/portia/eabe/data/Johnson_lab/red_data/general_model/courtship_V2/train/2026_03_09_14_39_40/Cam2012853/Frame_149744.jpg,/mmfs1/gscratch/portia/eabe/data/Johnson_lab/red_data/red_data_unified_V3/val/2026_04_07_11_33_33/Cam2012853/Frame_149744.jpg,T2R_TaT3=12.04px; T1R_TaT3=10.44px; T3R_TaT3=8.49px; T3L_TaT3=8.06px; WingL_base=6.71px,,,
12.042,8.693,1.913,0.0,19,50,b41875aa5df7941147b852c8066a6770,1.0,2026_03_09_14_39_40,2026_04_08_14_59_45,Cam2012857,149758,9155,16369,0,1,unknown,unknown,general_model/courtship_V2/train,red_data_unified_V3/train,train,train,train,/mmfs1/gscratch/portia/eabe/data/Johnson_lab/red_data/general_model/courtship_V2/train/2026_03_09_14_39_40/Cam2012857/Frame_149758.jpg,/mmfs1/gscratch/portia/eabe/data/Johnson_lab/red_data/red_data_unified_V3/train/2026_04_08_14_59_45/Cam2012857/Frame_149758.jpg,T3L_TaT3=12.04px; T1L_TaT3=10.44px; Scutellum=9.85px; T1R_Tro=7.28px; T2L_TaT3=7.07px,,,
12.042,8.295,1.95,0.0,17,50,c49d34601ef0399b008afc6151d40c0e,1.0,2026_03_09_14_39_40,2026_04_07_11_33_33,Cam2012861,149728,9100,14838,0,0,unknown,unknown,general_model/courtship_V2/train,red_data_unified_V3/val,train,val,train,/mmfs1/gscratch/portia/eabe/data/Johnson_lab/red_data/general_model/courtship_V2/train/2026_03_09_14_39_40/Cam2012861/Frame_149728.jpg,/mmfs1/gscratch/portia/eabe/data/Johnson_lab/red_data/red_data_unified_V3/val/2026_04_07_11_33_33/Cam2012861/Frame_149728.jpg,T3L_TaT3=12.04px; Scutellum=10.05px; T3R_TaT3=8.49px; T1R_ThxCx=8.06px; T2L_TaT3=7.81px,,,
12.042,8.547,1.94,0.0,16,50,83d1af88b7f819221ccf1b98ffe477aa,1.0,2026_03_09_14_39_40,2026_04_08_14_59_45,Cam2012857,149426,8631,15624,0,1,unknown,unknown,general_model/courtship_V2/train,red_data_unified_V3/train,-,train,-,/mmfs1/gscratch/portia/eabe/data/Johnson_lab/red_data/general_model/courtship_V2/train/2026_03_09_14_39_40/Cam2012857/Frame_149426.jpg,/mmfs1/gscratch/portia/eabe/data/Johnson_lab/red_data/red_data_unified_V3/train/2026_04_08_14_59_45/Cam2012857/Frame_149426.jpg,T3L_Tro=12.04px; T2L_Tro=10.44px; T2R_Tro=8.94px; T2L_TaT1=8.06px; WingL_base=6.32px,,,
12.042,8.608,1.571,0.0,12,50,31038dff01a755c719998b7fb43b5c52,1.0,2026_03_09_14_39_40,2026_04_08_14_59_45,Cam2012857,149568,8854,16023,0,1,unknown,unknown,general_model/courtship_V2/train,red_data_unified_V3/train,train,train,train,/mmfs1/gscratch/portia/eabe/data/Johnson_lab/red_data/general_model/courtship_V2/train/2026_03_09_14_39_40/Cam2012857/Frame_149568.jpg,/mmfs1/gscratch/portia/eabe/data/Johnson_lab/red_data/red_data_unified_V3/train/2026_04_08_14_59_45/Cam2012857/Frame_149568.jpg,WingL_base=12.04px; WingR_base=10.30px; Antenna_Base=9.06px; T1L_TaT3=8.06px; T2L_TaT3=8.06px,,,
12.042,8.062,1.544,0.0,12,50,ceec8cd66311b40178f78ed530c71a40,1.0,2026_03_09_14_39_40,2026_04_08_14_59_45,Cam2012861,149568,8855,16024,0,1,unknown,unknown,general_model/courtship_V2/train,red_data_unified_V3/train,train,train,train,/mmfs1/gscratch/portia/eabe/data/Johnson_lab/red_data/general_model/courtship_V2/train/2026_03_09_14_39_40/Cam2012861/Frame_149568.jpg,/mmfs1/gscratch/portia/eabe/data/Johnson_lab/red_data/red_data_unified_V3/train/2026_04_08_14_59_45/Cam2012861/Frame_149568.jpg,WingL_base=12.04px; WingR_base=10.30px; Antenna_Base=8.06px; T1L_TaT3=8.06px; Scutellum=7.07px,,,
12.042,7.478,1.398,0.0,11,50,aab3c5aa09e4622e8492523389352793,1.0,2026_03_09_14_39_40,2026_04_07_11_33_33,Cam2012862,149377,8560,14774,0,0,unknown,unknown,general_model/courtship_V2/train,red_data_unified_V3/val,train,val,train,/mmfs1/gscratch/portia/eabe/data/Johnson_lab/red_data/general_model/courtship_V2/train/2026_03_09_14_39_40/Cam2012862/Frame_149377.jpg,/mmfs1/gscratch/portia/eabe/data/Johnson_lab/red_data/red_data_unified_V3/val/2026_04_07_11_33_33/Cam2012862/Frame_149377.jpg,T3R_TaT3=12.04px; T1R_TaT3=9.43px; T1L_TaT3=7.81px; T2L_TaT3=7.07px; EyeL=5.83px,,,
12.0,8.789,2.205,1.0,27,50,3e97b762b1e963e4f88188cd2009f61c,0.9601,2026_03_09_14_39_40,2026_04_08_14_59_45,Cam2012631,415167,10434,17723,0,1,unknown,unknown,general_model/courtship_V2/train,red_data_unified_V3/train,train,train,val,/mmfs1/gscratch/portia/eabe/data/Johnson_lab/red_data/general_model/courtship_V2/train/2026_03_09_14_39_40/Cam2012631/Frame_415167.jpg,/mmfs1/gscratch/portia/eabe/data/Johnson_lab/red_data/red_data_unified_V3/train/2026_04_08_14_59_45/Cam2012631/Frame_415167.jpg,WingL_base=12.00px; WingR_base=11.31px; T1R_TaT3=9.43px; T2R_TaT3=8.00px; T3R_TaT3=7.81px,,,
12.0,9.264,2.017,0.0,21,50,64083da783b0bac48ba310efe85b0938,0.9624,2026_03_09_14_39_40,2026_04_08_14_59_45,Cam2012631,415175,10469,17749,0,1,unknown,unknown,general_model/courtship_V2/train,red_data_unified_V3/train,train,train,val,/mmfs1/gscratch/portia/eabe/data/Johnson_lab/red_data/general_model/courtship_V2/train/2026_03_09_14_39_40/Cam2012631/Frame_415175.jpg,/mmfs1/gscratch/portia/eabe/data/Johnson_lab/red_data/red_data_unified_V3/train/2026_04_08_14_59_45/Cam2012631/Frame_415175.jpg,WingL_base=12.00px; T3R_TaT3=10.82px; T1R_TaT3=9.43px; T2R_TaT3=9.06px; T3L_TaT3=8.06px,,,
12.0,9.758,2.046,0.0,18,50,7e0f55370c94d8b86a0397aead4c8878,0.9977,2026_03_09_14_39_40,2026_04_08_14_59_45,Cam2012855,149754,9147,16356,0,1,unknown,unknown,general_model/courtship_V2/train,red_data_unified_V3/train,train,train,train,/mmfs1/gscratch/portia/eabe/data/Johnson_lab/red_data/general_model/courtship_V2/train/2026_03_09_14_39_40/Cam2012855/Frame_149754.jpg,/mmfs1/gscratch/portia/eabe/data/Johnson_lab/red_data/red_data_unified_V3/train/2026_04_08_14_59_45/Cam2012855/Frame_149754.jpg,T1R_ThxCx=12.00px; T1R_TaT3=10.77px; T3L_TaT3=10.20px; T3R_TaT3=9.22px; WingL_base=8.60px,,,
12.0,8.852,1.594,0.0,12,50,c4b55367dbe45422562b1e9b7d372d6f,0.9851,2026_03_09_14_39_40,2026_04_08_14_59_45,Cam2012631,149484,8718,15782,0,1,unknown,unknown,general_model/courtship_V2/train,red_data_unified_V3/train,train,train,train,/mmfs1/gscratch/portia/eabe/data/Johnson_lab/red_data/general_model/courtship_V2/train/2026_03_09_14_39_40/Cam2012631/Frame_149484.jpg,/mmfs1/gscratch/portia/eabe/data/Johnson_lab/red_data/red_data_unified_V3/train/2026_04_08_14_59_45/Cam2012631/Frame_149484.jpg,T1L_ThxCx=12.00px; T1R_ThxCx=9.22px; T1R_TiTa=9.06px; WingL_base=8.60px; T3L_Tro=6.32px,,,
12.0,5.209,0.777,0.0,7,50,8209a3a237cf5d5e5f59c7d8e1ba118d,1.0,2026_03_09_14_39_40,2026_04_08_14_59_45,Cam2012855,227880,9749,17040,0,1,unknown,unknown,general_model/courtship_V2/val,red_data_unified_V3/train,train,train,train,/mmfs1/gscratch/portia/eabe/data/Johnson_lab/red_data/general_model/courtship_V2/val/2026_03_09_14_39_40/Cam2012855/Frame_227880.jpg,/mmfs1/gscratch/portia/eabe/data/Johnson_lab/red_data/red_data_unified_V3/train/2026_04_08_14_59_45/Cam2012855/Frame_227880.jpg,Antenna_Base=12.00px; T2R_TaT3=7.00px; T2L_TaT3=6.00px; T3L_TaT3=4.24px; T1L_TaT3=3.61px,,,
12.0,3.162,0.594,0.0,7,50,9025a3db55eab3fb65aa832d4995013f,1.0,2026_03_09_14_39_40,2026_04_08_14_59_45,Cam2012861,227880,9751,17042,0,1,unknown,unknown,general_model/courtship_V2/val,red_data_unified_V3/train,train,train,train,/mmfs1/gscratch/portia/eabe/data/Johnson_lab/red_data/general_model/courtship_V2/val/2026_03_09_14_39_40/Cam2012861/Frame_227880.jpg,/mmfs1/gscratch/portia/eabe/data/Johnson_lab/red_data/red_data_unified_V3/train/2026_04_08_14_59_45/Cam2012861/Frame_227880.jpg,Antenna_Base=12.00px; T1L_TaT3=3.16px; T3L_TaT3=3.16px; T3R_TaT3=3.16px; T2L_TaT3=3.00px,,,
11.705,8.547,2.393,0.0,23,50,f88118f879448097b1c9200e3afbad85,0.9788,2026_03_09_14_39_40,2026_04_08_14_59_45,Cam2012631,415187,10490,17782,0,1,unknown,unknown,general_model/courtship_V2/train,red_data_unified_V3/train,train,train,val,/mmfs1/gscratch/portia/eabe/data/Johnson_lab/red_data/general_model/courtship_V2/train/2026_03_09_14_39_40/Cam2012631/Frame_415187.jpg,/mmfs1/gscratch/portia/eabe/data/Johnson_lab/red_data/red_data_unified_V3/train/2026_04_08_14_59_45/Cam2012631/Frame_415187.jpg,T1L_ThxCx=11.70px; Scutellum=9.90px; T1R_TaT3=8.94px; WingR_base=8.06px; WingR_V12=8.06px,,,
11.705,9.243,2.145,0.0,19,50,276f620d0481cd3d8efac8e912f7a6d1,1.0,2026_03_09_14_39_40,2026_04_08_14_59_45,Cam2012855,149516,8762,15868,0,1,unknown,unknown,general_model/courtship_V2/train,red_data_unified_V3/train,train,train,train,/mmfs1/gscratch/portia/eabe/data/Johnson_lab/red_data/general_model/courtship_V2/train/2026_03_09_14_39_40/Cam2012855/Frame_149516.jpg,/mmfs1/gscratch/portia/eabe/data/Johnson_lab/red_data/red_data_unified_V3/train/2026_04_08_14_59_45/Cam2012855/Frame_149516.jpg,T1R_ThxCx=11.70px; T1L_ThxCx=11.18px; T3L_TaT3=9.49px; Scutellum=8.94px; T1L_TaT3=7.62px,,,
11.705,8.939,1.787,0.0,19,50,235efdfba570191d2844b7d6a63c533d,0.9997,2026_03_09_14_39_40,2026_04_07_11_33_33,Cam2012630,149744,9123,14858,0,0,unknown,unknown,general_model/courtship_V2/train,red_data_unified_V3/val,train,val,train,/mmfs1/gscratch/portia/eabe/data/Johnson_lab/red_data/general_model/courtship_V2/train/2026_03_09_14_39_40/Cam2012630/Frame_149744.jpg,/mmfs1/gscratch/portia/eabe/data/Johnson_lab/red_data/red_data_unified_V3/val/2026_04_07_11_33_33/Cam2012630/Frame_149744.jpg,Abd_tip=11.70px; T1R_TaT3=10.44px; T2R_TaT3=10.30px; T3L_TaT3=7.28px; T3R_TaT3=7.21px,,,
11.705,5.595,1.289,0.0,17,50,98f512f03d3a4d60de578c7b6cf9a40a,1.0,2026_03_09_14_39_40,2026_04_07_11_33_33,Cam2012853,149413,8612,14784,0,0,unknown,unknown,general_model/courtship_V2/train,red_data_unified_V3/val,train,val,train,/mmfs1/gscratch/portia/eabe/data/Johnson_lab/red_data/general_model/courtship_V2/train/2026_03_09_14_39_40/Cam2012853/Frame_149413.jpg,/mmfs1/gscratch/portia/eabe/data/Johnson_lab/red_data/red_data_unified_V3/val/2026_04_07_11_33_33/Cam2012853/Frame_149413.jpg,T2L_Tro=11.70px; T1R_TaT3=6.71px; T1L_TaT3=6.00px; T3L_TaT3=5.10px; Scutellum=4.47px,,,
11.705,9.738,1.933,0.0,15,50,ad2ba6614e8b1b893f590dcfc161e8be,1.0,2026_03_09_14_39_40,2026_04_08_14_59_45,Cam2012857,149520,8770,15883,0,1,unknown,unknown,general_model/courtship_V2/train,red_data_unified_V3/train,train,train,train,/mmfs1/gscratch/portia/eabe/data/Johnson_lab/red_data/general_model/courtship_V2/train/2026_03_09_14_39_40/Cam2012857/Frame_149520.jpg,/mmfs1/gscratch/portia/eabe/data/Johnson_lab/red_data/red_data_unified_V3/train/2026_04_08_14_59_45/Cam2012857/Frame_149520.jpg,T1L_ThxCx=11.70px; T3L_TaT3=11.40px; T1L_TaT3=10.30px; EyeL=9.06px; T3R_TaT3=8.94px,,,
11.705,8.253,1.291,0.0,12,50,30bf67fc5eb5b620ec49db813aed62ff,0.9961,2026_03_09_14_39_40,2026_04_08_14_59_45,Cam2012862,149548,8821,15969,0,1,unknown,unknown,general_model/courtship_V2/train,red_data_unified_V3/train,train,train,train,/mmfs1/gscratch/portia/eabe/data/Johnson_lab/red_data/general_model/courtship_V2/train/2026_03_09_14_39_40/Cam2012862/Frame_149548.jpg,/mmfs1/gscratch/portia/eabe/data/Johnson_lab/red_data/red_data_unified_V3/train/2026_04_08_14_59_45/Cam2012862/Frame_149548.jpg,Scutellum=11.70px; T3L_TaT3=9.85px; T3R_TaT3=9.22px; T1R_TaT3=7.07px; T1L_TaT3=6.32px,,,
11.662,10.847,3.01,1.414,35,50,55bb6d2a6df89040441bb5a861295341,0.9763,2026_03_09_14_39_40,2026_04_08_14_59_45,Cam2012857,227701,9547,16683,0,1,unknown,unknown,general_model/courtship_V2/train,red_data_unified_V3/train,train,train,train,/mmfs1/gscratch/portia/eabe/data/Johnson_lab/red_data/general_model/courtship_V2/train/2026_03_09_14_39_40/Cam2012857/Frame_227701.jpg,/mmfs1/gscratch/portia/eabe/data/Johnson_lab/red_data/red_data_unified_V3/train/2026_04_08_14_59_45/Cam2012857/Frame_227701.jpg,T3R_TaT3=11.66px; EyeR=11.40px; Scutellum=11.18px; T1R_ThxCx=10.44px; WingR_base=9.00px,,,
11.662,9.146,2.357,1.207,32,50,1c66622ec1910b8f64e9d9763f4be8dd,0.9937,2026_03_09_14_39_40,2026_04_08_14_59_45,Cam2012631,94115,7658,15173,0,1,unknown,unknown,general_model/courtship_V2/train,red_data_unified_V3/train,train,train,train,/mmfs1/gscratch/portia/eabe/data/Johnson_lab/red_data/general_model/courtship_V2/train/2026_03_09_14_39_40/Cam2012631/Frame_94115.jpg,/mmfs1/gscratch/portia/eabe/data/Johnson_lab/red_data/red_data_unified_V3/train/2026_04_08_14_59_45/Cam2012631/Frame_94115.jpg,WingR_base=11.66px; T3R_TaT3=11.66px; T1R_TaT3=9.22px; T2L_Tro=9.06px; T3L_TaT3=7.07px,,,
11.662,8.699,1.656,0.0,14,50,84c6f724fec29111956fde285c450244,1.0,2026_03_09_14_39_40,2026_04_08_14_59_45,Cam2012853,149520,8768,15881,0,1,unknown,unknown,general_model/courtship_V2/train,red_data_unified_V3/train,train,train,train,/mmfs1/gscratch/portia/eabe/data/Johnson_lab/red_data/general_model/courtship_V2/train/2026_03_09_14_39_40/Cam2012853/Frame_149520.jpg,/mmfs1/gscratch/portia/eabe/data/Johnson_lab/red_data/red_data_unified_V3/train/2026_04_08_14_59_45/Cam2012853/Frame_149520.jpg,T3L_TaT3=11.66px; T3R_TaT3=9.43px; T1L_TaT3=9.22px; T2L_TaT3=8.06px; T1L_ThxCx=6.71px,,,
11.662,7.177,1.47,0.0,14,50,a35c4667016c287cfe547858e14c1edd,1.0,2026_03_09_14_39_40,2026_04_07_11_33_33,Cam2012857,149528,8784,14800,0,0,unknown,unknown,general_model/courtship_V2/train,red_data_unified_V3/val,train,val,train,/mmfs1/gscratch/portia/eabe/data/Johnson_lab/red_data/general_model/courtship_V2/train/2026_03_09_14_39_40/Cam2012857/Frame_149528.jpg,/mmfs1/gscratch/portia/eabe/data/Johnson_lab/red_data/red_data_unified_V3/val/2026_04_07_11_33_33/Cam2012857/Frame_149528.jpg,T3R_TaT3=11.66px; T2R_Tro=8.25px; T3L_TaT3=7.81px; Scutellum=6.40px; T2L_TaT1=6.08px,,,
11.662,7.465,1.334,0.0,11,50,1865be9de07a6ef30ff019bb1383dcd9,1.0,2026_03_09_14_39_40,2026_04_08_14_59_45,Cam2012630,149705,9053,16292,0,1,unknown,unknown,general_model/courtship_V2/train,red_data_unified_V3/train,train,train,train,/mmfs1/gscratch/portia/eabe/data/Johnson_lab/red_data/general_model/courtship_V2/train/2026_03_09_14_39_40/Cam2012630/Frame_149705.jpg,/mmfs1/gscratch/portia/eabe/data/Johnson_lab/red_data/red_data_unified_V3/train/2026_04_08_14_59_45/Cam2012630/Frame_149705.jpg,T2L_TaT3=11.66px; T3R_TaT3=8.94px; T3L_TaT3=7.62px; T1L_TaT3=7.28px; T1R_TaT3=7.21px,,,
11.662,7.723,1.32,0.0,10,50,2e3470bc69a314bbdb4e43f81e9c9ea0,1.0,2026_03_09_14_39_40,2026_04_08_14_59_45,Cam2012630,149363,8526,15459,0,1,unknown,unknown,general_model/courtship_V2/train,red_data_unified_V3/train,train,train,train,/mmfs1/gscratch/portia/eabe/data/Johnson_lab/red_data/general_model/courtship_V2/train/2026_03_09_14_39_40/Cam2012630/Frame_149363.jpg,/mmfs1/gscratch/portia/eabe/data/Johnson_lab/red_data/red_data_unified_V3/train/2026_04_08_14_59_45/Cam2012630/Frame_149363.jpg,T3R_TaT3=11.66px; T1L_TaT3=10.00px; T1R_TaT3=7.81px; T3L_TaT3=7.62px; T2L_TaT3=7.07px,,,
11.662,8.126,1.007,0.0,9,50,c0b8137a8a674b98abdf934d40c45abb,0.9976,2026_03_09_14_39_40,2026_04_08_14_59_45,Cam2012630,149544,8808,15949,0,1,unknown,unknown,general_model/courtship_V2/train,red_data_unified_V3/train,train,train,train,/mmfs1/gscratch/portia/eabe/data/Johnson_lab/red_data/general_model/courtship_V2/train/2026_03_09_14_39_40/Cam2012630/Frame_149544.jpg,/mmfs1/gscratch/portia/eabe/data/Johnson_lab/red_data/red_data_unified_V3/train/2026_04_08_14_59_45/Cam2012630/Frame_149544.jpg,T3L_TaT3=11.66px; T3R_TaT3=9.43px; T1R_TaT3=8.54px; T2R_TaT3=7.62px; T1L_TaT3=5.10px,,,
11.662,5.769,0.773,0.0,5,50,d02dbc3041a6412d2482857c52856b71,1.0,2026_03_09_14_39_40,2026_04_07_11_33_33,Cam2012855,150386,9294,14896,0,0,unknown,unknown,general_model/courtship_V2/train,red_data_unified_V3/val,train,val,train,/mmfs1/gscratch/portia/eabe/data/Johnson_lab/red_data/general_model/courtship_V2/train/2026_03_09_14_39_40/Cam2012855/Frame_150386.jpg,/mmfs1/gscratch/portia/eabe/data/Johnson_lab/red_data/red_data_unified_V3/val/2026_04_07_11_33_33/Cam2012855/Frame_150386.jpg,Scutellum=11.66px; WingL_base=10.44px; WingR_base=6.08px; WingR_V12=5.39px; WingL_V13=5.10px,,,
11.402,9.676,2.942,2.0,35,50,9929331930fbd0830b68aaa86a7c4a3c,0.9869,2026_03_09_14_39_40,2026_04_08_14_59_45,Cam2012857,94132,7710,15232,0,1,unknown,unknown,general_model/courtship_V2/train,red_data_unified_V3/train,train,train,train,/mmfs1/gscratch/portia/eabe/data/Johnson_lab/red_data/general_model/courtship_V2/train/2026_03_09_14_39_40/Cam2012857/Frame_94132.jpg,/mmfs1/gscratch/portia/eabe/data/Johnson_lab/red_data/red_data_unified_V3/train/2026_04_08_14_59_45/Cam2012857/Frame_94132.jpg,WingR_base=11.40px; T3L_TaT3=10.77px; T2R_TaT3=10.05px; T3R_TaT3=9.22px; Scutellum=8.49px,,,
11.402,9.492,2.839,2.0,34,50,c1425f0017efa86fb644c1f46da59346,0.9868,2026_03_09_14_39_40,2026_04_08_14_59_45,Cam2012861,94132,7711,15233,0,1,unknown,unknown,general_model/courtship_V2/train,red_data_unified_V3/train,train,train,train,/mmfs1/gscratch/portia/eabe/data/Johnson_lab/red_data/general_model/courtship_V2/train/2026_03_09_14_39_40/Cam2012861/Frame_94132.jpg,/mmfs1/gscratch/portia/eabe/data/Johnson_lab/red_data/red_data_unified_V3/train/2026_04_08_14_59_45/Cam2012861/Frame_94132.jpg,WingR_base=11.40px; T2R_TaT3=10.05px; T3L_TaT3=9.85px; T2R_Tro=9.06px; Scutellum=8.49px,,,
11.402,10.575,3.124,1.0,33,50,d6249630f1a9576cd091513417277e2b,0.9803,2026_03_09_14_39_40,2026_04_08_14_59_45,Cam2012855,227701,9546,16682,0,1,unknown,unknown,general_model/courtship_V2/train,red_data_unified_V3/train,train,train,train,/mmfs1/gscratch/portia/eabe/data/Johnson_lab/red_data/general_model/courtship_V2/train/2026_03_09_14_39_40/Cam2012855/Frame_227701.jpg,/mmfs1/gscratch/portia/eabe/data/Johnson_lab/red_data/red_data_unified_V3/train/2026_04_08_14_59_45/Cam2012855/Frame_227701.jpg,EyeR=11.40px; T3R_TaT3=11.40px; T2R_TaT1=11.05px; Scutellum=10.00px; WingR_base=9.85px,,,
11.402,9.922,2.375,1.0,30,50,7dfa6ef4df6a68e2f1614f75c7d8663e,0.9943,2026_03_09_14_39_40,2026_04_08_14_59_45,Cam2012630,415223,10566,17897,0,1,unknown,unknown,general_model/courtship_V2/train,red_data_unified_V3/train,train,train,val,/mmfs1/gscratch/portia/eabe/data/Johnson_lab/red_data/general_model/courtship_V2/train/2026_03_09_14_39_40/Cam2012630/Frame_415223.jpg,/mmfs1/gscratch/portia/eabe/data/Johnson_lab/red_data/red_data_unified_V3/train/2026_04_08_14_59_45/Cam2012630/Frame_415223.jpg,WingR_base=11.40px; T2R_TaT3=11.05px; T3R_TaT3=10.63px; Scutellum=9.06px; T3L_TaT3=8.94px,,,
11.402,7.071,2.214,1.0,28,50,13f171eabeb87a87a4a13a672c6445a0,0.9926,2026_03_09_14_39_40,2026_04_07_11_33_33,Cam2012857,94111,7647,14744,0,0,unknown,unknown,general_model/courtship_V2/train,red_data_unified_V3/val,train,val,train,/mmfs1/gscratch/portia/eabe/data/Johnson_lab/red_data/general_model/courtship_V2/train/2026_03_09_14_39_40/Cam2012857/Frame_94111.jpg,/mmfs1/gscratch/portia/eabe/data/Johnson_lab/red_data/red_data_unified_V3/val/2026_04_07_11_33_33/Cam2012857/Frame_94111.jpg,WingR_base=11.40px; T3R_TaT3=10.00px; T3L_TaT3=7.07px; T2R_TaT3=7.07px; T1R_TaT3=6.71px,,,
11.402,9.146,2.016,1.0,26,50,e2a2b133d605bd174b73462917fb2f19,0.9969,2026_03_09_14_39_40,2026_04_08_14_59_45,Cam2012862,415175,10474,17754,0,1,unknown,unknown,general_model/courtship_V2/train,red_data_unified_V3/train,train,train,val,/mmfs1/gscratch/portia/eabe/data/Johnson_lab/red_data/general_model/courtship_V2/train/2026_03_09_14_39_40/Cam2012862/Frame_415175.jpg,/mmfs1/gscratch/portia/eabe/data/Johnson_lab/red_data/red_data_unified_V3/train/2026_04_08_14_59_45/Cam2012862/Frame_415175.jpg,T3R_TaT3=11.40px; T2R_TaT3=10.05px; T3L_TaT3=9.22px; WingL_base=9.06px; T1R_TaT3=8.94px,,,
11.402,9.434,1.973,0.0,23,50,9d2ceab34faf2c8c7b7e98f749408eb2,0.9999,2026_03_09_14_39_40,2026_04_08_14_59_45,Cam2012630,94103,7629,15130,0,1,unknown,unknown,general_model/courtship_V2/train,red_data_unified_V3/train,train,train,train,/mmfs1/gscratch/portia/eabe/data/Johnson_lab/red_data/general_model/courtship_V2/train/2026_03_09_14_39_40/Cam2012630/Frame_94103.jpg,/mmfs1/gscratch/portia/eabe/data/Johnson_lab/red_data/red_data_unified_V3/train/2026_04_08_14_59_45/Cam2012630/Frame_94103.jpg,T3R_TaT3=11.40px; T2R_TaT3=11.18px; T3L_TaT3=9.43px; WingR_base=9.43px; T1L_TaT3=8.94px,,,
11.402,8.035,1.909,0.0,18,50,619d447e62df8938e3a52d50891f654e,1.0,2026_03_09_14_39_40,2026_04_08_14_59_45,Cam2012631,149512,8753,15852,0,1,unknown,unknown,general_model/courtship_V2/train,red_data_unified_V3/train,train,train,train,/mmfs1/gscratch/portia/eabe/data/Johnson_lab/red_data/general_model/courtship_V2/train/2026_03_09_14_39_40/Cam2012631/Frame_149512.jpg,/mmfs1/gscratch/portia/eabe/data/Johnson_lab/red_data/red_data_unified_V3/train/2026_04_08_14_59_45/Cam2012631/Frame_149512.jpg,T1R_ThxCx=11.40px; Scutellum=11.05px; T3L_TaT3=9.43px; T1R_TiTa=6.32px; T3R_TaT3=6.32px,,,
11.402,9.367,1.974,0.0,18,50,55f786d285e74aaa92f6fcd7d30afee9,0.9943,2026_03_09_14_39_40,2026_04_08_14_59_45,Cam2012857,149754,9148,16357,0,1,unknown,unknown,general_model/courtship_V2/train,red_data_unified_V3/train,train,train,train,/mmfs1/gscratch/portia/eabe/data/Johnson_lab/red_data/general_model/courtship_V2/train/2026_03_09_14_39_40/Cam2012857/Frame_149754.jpg,/mmfs1/gscratch/portia/eabe/data/Johnson_lab/red_data/red_data_unified_V3/train/2026_04_08_14_59_45/Cam2012857/Frame_149754.jpg,T3L_TaT3=11.40px; T1R_ThxCx=10.00px; T1L_TaT3=9.49px; WingL_base=9.22px; T3R_TaT3=7.62px,,,
11.402,9.398,1.97,0.0,17,50,50911f4a237a3e65d8086ca6928ff085,0.9966,2026_03_09_14_39_40,2026_04_08_14_59_45,Cam2012861,149754,9149,16358,0,1,unknown,unknown,general_model/courtship_V2/train,red_data_unified_V3/train,train,train,train,/mmfs1/gscratch/portia/eabe/data/Johnson_lab/red_data/general_model/courtship_V2/train/2026_03_09_14_39_40/Cam2012861/Frame_149754.jpg,/mmfs1/gscratch/portia/eabe/data/Johnson_lab/red_data/red_data_unified_V3/train/2026_04_08_14_59_45/Cam2012861/Frame_149754.jpg,T3L_TaT3=11.40px; T1R_TaT3=10.20px; T1R_ThxCx=10.05px; WingL_base=8.60px; T1L_TaT3=8.54px,,,
11.402,9.434,1.879,0.0,15,50,b7eef7ae686326bcd0bc67ba356ae8a7,1.0,2026_03_09_14_39_40,2026_04_08_14_59_45,Cam2012861,149520,8771,15884,0,1,unknown,unknown,general_model/courtship_V2/train,red_data_unified_V3/train,train,train,train,/mmfs1/gscratch/portia/eabe/data/Johnson_lab/red_data/general_model/courtship_V2/train/2026_03_09_14_39_40/Cam2012861/Frame_149520.jpg,/mmfs1/gscratch/portia/eabe/data/Johnson_lab/red_data/red_data_unified_V3/train/2026_04_08_14_59_45/Cam2012861/Frame_149520.jpg,T1L_ThxCx=11.40px; T3L_TaT3=11.40px; T1L_TaT3=9.43px; T3R_TaT3=9.43px; EyeL=9.06px,,,
11.402,7.616,1.482,0.0,15,50,50bdccd9e35e88931cd3a385987b281f,0.9995,2026_03_09_14_39_40,2026_04_08_14_59_45,Cam2012862,149732,9108,16347,0,1,unknown,unknown,general_model/courtship_V2/train,red_data_unified_V3/train,train,train,train,/mmfs1/gscratch/portia/eabe/data/Johnson_lab/red_data/general_model/courtship_V2/train/2026_03_09_14_39_40/Cam2012862/Frame_149732.jpg,/mmfs1/gscratch/portia/eabe/data/Johnson_lab/red_data/red_data_unified_V3/train/2026_04_08_14_59_45/Cam2012862/Frame_149732.jpg,T3L_TaT3=11.40px; T1L_TaT3=8.60px; T2L_TaT3=8.06px; T2R_TaT3=7.07px; T1R_ThxCx=7.00px,,,
11.402,7.613,1.517,0.0,14,50,5b65f6488fafb076d1276e9048633a34,1.0,2026_03_09_14_39_40,2026_04_08_14_59_45,Cam2012861,149766,9170,16394,0,1,unknown,unknown,general_model/courtship_V2/train,red_data_unified_V3/train,train,train,train,/mmfs1/gscratch/portia/eabe/data/Johnson_lab/red_data/general_model/courtship_V2/train/2026_03_09_14_39_40/Cam2012861/Frame_149766.jpg,/mmfs1/gscratch/portia/eabe/data/Johnson_lab/red_data/red_data_unified_V3/train/2026_04_08_14_59_45/Cam2012861/Frame_149766.jpg,T3L_TaT3=11.40px; T2L_TaT3=9.06px; T1L_TaT3=8.60px; Scutellum=6.40px; T1R_TaT3=6.32px,,,
11.402,5.64,1.131,0.0,13,50,6aa3d4f7523bb9b116d3d4541a8a660d,0.9919,2026_03_09_14_39_40,2026_04_08_14_59_45,Cam2012631,227915,9796,17079,0,1,unknown,unknown,general_model/courtship_V2/train,red_data_unified_V3/train,train,train,train,/mmfs1/gscratch/portia/eabe/data/Johnson_lab/red_data/general_model/courtship_V2/train/2026_03_09_14_39_40/Cam2012631/Frame_227915.jpg,/mmfs1/gscratch/portia/eabe/data/Johnson_lab/red_data/red_data_unified_V3/train/2026_04_08_14_59_45/Cam2012631/Frame_227915.jpg,Antenna_Base=11.40px; T2R_TaT3=9.22px; T3R_TaT3=6.08px; T1L_TaT3=5.10px; T3L_TaT3=5.00px,,,
11.402,7.645,1.446,0.0,12,50,095781c1c94ec917870ac44928190fb2,0.9941,2026_03_09_14_39_40,2026_04_08_14_59_45,Cam2012631,149548,8816,15964,0,1,unknown,unknown,general_model/courtship_V2/train,red_data_unified_V3/train,train,train,train,/mmfs1/gscratch/portia/eabe/data/Johnson_lab/red_data/general_model/courtship_V2/train/2026_03_09_14_39_40/Cam2012631/Frame_149548.jpg,/mmfs1/gscratch/portia/eabe/data/Johnson_lab/red_data/red_data_unified_V3/train/2026_04_08_14_59_45/Cam2012631/Frame_149548.jpg,Scutellum=11.40px; T3L_TaT3=9.85px; T3R_TaT3=8.00px; T1L_TaT3=7.21px; T1R_TaT3=6.71px,,,
11.402,6.259,1.116,0.0,11,50,8d3848df5c61f82df85d2b6f61b9c137,0.9977,2026_03_09_14_39_40,2026_04_08_14_59_45,Cam2012862,149365,8539,15479,0,1,unknown,unknown,general_model/courtship_V2/train,red_data_unified_V3/train,train,train,train,/mmfs1/gscratch/portia/eabe/data/Johnson_lab/red_data/general_model/courtship_V2/train/2026_03_09_14_39_40/Cam2012862/Frame_149365.jpg,/mmfs1/gscratch/portia/eabe/data/Johnson_lab/red_data/red_data_unified_V3/train/2026_04_08_14_59_45/Cam2012862/Frame_149365.jpg,T3R_TaT3=11.40px; T2L_TaT3=6.71px; T1L_TaT3=6.40px; T2R_TaT3=6.08px; T1R_TaT3=5.10px,,,
11.402,8.163,1.402,0.0,11,50,cbe268b1cb962ebcd4f29450d202e2e6,1.0,2026_03_09_14_39_40,2026_04_07_11_33_33,Cam2012855,149377,8557,14771,0,0,unknown,unknown,general_model/courtship_V2/train,red_data_unified_V3/val,train,val,train,/mmfs1/gscratch/portia/eabe/data/Johnson_lab/red_data/general_model/courtship_V2/train/2026_03_09_14_39_40/Cam2012855/Frame_149377.jpg,/mmfs1/gscratch/portia/eabe/data/Johnson_lab/red_data/red_data_unified_V3/val/2026_04_07_11_33_33/Cam2012855/Frame_149377.jpg,T1R_ThxCx=11.40px; T1L_ThxCx=10.77px; T1R_TaT3=8.25px; T3R_TaT3=8.06px; T1L_TaT3=6.32px,,,
11.402,8.825,1.473,0.0,11,50,b4d2054d71d912203ad110fa06d91e9b,1.0,2026_03_09_14_39_40,2026_04_07_11_33_33,Cam2012857,149377,8558,14772,0,0,unknown,unknown,general_model/courtship_V2/train,red_data_unified_V3/val,train,val,train,/mmfs1/gscratch/portia/eabe/data/Johnson_lab/red_data/general_model/courtship_V2/train/2026_03_09_14_39_40/Cam2012857/Frame_149377.jpg,/mmfs1/gscratch/portia/eabe/data/Johnson_lab/red_data/red_data_unified_V3/val/2026_04_07_11_33_33/Cam2012857/Frame_149377.jpg,T1L_ThxCx=11.40px; T1R_ThxCx=11.40px; T1R_TaT3=9.06px; T3R_TaT3=8.54px; T1L_TaT3=8.06px,,,
11.402,7.949,1.212,0.0,11,50,2378e28cd8a0bffba2df06aa04d1ba1b,1.0,2026_03_09_14_39_40,2026_04_08_14_59_45,Cam2012853,149705,9055,16293,0,1,unknown,unknown,general_model/courtship_V2/train,red_data_unified_V3/train,train,train,train,/mmfs1/gscratch/portia/eabe/data/Johnson_lab/red_data/general_model/courtship_V2/train/2026_03_09_14_39_40/Cam2012853/Frame_149705.jpg,/mmfs1/gscratch/portia/eabe/data/Johnson_lab/red_data/red_data_unified_V3/train/2026_04_08_14_59_45/Cam2012853/Frame_149705.jpg,T2L_TaT3=11.40px; T3R_TaT3=9.43px; T2R_TaT3=8.06px; T1R_TaT3=7.81px; T3L_TaT3=7.28px,,,
11.402,8.221,1.179,0.0,11,50,2598cbe31cfd3612561150e9112286d7,1.0,2026_03_09_14_39_40,2026_04_07_11_33_33,Cam2012862,227727,9612,14953,0,0,unknown,unknown,general_model/courtship_V2/train,red_data_unified_V3/val,train,val,train,/mmfs1/gscratch/portia/eabe/data/Johnson_lab/red_data/general_model/courtship_V2/train/2026_03_09_14_39_40/Cam2012862/Frame_227727.jpg,/mmfs1/gscratch/portia/eabe/data/Johnson_lab/red_data/red_data_unified_V3/val/2026_04_07_11_33_33/Cam2012862/Frame_227727.jpg,T2R_TaT3=11.40px; T1R_TaT3=10.00px; T3R_TaT3=9.22px; T2L_TaT3=7.00px; T3L_TaT3=5.39px,,,
11.314,9.649,2.978,1.414,32,50,ad17b27f83d8ba7035e5f606afcfbc14,0.9697,2026_03_09_14_39_40,2026_04_08_14_59_45,Cam2012861,415223,10571,17902,0,1,unknown,unknown,general_model/courtship_V2/train,red_data_unified_V3/train,train,train,val,/mmfs1/gscratch/portia/eabe/data/Johnson_lab/red_data/general_model/courtship_V2/train/2026_03_09_14_39_40/Cam2012861/Frame_415223.jpg,/mmfs1/gscratch/portia/eabe/data/Johnson_lab/red_data/red_data_unified_V3/train/2026_04_08_14_59_45/Cam2012861/Frame_415223.jpg,Scutellum=11.31px; WingR_base=10.63px; T3R_TaT3=10.00px; EyeR=9.22px; T1R_ThxCx=9.00px,,,
11.314,9.877,3.022,1.707,30,50,91d5b03d22a3ed653587a24cb3abcc92,0.966,2026_03_09_14_39_40,2026_04_08_14_59_45,Cam2012857,415223,10570,17901,0,1,unknown,unknown,general_model/courtship_V2/train,red_data_unified_V3/train,train,train,val,/mmfs1/gscratch/portia/eabe/data/Johnson_lab/red_data/general_model/courtship_V2/train/2026_03_09_14_39_40/Cam2012857/Frame_415223.jpg,/mmfs1/gscratch/portia/eabe/data/Johnson_lab/red_data/red_data_unified_V3/train/2026_04_08_14_59_45/Cam2012857/Frame_415223.jpg,Scutellum=11.31px; WingR_base=9.90px; T3R_TaT3=9.90px; T3L_TaT3=9.85px; EyeR=9.22px,,,
11.314,7.465,2.327,1.0,29,50,e95199df18418cb8f6accdda4921df0a,0.9925,2026_03_09_14_39_40,2026_04_07_11_33_33,Cam2012861,94111,7648,14745,0,0,unknown,unknown,general_model/courtship_V2/train,red_data_unified_V3/val,train,val,train,/mmfs1/gscratch/portia/eabe/data/Johnson_lab/red_data/general_model/courtship_V2/train/2026_03_09_14_39_40/Cam2012861/Frame_94111.jpg,/mmfs1/gscratch/portia/eabe/data/Johnson_lab/red_data/red_data_unified_V3/val/2026_04_07_11_33_33/Cam2012861/Frame_94111.jpg,WingR_base=11.31px; T3R_TaT3=10.63px; T1R_TaT3=7.62px; T3L_TaT3=7.28px; T2R_TaT3=7.07px,,,
11.314,8.214,1.764,0.0,23,50,e104dff210b6509a65aebce0dcf3f99c,0.9925,2026_03_09_14_39_40,2026_04_08_14_59_45,Cam2012853,94128,7701,15216,0,1,unknown,unknown,general_model/courtship_V2/train,red_data_unified_V3/train,train,train,train,/mmfs1/gscratch/portia/eabe/data/Johnson_lab/red_data/general_model/courtship_V2/train/2026_03_09_14_39_40/Cam2012853/Frame_94128.jpg,/mmfs1/gscratch/portia/eabe/data/Johnson_lab/red_data/red_data_unified_V3/train/2026_04_08_14_59_45/Cam2012853/Frame_94128.jpg,WingR_base=11.31px; T2L_TaT3=9.06px; T1R_TaT3=8.54px; T1L_TaT3=7.81px; T3L_TaT3=7.21px,,,
11.314,7.417,1.194,0.0,10,50,9edb2217f2e7856fd08050dc13d187f4,0.9999,2026_03_09_14_39_40,2026_04_08_14_59_45,Cam2012630,149365,8533,15473,0,1,unknown,unknown,general_model/courtship_V2/train,red_data_unified_V3/train,train,train,train,/mmfs1/gscratch/portia/eabe/data/Johnson_lab/red_data/general_model/courtship_V2/train/2026_03_09_14_39_40/Cam2012630/Frame_149365.jpg,/mmfs1/gscratch/portia/eabe/data/Johnson_lab/red_data/red_data_unified_V3/train/2026_04_08_14_59_45/Cam2012630/Frame_149365.jpg,T3R_TaT3=11.31px; T2L_TaT3=8.54px; T2R_TaT3=8.25px; T1L_TaT3=6.40px; T1R_TaT3=6.32px,,,
11.18,7.651,3.287,3.0,44,47,ac845845fc024e204dac54a6cb7d2971,0.9695,2026_06_09_15_38_35,2026_06_10_15_05_02,Cam2012630,13912,23878,24102,0,0,unknown,unknown,general_model/headless_56_42/train,general_model/headless_56_42_1/train,train,train,-,/mmfs1/gscratch/portia/eabe/data/Johnson_lab/red_data/general_model/headless_56_42/train/2026_06_09_15_38_35/Cam2012630/Frame_13912.jpg,/mmfs1/gscratch/portia/eabe/data/Johnson_lab/red_data/general_model/headless_56_42_1/train/2026_06_10_15_05_02/Cam2012630/Frame_13912.jpg,T2R_Tro=11.18px; T3R_TaT3=8.25px; WingL_V13=7.81px; T3R_TaT1=7.28px; T3R_TiTa=6.40px,,,
11.18,8.182,2.745,2.0,36,50,f8c4bef0b5ca7a36f7ccdd067d90b0fb,0.9849,2026_03_09_14_39_40,2026_04_08_14_59_45,Cam2012853,94179,7778,15335,0,1,unknown,unknown,general_model/courtship_V2/train,red_data_unified_V3/train,train,train,train,/mmfs1/gscratch/portia/eabe/data/Johnson_lab/red_data/general_model/courtship_V2/train/2026_03_09_14_39_40/Cam2012853/Frame_94179.jpg,/mmfs1/gscratch/portia/eabe/data/Johnson_lab/red_data/red_data_unified_V3/train/2026_04_08_14_59_45/Cam2012853/Frame_94179.jpg,Scutellum=11.18px; T1R_Tro=10.05px; T3L_TaT3=8.49px; Abd_A4=7.81px; T2L_TaT3=7.28px,,,
11.18,9.525,2.758,1.414,33,50,83708f299fe77590ee44aa66f3050097,0.986,2026_03_09_14_39_40,2026_04_08_14_59_45,Cam2012853,94150,7757,15300,0,1,unknown,unknown,general_model/courtship_V2/train,red_data_unified_V3/train,train,train,train,/mmfs1/gscratch/portia/eabe/data/Johnson_lab/red_data/general_model/courtship_V2/train/2026_03_09_14_39_40/Cam2012853/Frame_94150.jpg,/mmfs1/gscratch/portia/eabe/data/Johnson_lab/red_data/red_data_unified_V3/train/2026_04_08_14_59_45/Cam2012853/Frame_94150.jpg,T2L_Tro=11.18px; Scutellum=10.63px; T2R_Tro=10.00px; T3L_Tro=8.94px; T3L_TaT3=8.60px,,,
11.18,9.769,2.46,1.0,26,50,ad0e070ccb065cd5e0951fa9d64bf6c9,0.9831,2026_03_09_14_39_40,2026_04_08_14_59_45,Cam2012862,415225,10586,17931,0,1,unknown,unknown,general_model/courtship_V2/val,red_data_unified_V3/train,train,train,val,/mmfs1/gscratch/portia/eabe/data/Johnson_lab/red_data/general_model/courtship_V2/val/2026_03_09_14_39_40/Cam2012862/Frame_415225.jpg,/mmfs1/gscratch/portia/eabe/data/Johnson_lab/red_data/red_data_unified_V3/train/2026_04_08_14_59_45/Cam2012862/Frame_415225.jpg,WingL_base=11.18px; EyeL=10.00px; WingR_base=10.00px; T3L_TaT3=9.49px; T3R_TaT3=8.94px,,,
11.18,6.735,1.73,0.5,25,50,d377a22198efc270534c94e895f8059c,0.9861,2026_03_09_14_39_40,2026_04_08_14_59_45,Cam2012630,94120,7685,15186,0,1,unknown,unknown,general_model/courtship_V2/train,red_data_unified_V3/train,train,train,train,/mmfs1/gscratch/portia/eabe/data/Johnson_lab/red_data/general_model/courtship_V2/train/2026_03_09_14_39_40/Cam2012630/Frame_94120.jpg,/mmfs1/gscratch/portia/eabe/data/Johnson_lab/red_data/red_data_unified_V3/train/2026_04_08_14_59_45/Cam2012630/Frame_94120.jpg,T2R_TaT3=11.18px; T3R_TaT3=7.21px; T2R_Tro=7.07px; T2L_TaT3=6.32px; T1R_TaT3=6.08px,,,
11.18,9.854,2.124,0.5,25,50,856fdcc068e750ad96a48eb2f531d4c4,0.9768,2026_03_09_14_39_40,2026_04_07_11_33_33,Cam2012862,415199,10523,15088,0,0,unknown,unknown,general_model/courtship_V2/train,red_data_unified_V3/val,train,val,val,/mmfs1/gscratch/portia/eabe/data/Johnson_lab/red_data/general_model/courtship_V2/train/2026_03_09_14_39_40/Cam2012862/Frame_415199.jpg,/mmfs1/gscratch/portia/eabe/data/Johnson_lab/red_data/red_data_unified_V3/val/2026_04_07_11_33_33/Cam2012862/Frame_415199.jpg,T3L_TaT3=11.18px; T2R_TaT3=11.18px; WingL_base=10.20px; T3R_TaT3=9.43px; WingR_base=8.54px,,,
11.18,6.067,1.62,0.0,24,50,2a3e607ba8287c39266b821228ae1431,0.9967,2026_03_09_14_39_40,2026_04_08_14_59_45,Cam2012630,94124,7692,15200,0,1,unknown,unknown,general_model/courtship_V2/train,red_data_unified_V3/train,train,train,train,/mmfs1/gscratch/portia/eabe/data/Johnson_lab/red_data/general_model/courtship_V2/train/2026_03_09_14_39_40/Cam2012630/Frame_94124.jpg,/mmfs1/gscratch/portia/eabe/data/Johnson_lab/red_data/red_data_unified_V3/train/2026_04_08_14_59_45/Cam2012630/Frame_94124.jpg,T2R_TaT3=11.18px; WingR_base=10.82px; T3L_TaT3=6.40px; T3R_TaT3=5.66px; T1R_TaT3=5.10px,,,
11.18,7.938,1.817,0.0,23,50,f8c730bd2f5f9567e2b2ee039627f412,0.9534,2026_03_09_14_39_40,2026_04_08_14_59_45,Cam2012857,94128,7703,15218,0,1,unknown,unknown,general_model/courtship_V2/train,red_data_unified_V3/train,train,train,train,/mmfs1/gscratch/portia/eabe/data/Johnson_lab/red_data/general_model/courtship_V2/train/2026_03_09_14_39_40/Cam2012857/Frame_94128.jpg,/mmfs1/gscratch/portia/eabe/data/Johnson_lab/red_data/red_data_unified_V3/train/2026_04_08_14_59_45/Cam2012857/Frame_94128.jpg,T3R_TaT3=11.18px; T1R_TaT3=9.49px; WingR_base=8.94px; T1L_TaT3=6.71px; T3L_TaT3=6.71px,,,
11.18,7.938,1.746,0.0,23,50,541d92f3c31e772eefc7a9b0b13fbfc1,0.9537,2026_03_09_14_39_40,2026_04_08_14_59_45,Cam2012861,94128,7704,15219,0,1,unknown,unknown,general_model/courtship_V2/train,red_data_unified_V3/train,train,train,train,/mmfs1/gscratch/portia/eabe/data/Johnson_lab/red_data/general_model/courtship_V2/train/2026_03_09_14_39_40/Cam2012861/Frame_94128.jpg,/mmfs1/gscratch/portia/eabe/data/Johnson_lab/red_data/red_data_unified_V3/train/2026_04_08_14_59_45/Cam2012861/Frame_94128.jpg,T3R_TaT3=11.18px; WingR_base=9.49px; T1R_TaT3=8.94px; T1L_TaT3=6.71px; T3L_TaT3=6.71px,,,
11.18,7.949,1.883,0.0,17,50,e4526008475081d9097a1a62233eb507,1.0,2026_03_09_14_39_40,2026_04_07_11_33_33,Cam2012857,149728,9099,14837,0,0,unknown,unknown,general_model/courtship_V2/train,red_data_unified_V3/val,train,val,train,/mmfs1/gscratch/portia/eabe/data/Johnson_lab/red_data/general_model/courtship_V2/train/2026_03_09_14_39_40/Cam2012857/Frame_149728.jpg,/mmfs1/gscratch/portia/eabe/data/Johnson_lab/red_data/red_data_unified_V3/val/2026_04_07_11_33_33/Cam2012857/Frame_149728.jpg,T3L_TaT3=11.18px; Scutellum=9.06px; T1R_ThxCx=8.06px; T3R_TaT3=7.81px; T2L_TaT3=7.07px,,,
11.18,8.955,1.746,0.0,16,50,82be9a8802e57d113a45cc00ca37ec9b,1.0,2026_03_09_14_39_40,2026_04_08_14_59_45,Cam2012855,149552,8825,15980,0,1,unknown,unknown,general_model/courtship_V2/train,red_data_unified_V3/train,train,train,train,/mmfs1/gscratch/portia/eabe/data/Johnson_lab/red_data/general_model/courtship_V2/train/2026_03_09_14_39_40/Cam2012855/Frame_149552.jpg,/mmfs1/gscratch/portia/eabe/data/Johnson_lab/red_data/red_data_unified_V3/train/2026_04_08_14_59_45/Cam2012855/Frame_149552.jpg,T1R_TaT3=11.18px; WingR_base=11.05px; T3L_TaT3=10.05px; WingL_base=7.62px; EyeL=7.00px,,,
11.18,9.345,1.853,0.0,15,50,c43ffaae15e12eaf9fd5a5cca8986d0a,1.0,2026_03_09_14_39_40,2026_04_08_14_59_45,Cam2012855,149520,8769,15882,0,1,unknown,unknown,general_model/courtship_V2/train,red_data_unified_V3/train,train,train,train,/mmfs1/gscratch/portia/eabe/data/Johnson_lab/red_data/general_model/courtship_V2/train/2026_03_09_14_39_40/Cam2012855/Frame_149520.jpg,/mmfs1/gscratch/portia/eabe/data/Johnson_lab/red_data/red_data_unified_V3/train/2026_04_08_14_59_45/Cam2012855/Frame_149520.jpg,T3L_TaT3=11.18px; T1L_ThxCx=10.44px; T3R_TaT3=10.00px; T1L_TaT3=8.54px; EyeL=8.06px,,,
11.18,7.171,1.423,0.0,15,50,6d9e53ef1bb68789275988a7c2968575,1.0,2026_03_09_14_39_40,2026_04_08_14_59_45,Cam2012853,149572,8859,16035,0,1,unknown,unknown,general_model/courtship_V2/val,red_data_unified_V3/train,train,train,train,/mmfs1/gscratch/portia/eabe/data/Johnson_lab/red_data/general_model/courtship_V2/val/2026_03_09_14_39_40/Cam2012853/Frame_149572.jpg,/mmfs1/gscratch/portia/eabe/data/Johnson_lab/red_data/red_data_unified_V3/train/2026_04_08_14_59_45/Cam2012853/Frame_149572.jpg,T2L_Tro=11.18px; T1R_TiTa=9.85px; T3R_Tro=8.06px; T2R_TaT3=6.08px; WingR_base=6.00px,,,
11.18,7.039,1.232,0.0,15,50,8a75d39f1eabce16fe9bce9c9237743e,0.9978,2026_03_09_14_39_40,2026_04_08_14_59_45,Cam2012853,149732,9104,16343,0,1,unknown,unknown,general_model/courtship_V2/train,red_data_unified_V3/train,train,train,train,/mmfs1/gscratch/portia/eabe/data/Johnson_lab/red_data/general_model/courtship_V2/train/2026_03_09_14_39_40/Cam2012853/Frame_149732.jpg,/mmfs1/gscratch/portia/eabe/data/Johnson_lab/red_data/red_data_unified_V3/train/2026_04_08_14_59_45/Cam2012853/Frame_149732.jpg,T3L_TaT3=11.18px; T1R_TaT3=7.28px; T2R_TaT3=7.07px; T1R_ThxCx=7.00px; T1L_TaT1=5.83px,,,
11.18,5.054,1.186,0.0,15,50,ee069d537f1573cfec360b69809bea20,1.0,2026_03_09_14_39_40,2026_04_07_11_33_33,Cam2012631,227900,9775,14991,0,0,unknown,unknown,general_model/courtship_V2/train,red_data_unified_V3/val,train,val,train,/mmfs1/gscratch/portia/eabe/data/Johnson_lab/red_data/general_model/courtship_V2/train/2026_03_09_14_39_40/Cam2012631/Frame_227900.jpg,/mmfs1/gscratch/portia/eabe/data/Johnson_lab/red_data/red_data_unified_V3/val/2026_04_07_11_33_33/Cam2012631/Frame_227900.jpg,Antenna_Base=11.18px; Scutellum=8.06px; T3L_TaT3=5.10px; T1L_TaT3=5.00px; WingR_V12=4.47px,,,
11.18,7.446,1.492,0.0,14,50,da0af4f9693696de0128dc69507205ce,1.0,2026_03_09_14_39_40,2026_04_07_11_33_33,Cam2012861,149528,8785,14801,0,0,unknown,unknown,general_model/courtship_V2/train,red_data_unified_V3/val,train,val,train,/mmfs1/gscratch/portia/eabe/data/Johnson_lab/red_data/general_model/courtship_V2/train/2026_03_09_14_39_40/Cam2012861/Frame_149528.jpg,/mmfs1/gscratch/portia/eabe/data/Johnson_lab/red_data/red_data_unified_V3/val/2026_04_07_11_33_33/Cam2012861/Frame_149528.jpg,T3R_TaT3=11.18px; T2R_Tro=8.25px; T3L_TaT3=7.81px; T2L_TaT1=7.00px; Scutellum=6.40px,,,
11.18,6.216,1.299,0.0,13,50,9b5de9fe9fcc75f563460b83f6aad4cb,1.0,2026_03_09_14_39_40,2026_04_08_14_59_45,Cam2012857,149393,8572,15554,0,1,unknown,unknown,general_model/courtship_V2/train,red_data_unified_V3/train,train,train,train,/mmfs1/gscratch/portia/eabe/data/Johnson_lab/red_data/general_model/courtship_V2/train/2026_03_09_14_39_40/Cam2012857/Frame_149393.jpg,/mmfs1/gscratch/portia/eabe/data/Johnson_lab/red_data/red_data_unified_V3/train/2026_04_08_14_59_45/Cam2012857/Frame_149393.jpg,T1R_ThxCx=11.18px; T1R_TaT1=7.21px; T3L_TaT3=6.32px; T1R_TaT3=6.08px; T3L_Tro=6.00px,,,
11.18,6.571,1.312,0.0,13,50,97505d7628ebfbc72cadb05c553be8e9,1.0,2026_03_09_14_39_40,2026_04_08_14_59_45,Cam2012861,149393,8573,15555,0,1,unknown,unknown,general_model/courtship_V2/train,red_data_unified_V3/train,train,train,train,/mmfs1/gscratch/portia/eabe/data/Johnson_lab/red_data/general_model/courtship_V2/train/2026_03_09_14_39_40/Cam2012861/Frame_149393.jpg,/mmfs1/gscratch/portia/eabe/data/Johnson_lab/red_data/red_data_unified_V3/train/2026_04_08_14_59_45/Cam2012861/Frame_149393.jpg,T1R_ThxCx=11.18px; T1R_TaT1=7.21px; T3L_TaT3=6.71px; T3R_TaT3=6.40px; T1R_TaT3=6.08px,,,
11.18,6.39,1.311,0.0,12,50,a090d4a615dbe88fd078be960331391c,1.0,2026_03_09_14_39_40,2026_04_08_14_59_45,Cam2012853,149484,8719,15783,0,1,unknown,unknown,general_model/courtship_V2/train,red_data_unified_V3/train,train,train,train,/mmfs1/gscratch/portia/eabe/data/Johnson_lab/red_data/general_model/courtship_V2/train/2026_03_09_14_39_40/Cam2012853/Frame_149484.jpg,/mmfs1/gscratch/portia/eabe/data/Johnson_lab/red_data/red_data_unified_V3/train/2026_04_08_14_59_45/Cam2012853/Frame_149484.jpg,WingL_base=11.18px; T1L_ThxCx=7.07px; T3R_TaT3=6.71px; T2R_TaT3=6.00px; T1R_ThxCx=5.39px,,,
11.045,7.811,2.602,1.825,30,50,56a124f53be7cdf1a91085d1d0dcd0b7,0.9693,2026_03_09_14_39_40,2026_04_08_14_59_45,Cam2012631,415228,10602,17954,0,1,unknown,unknown,general_model/courtship_V2/train,red_data_unified_V3/train,train,train,val,/mmfs1/gscratch/portia/eabe/data/Johnson_lab/red_data/general_model/courtship_V2/train/2026_03_09_14_39_40/Cam2012631/Frame_415228.jpg,/mmfs1/gscratch/portia/eabe/data/Johnson_lab/red_data/red_data_unified_V3/train/2026_04_08_14_59_45/Cam2012631/Frame_415228.jpg,T2L_Tro=11.05px; T3R_TaT3=8.94px; T3L_TaT3=8.25px; WingR_base=7.28px; Scutellum=7.07px,,,
11.045,9.371,2.035,0.5,25,50,08d6952cda55e3a9107dc5b2f6fbbe23,0.9883,2026_03_09_14_39_40,2026_04_08_14_59_45,Cam2012853,415197,10512,17819,0,1,unknown,unknown,general_model/courtship_V2/train,red_data_unified_V3/train,train,train,val,/mmfs1/gscratch/portia/eabe/data/Johnson_lab/red_data/general_model/courtship_V2/train/2026_03_09_14_39_40/Cam2012853/Frame_415197.jpg,/mmfs1/gscratch/portia/eabe/data/Johnson_lab/red_data/red_data_unified_V3/train/2026_04_08_14_59_45/Cam2012853/Frame_415197.jpg,T2L_TaT3=11.05px; T3L_TaT3=10.30px; WingR_base=10.00px; T1L_TaT3=8.60px; T1R_TaT3=8.06px,,,
11.045,8.576,2.165,0.0,24,50,ea337539c19605d9aa350b6cd820940f,0.9951,2026_03_09_14_39_40,2026_04_08_14_59_45,Cam2012862,415230,10621,17973,0,1,unknown,unknown,general_model/courtship_V2/train,red_data_unified_V3/train,train,train,val,/mmfs1/gscratch/portia/eabe/data/Johnson_lab/red_data/general_model/courtship_V2/train/2026_03_09_14_39_40/Cam2012862/Frame_415230.jpg,/mmfs1/gscratch/portia/eabe/data/Johnson_lab/red_data/red_data_unified_V3/train/2026_04_08_14_59_45/Cam2012862/Frame_415230.jpg,T2L_Tro=11.05px; T3R_Tro=9.49px; T3L_TaT3=8.60px; WingL_base=8.54px; WingR_base=8.54px,,,
11.045,8.599,1.903,0.0,19,50,dae961abbd95f7de89fd494f814e535f,1.0,2026_03_09_14_39_40,2026_04_08_14_59_45,Cam2012861,149758,9156,16370,0,1,unknown,unknown,general_model/courtship_V2/train,red_data_unified_V3/train,train,train,train,/mmfs1/gscratch/portia/eabe/data/Johnson_lab/red_data/general_model/courtship_V2/train/2026_03_09_14_39_40/Cam2012861/Frame_149758.jpg,/mmfs1/gscratch/portia/eabe/data/Johnson_lab/red_data/red_data_unified_V3/train/2026_04_08_14_59_45/Cam2012861/Frame_149758.jpg,T3L_TaT3=11.05px; Scutellum=9.85px; T1L_TaT3=9.85px; T1L_ThxCx=7.07px; T2L_TaT3=7.07px,,,
11.045,7.207,1.709,0.0,18,50,317e5305826fce1f55505c46a4ee07d2,1.0,2026_03_09_14_39_40,2026_04_08_14_59_45,Cam2012862,149512,8758,15857,0,1,unknown,unknown,general_model/courtship_V2/train,red_data_unified_V3/train,train,train,train,/mmfs1/gscratch/portia/eabe/data/Johnson_lab/red_data/general_model/courtship_V2/train/2026_03_09_14_39_40/Cam2012862/Frame_149512.jpg,/mmfs1/gscratch/portia/eabe/data/Johnson_lab/red_data/red_data_unified_V3/train/2026_04_08_14_59_45/Cam2012862/Frame_149512.jpg,Scutellum=11.05px; T3L_TaT3=8.94px; T1R_ThxCx=7.62px; T2R_TaT3=6.71px; T2L_TaT3=6.08px,,,
11.045,7.949,1.475,0.0,12,50,a7a0d554ee772a275f7482ebc9a79f1c,1.0,2026_03_09_14_39_40,2026_04_08_14_59_45,Cam2012857,149363,8530,15463,0,1,unknown,unknown,general_model/courtship_V2/train,red_data_unified_V3/train,train,train,train,/mmfs1/gscratch/portia/eabe/data/Johnson_lab/red_data/general_model/courtship_V2/train/2026_03_09_14_39_40/Cam2012857/Frame_149363.jpg,/mmfs1/gscratch/portia/eabe/data/Johnson_lab/red_data/red_data_unified_V3/train/2026_04_08_14_59_45/Cam2012857/Frame_149363.jpg,Antenna_Base=11.05px; T1L_TaT3=8.25px; T3L_TaT3=8.06px; T2L_TaT3=7.81px; Scutellum=7.62px,,,
11.045,9.22,1.587,0.0,11,50,c4be97ee505309ee941ba00fbb6543a1,1.0,2026_03_09_14_39_40,2026_04_08_14_59_45,Cam2012855,149540,8804,15938,0,1,unknown,unknown,general_model/courtship_V2/train,red_data_unified_V3/train,train,train,train,/mmfs1/gscratch/portia/eabe/data/Johnson_lab/red_data/general_model/courtship_V2/train/2026_03_09_14_39_40/Cam2012855/Frame_149540.jpg,/mmfs1/gscratch/portia/eabe/data/Johnson_lab/red_data/red_data_unified_V3/train/2026_04_08_14_59_45/Cam2012855/Frame_149540.jpg,T2L_TaT1=11.05px; T3R_TaT3=9.85px; T2L_TaT3=9.22px; T1R_TaT3=9.22px; T3L_TaT3=8.54px,,,
11.0,8.738,2.177,1.0,28,50,f86dd2814088feaff617c485a82a52bb,0.9958,2026_03_09_14_39_40,2026_04_08_14_59_45,Cam2012862,415167,10439,17728,0,1,unknown,unknown,general_model/courtship_V2/train,red_data_unified_V3/train,train,train,val,/mmfs1/gscratch/portia/eabe/data/Johnson_lab/red_data/general_model/courtship_V2/train/2026_03_09_14_39_40/Cam2012862/Frame_415167.jpg,/mmfs1/gscratch/portia/eabe/data/Johnson_lab/red_data/red_data_unified_V3/train/2026_04_08_14_59_45/Cam2012862/Frame_415167.jpg,T2R_TaT3=11.00px; WingL_base=10.00px; T1R_TaT3=8.94px; T3R_TaT3=8.49px; WingR_base=8.06px,,,
11.0,7.058,1.49,0.0,17,50,83d4af228e4c931257a238166870a73b,0.9979,2026_03_09_14_39_40,2026_04_08_14_59_45,Cam2012855,149732,9105,16344,0,1,unknown,unknown,general_model/courtship_V2/train,red_data_unified_V3/train,train,train,train,/mmfs1/gscratch/portia/eabe/data/Johnson_lab/red_data/general_model/courtship_V2/train/2026_03_09_14_39_40/Cam2012855/Frame_149732.jpg,/mmfs1/gscratch/portia/eabe/data/Johnson_lab/red_data/red_data_unified_V3/train/2026_04_08_14_59_45/Cam2012855/Frame_149732.jpg,T1R_ThxCx=11.00px; T3L_TaT3=10.05px; T1R_TaT3=8.06px; T1L_TaT3=5.83px; T3R_TaT3=5.83px,,,
11.0,5.406,1.123,0.0,16,50,462708d5a7b6dc7c2a197f2ff961094d,1.0,2026_03_09_14_39_40,2026_04_08_14_59_45,Cam2012862,149500,8737,15829,0,1,unknown,unknown,general_model/courtship_V2/val,red_data_unified_V3/train,train,train,train,/mmfs1/gscratch/portia/eabe/data/Johnson_lab/red_data/general_model/courtship_V2/val/2026_03_09_14_39_40/Cam2012862/Frame_149500.jpg,/mmfs1/gscratch/portia/eabe/data/Johnson_lab/red_data/red_data_unified_V3/train/2026_04_08_14_59_45/Cam2012862/Frame_149500.jpg,T2L_TaT3=11.00px; T3L_TaT3=7.81px; T1L_TaT3=5.66px; WingL_base=5.10px; T2L_TaT1=3.61px,,,
11.0,7.861,1.502,0.0,12,50,cc768292817f4245d25696c1681dd332,1.0,2026_03_09_14_39_40,2026_04_08_14_59_45,Cam2012861,149363,8531,15464,0,1,unknown,unknown,general_model/courtship_V2/train,red_data_unified_V3/train,train,train,train,/mmfs1/gscratch/portia/eabe/data/Johnson_lab/red_data/general_model/courtship_V2/train/2026_03_09_14_39_40/Cam2012861/Frame_149363.jpg,/mmfs1/gscratch/portia/eabe/data/Johnson_lab/red_data/red_data_unified_V3/train/2026_04_08_14_59_45/Cam2012861/Frame_149363.jpg,Antenna_Base=11.00px; T1L_TaT3=8.25px; Scutellum=8.06px; T3L_TaT3=7.62px; T2L_TaT3=7.07px,,,
11.0,3.0,0.552,0.0,7,50,abb858bc128a67822b767bcf834373e9,1.0,2026_03_09_14_39_40,2026_04_08_14_59_45,Cam2012857,227880,9750,17041,0,1,unknown,unknown,general_model/courtship_V2/val,red_data_unified_V3/train,train,train,train,/mmfs1/gscratch/portia/eabe/data/Johnson_lab/red_data/general_model/courtship_V2/val/2026_03_09_14_39_40/Cam2012857/Frame_227880.jpg,/mmfs1/gscratch/portia/eabe/data/Johnson_lab/red_data/red_data_unified_V3/train/2026_04_08_14_59_45/Cam2012857/Frame_227880.jpg,Antenna_Base=11.00px; T1L_TaT3=4.12px; T2R_TaT3=3.00px; T3R_TaT3=3.00px; T3L_TaT3=2.24px,,,
10.817,9.29,2.977,1.707,35,50,14b584dba25669db15c6c6c60be2850c,0.9918,2026_03_09_14_39_40,2026_04_08_14_59_45,Cam2012853,94154,7764,15321,0,1,unknown,unknown,general_model/courtship_V2/train,red_data_unified_V3/train,train,train,train,/mmfs1/gscratch/portia/eabe/data/Johnson_lab/red_data/general_model/courtship_V2/train/2026_03_09_14_39_40/Cam2012853/Frame_94154.jpg,/mmfs1/gscratch/portia/eabe/data/Johnson_lab/red_data/red_data_unified_V3/train/2026_04_08_14_59_45/Cam2012853/Frame_94154.jpg,Scutellum=10.82px; T3L_TaT3=10.00px; T1R_ThxCx=9.90px; T1L_ThxCx=8.54px; Abd_A4=8.25px,,,
10.817,9.999,2.484,1.207,30,50,2b42b26946ad3d345221f3604a6fc6e8,0.989,2026_03_09_14_39_40,2026_04_08_14_59_45,Cam2012862,94115,7663,15178,0,1,unknown,unknown,general_model/courtship_V2/train,red_data_unified_V3/train,train,train,train,/mmfs1/gscratch/portia/eabe/data/Johnson_lab/red_data/general_model/courtship_V2/train/2026_03_09_14_39_40/Cam2012862/Frame_94115.jpg,/mmfs1/gscratch/portia/eabe/data/Johnson_lab/red_data/red_data_unified_V3/train/2026_04_08_14_59_45/Cam2012862/Frame_94115.jpg,WingR_base=10.82px; T3R_TaT3=10.82px; T2R_TaT3=10.77px; T2L_Tro=9.06px; T3R_Tro=8.54px,,,
10.817,6.985,2.021,0.0,24,50,6408a9963e47cfe8c2989eb7b89439ca,0.9927,2026_03_09_14_39_40,2026_04_08_14_59_45,Cam2012861,94120,7690,15191,0,1,unknown,unknown,general_model/courtship_V2/train,red_data_unified_V3/train,train,train,train,/mmfs1/gscratch/portia/eabe/data/Johnson_lab/red_data/general_model/courtship_V2/train/2026_03_09_14_39_40/Cam2012861/Frame_94120.jpg,/mmfs1/gscratch/portia/eabe/data/Johnson_lab/red_data/red_data_unified_V3/train/2026_04_08_14_59_45/Cam2012861/Frame_94120.jpg,Abd_tip=10.82px; WingR_base=7.81px; T1R_TaT3=7.21px; T1R_ThxCx=6.71px; T3R_TaT3=6.40px,,,
10.817,8.41,1.81,0.0,23,50,3fe7d0376ca1d5fbe0487b2e98d923d9,0.9866,2026_03_09_14_39_40,2026_04_08_14_59_45,Cam2012630,415210,10545,17855,0,1,unknown,unknown,general_model/courtship_V2/train,red_data_unified_V3/train,train,train,val,/mmfs1/gscratch/portia/eabe/data/Johnson_lab/red_data/general_model/courtship_V2/train/2026_03_09_14_39_40/Cam2012630/Frame_415210.jpg,/mmfs1/gscratch/portia/eabe/data/Johnson_lab/red_data/red_data_unified_V3/train/2026_04_08_14_59_45/Cam2012630/Frame_415210.jpg,WingR_base=10.82px; T3R_TaT3=8.60px; T3L_TaT3=8.54px; T2L_TaT3=8.25px; T2R_FeTi=7.28px,,,
10.817,8.691,1.951,0.0,15,50,a3b97c45ca4cef8d730ecbd8cbd25c08,1.0,2026_03_09_14_39_40,2026_04_08_14_59_45,Cam2012857,149480,8714,15771,0,1,unknown,unknown,general_model/courtship_V2/train,red_data_unified_V3/train,train,train,train,/mmfs1/gscratch/portia/eabe/data/Johnson_lab/red_data/general_model/courtship_V2/train/2026_03_09_14_39_40/Cam2012857/Frame_149480.jpg,/mmfs1/gscratch/portia/eabe/data/Johnson_lab/red_data/red_data_unified_V3/train/2026_04_08_14_59_45/Cam2012857/Frame_149480.jpg,WingL_base=10.82px; WingR_base=10.00px; T1R_TiTa=9.06px; T1R_TaT3=8.25px; T3L_TaT3=7.81px,,,
10.817,9.288,1.591,0.0,11,50,37b23aea8c8c582f0d4b9ed99a7ade8b,1.0,2026_03_09_14_39_40,2026_04_07_11_33_33,Cam2012631,149377,8555,14769,0,0,unknown,unknown,general_model/courtship_V2/train,red_data_unified_V3/val,train,val,train,/mmfs1/gscratch/portia/eabe/data/Johnson_lab/red_data/general_model/courtship_V2/train/2026_03_09_14_39_40/Cam2012631/Frame_149377.jpg,/mmfs1/gscratch/portia/eabe/data/Johnson_lab/red_data/red_data_unified_V3/val/2026_04_07_11_33_33/Cam2012631/Frame_149377.jpg,T3R_TaT3=10.82px; T1L_ThxCx=10.77px; T1R_TaT3=9.85px; T1L_TaT3=8.60px; T1R_ThxCx=8.54px,,,
10.817,6.889,1.271,0.0,10,50,444c0fa24a0c022ae49616538165fdcc,1.0,2026_03_09_14_39_40,2026_04_07_11_33_33,Cam2012630,149377,8554,14768,0,0,unknown,unknown,general_model/courtship_V2/train,red_data_unified_V3/val,train,val,train,/mmfs1/gscratch/portia/eabe/data/Johnson_lab/red_data/general_model/courtship_V2/train/2026_03_09_14_39_40/Cam2012630/Frame_149377.jpg,/mmfs1/gscratch/portia/eabe/data/Johnson_lab/red_data/red_data_unified_V3/val/2026_04_07_11_33_33/Cam2012630/Frame_149377.jpg,T1R_TaT3=10.82px; T3R_TaT3=10.63px; T1L_TaT3=7.62px; T2R_TaT3=6.00px; T2L_TaT3=5.83px,,,
10.77,8.41,1.955,0.5,25,50,c9cc7247f04464aa407312e9396d48cb,0.9943,2026_03_09_14_39_40,2026_04_08_14_59_45,Cam2012855,415197,10513,17820,0,1,unknown,unknown,general_model/courtship_V2/train,red_data_unified_V3/train,train,train,val,/mmfs1/gscratch/portia/eabe/data/Johnson_lab/red_data/general_model/courtship_V2/train/2026_03_09_14_39_40/Cam2012855/Frame_415197.jpg,/mmfs1/gscratch/portia/eabe/data/Johnson_lab/red_data/red_data_unified_V3/train/2026_04_08_14_59_45/Cam2012855/Frame_415197.jpg,T3L_TaT3=10.77px; T2L_TaT3=10.00px; T1R_TaT3=8.54px; T2R_TiTa=8.25px; T1L_TaT3=7.21px,,,
10.77,8.214,1.739,0.0,23,50,19932e5193e02df3f0c01736c63c1302,0.9869,2026_03_09_14_39_40,2026_04_08_14_59_45,Cam2012855,94128,7702,15217,0,1,unknown,unknown,general_model/courtship_V2/train,red_data_unified_V3/train,train,train,train,/mmfs1/gscratch/portia/eabe/data/Johnson_lab/red_data/general_model/courtship_V2/train/2026_03_09_14_39_40/Cam2012855/Frame_94128.jpg,/mmfs1/gscratch/portia/eabe/data/Johnson_lab/red_data/red_data_unified_V3/train/2026_04_08_14_59_45/Cam2012855/Frame_94128.jpg,T1R_TaT3=10.77px; T3R_TaT3=8.60px; WingR_base=8.54px; T1L_TaT3=7.81px; T2L_TaT3=7.07px,,,
10.77,9.649,1.814,0.0,17,50,3103e0b6143771af8240e2dd66378ecd,0.9994,2026_03_09_14_39_40,2026_04_08_14_59_45,Cam2012853,149584,8880,16063,0,1,unknown,unknown,general_model/courtship_V2/train,red_data_unified_V3/train,train,train,train,/mmfs1/gscratch/portia/eabe/data/Johnson_lab/red_data/general_model/courtship_V2/train/2026_03_09_14_39_40/Cam2012853/Frame_149584.jpg,/mmfs1/gscratch/portia/eabe/data/Johnson_lab/red_data/red_data_unified_V3/train/2026_04_08_14_59_45/Cam2012853/Frame_149584.jpg,T3L_TaT3=10.77px; WingL_base=10.63px; T2R_Tro=10.00px; T3R_Tro=9.22px; WingR_base=9.06px,,,
10.77,7.177,1.356,0.0,13,50,ef694bc286a416967119613e5b46404a,1.0,2026_03_09_14_39_40,2026_04_07_11_33_33,Cam2012862,149528,8786,14802,0,0,unknown,unknown,general_model/courtship_V2/train,red_data_unified_V3/val,train,val,train,/mmfs1/gscratch/portia/eabe/data/Johnson_lab/red_data/general_model/courtship_V2/train/2026_03_09_14_39_40/Cam2012862/Frame_149528.jpg,/mmfs1/gscratch/portia/eabe/data/Johnson_lab/red_data/red_data_unified_V3/val/2026_04_07_11_33_33/Cam2012862/Frame_149528.jpg,T2L_TaT3=10.77px; T3R_TaT3=10.05px; T3L_TaT3=7.81px; Scutellum=6.40px; T1L_TaT3=6.32px,,,
10.63,8.378,2.949,1.707,35,50,1a4550e167a0a35112b8cdf9b57556e1,0.9919,2026_03_09_14_39_40,2026_04_08_14_59_45,Cam2012853,94183,7785,15349,0,1,unknown,unknown,general_model/courtship_V2/train,red_data_unified_V3/train,train,train,train,/mmfs1/gscratch/portia/eabe/data/Johnson_lab/red_data/general_model/courtship_V2/train/2026_03_09_14_39_40/Cam2012853/Frame_94183.jpg,/mmfs1/gscratch/portia/eabe/data/Johnson_lab/red_data/red_data_unified_V3/train/2026_04_08_14_59_45/Cam2012853/Frame_94183.jpg,T3R_Tro=10.63px; T1L_ThxCx=9.22px; Scutellum=8.49px; T2L_TaT3=8.25px; Abd_A4=7.81px,,,
10.63,7.071,2.503,1.707,30,50,75fde94153c60487bc17b2661d45fa2c,0.981,2026_03_09_14_39_40,2026_04_08_14_59_45,Cam2012857,415228,10605,17957,0,1,unknown,unknown,general_model/courtship_V2/train,red_data_unified_V3/train,train,train,val,/mmfs1/gscratch/portia/eabe/data/Johnson_lab/red_data/general_model/courtship_V2/train/2026_03_09_14_39_40/Cam2012857/Frame_415228.jpg,/mmfs1/gscratch/portia/eabe/data/Johnson_lab/red_data/red_data_unified_V3/train/2026_04_08_14_59_45/Cam2012857/Frame_415228.jpg,WingR_base=10.63px; T3L_TaT3=8.06px; Scutellum=7.07px; T2L_Tro=7.07px; T3R_TaT3=6.40px,,,
10.63,9.005,2.308,1.207,29,50,ef228c790ce9c5c1f93256d98b7edd1e,0.9915,2026_03_09_14_39_40,2026_04_08_14_59_45,Cam2012630,415228,10601,17953,0,1,unknown,unknown,general_model/courtship_V2/train,red_data_unified_V3/train,train,train,val,/mmfs1/gscratch/portia/eabe/data/Johnson_lab/red_data/general_model/courtship_V2/train/2026_03_09_14_39_40/Cam2012630/Frame_415228.jpg,/mmfs1/gscratch/portia/eabe/data/Johnson_lab/red_data/red_data_unified_V3/train/2026_04_08_14_59_45/Cam2012630/Frame_415228.jpg,WingR_base=10.63px; T2L_TaT3=10.00px; T2L_Tro=9.06px; T3R_TaT3=8.94px; T3L_TaT3=7.62px,,,
10.63,7.861,1.557,0.0,14,50,f71246adde6ec325cff0465bb5b31c83,1.0,2026_03_09_14_39_40,2026_04_08_14_59_45,Cam2012857,149766,9169,16393,0,1,unknown,unknown,general_model/courtship_V2/train,red_data_unified_V3/train,train,train,train,/mmfs1/gscratch/portia/eabe/data/Johnson_lab/red_data/general_model/courtship_V2/train/2026_03_09_14_39_40/Cam2012857/Frame_149766.jpg,/mmfs1/gscratch/portia/eabe/data/Johnson_lab/red_data/red_data_unified_V3/train/2026_04_08_14_59_45/Cam2012857/Frame_149766.jpg,T3L_TaT3=10.63px; T2L_TaT3=10.05px; T1L_TaT3=8.06px; T1R_TaT3=7.62px; Scutellum=6.40px,,,
10.63,7.465,1.33,0.0,11,50,0f6b85c54d0711fa910b07d3ef4bd2b6,1.0,2026_03_09_14_39_40,2026_04_08_14_59_45,Cam2012862,149705,9059,16297,0,1,unknown,unknown,general_model/courtship_V2/train,red_data_unified_V3/train,train,train,train,/mmfs1/gscratch/portia/eabe/data/Johnson_lab/red_data/general_model/courtship_V2/train/2026_03_09_14_39_40/Cam2012862/Frame_149705.jpg,/mmfs1/gscratch/portia/eabe/data/Johnson_lab/red_data/red_data_unified_V3/train/2026_04_08_14_59_45/Cam2012862/Frame_149705.jpg,T2L_TaT3=10.63px; T3L_TaT3=8.06px; T1L_TaT3=7.62px; T3R_TaT3=7.28px; Scutellum=7.07px,,,
10.63,6.325,1.08,0.0,10,50,3750f511a63652053a3a394a21d70132,1.0,2026_03_09_14_39_40,2026_04_08_14_59_45,Cam2012855,149713,9070,16318,0,1,unknown,unknown,general_model/courtship_V2/train,red_data_unified_V3/train,train,train,train,/mmfs1/gscratch/portia/eabe/data/Johnson_lab/red_data/general_model/courtship_V2/train/2026_03_09_14_39_40/Cam2012855/Frame_149713.jpg,/mmfs1/gscratch/portia/eabe/data/Johnson_lab/red_data/red_data_unified_V3/train/2026_04_08_14_59_45/Cam2012855/Frame_149713.jpg,T2L_TaT3=10.63px; T3R_TaT3=7.28px; T3L_TaT3=6.32px; WingR_V12=6.32px; T1L_TaT3=6.08px,,,
10.44,8.661,2.908,1.414,31,50,7d7fdd32e66d02ad658079c4424aa837,0.9799,2026_03_09_14_39_40,2026_04_08_14_59_45,Cam2012631,415227,10595,17940,0,1,unknown,unknown,general_model/courtship_V2/train,red_data_unified_V3/train,train,train,val,/mmfs1/gscratch/portia/eabe/data/Johnson_lab/red_data/general_model/courtship_V2/train/2026_03_09_14_39_40/Cam2012631/Frame_415227.jpg,/mmfs1/gscratch/portia/eabe/data/Johnson_lab/red_data/red_data_unified_V3/train/2026_04_08_14_59_45/Cam2012631/Frame_415227.jpg,WingR_base=10.44px; T1R_TaT3=10.00px; T2L_Tro=9.00px; WingL_base=8.25px; T3L_TaT3=8.25px,,,
10.44,8.931,2.076,1.0,26,50,9e45181bf42f6678422d3353e241eb64,0.999,2026_03_09_14_39_40,2026_04_08_14_59_45,Cam2012630,415225,10580,17925,0,1,unknown,unknown,general_model/courtship_V2/val,red_data_unified_V3/train,train,train,val,/mmfs1/gscratch/portia/eabe/data/Johnson_lab/red_data/general_model/courtship_V2/val/2026_03_09_14_39_40/Cam2012630/Frame_415225.jpg,/mmfs1/gscratch/portia/eabe/data/Johnson_lab/red_data/red_data_unified_V3/train/2026_04_08_14_59_45/Cam2012630/Frame_415225.jpg,T2L_TaT3=10.44px; WingR_base=10.00px; T3L_TaT3=9.85px; T3R_TaT3=7.81px; EyeL=7.62px,,,
10.44,7.676,1.979,0.0,24,50,8ac47d3e5c8bfdb3166410246df45abd,0.9909,2026_03_09_14_39_40,2026_04_08_14_59_45,Cam2012861,415197,10515,17822,0,1,unknown,unknown,general_model/courtship_V2/train,red_data_unified_V3/train,train,train,val,/mmfs1/gscratch/portia/eabe/data/Johnson_lab/red_data/general_model/courtship_V2/train/2026_03_09_14_39_40/Cam2012861/Frame_415197.jpg,/mmfs1/gscratch/portia/eabe/data/Johnson_lab/red_data/red_data_unified_V3/train/2026_04_08_14_59_45/Cam2012861/Frame_415197.jpg,T3L_TaT3=10.44px; T1R_TaT3=8.60px; T2L_TaT3=8.00px; T2R_TiTa=7.28px; T2R_TaT3=7.21px,,,
10.44,7.033,1.993,0.0,24,50,be338f4269e2f2efa90b58305e692832,0.9946,2026_03_09_14_39_40,2026_04_08_14_59_45,Cam2012631,415230,10616,17968,0,1,unknown,unknown,general_model/courtship_V2/train,red_data_unified_V3/train,train,train,val,/mmfs1/gscratch/portia/eabe/data/Johnson_lab/red_data/general_model/courtship_V2/train/2026_03_09_14_39_40/Cam2012631/Frame_415230.jpg,/mmfs1/gscratch/portia/eabe/data/Johnson_lab/red_data/red_data_unified_V3/train/2026_04_08_14_59_45/Cam2012631/Frame_415230.jpg,WingL_base=10.44px; WingR_base=10.00px; T1R_TaT3=7.81px; T2L_Tro=6.08px; T3L_TaT3=6.08px,,,
10.44,6.571,1.319,0.0,16,50,0397299e1990e8806eae42713eab186b,0.9978,2026_03_09_14_39_40,2026_04_08_14_59_45,Cam2012630,149732,9102,16342,0,1,unknown,unknown,general_model/courtship_V2/train,red_data_unified_V3/train,train,train,train,/mmfs1/gscratch/portia/eabe/data/Johnson_lab/red_data/general_model/courtship_V2/train/2026_03_09_14_39_40/Cam2012630/Frame_149732.jpg,/mmfs1/gscratch/portia/eabe/data/Johnson_lab/red_data/red_data_unified_V3/train/2026_04_08_14_59_45/Cam2012630/Frame_149732.jpg,T3L_TaT3=10.44px; T1R_TaT3=10.05px; T2R_TaT3=6.71px; T1L_TaT3=6.40px; T2L_TaT3=5.10px,,,
10.44,7.186,1.434,0.0,14,50,ad7345c20efbe1903fe8083f87e6a8ef,1.0,2026_03_09_14_39_40,2026_04_07_11_33_33,Cam2012631,149528,8781,14797,0,0,unknown,unknown,general_model/courtship_V2/train,red_data_unified_V3/val,train,val,train,/mmfs1/gscratch/portia/eabe/data/Johnson_lab/red_data/general_model/courtship_V2/train/2026_03_09_14_39_40/Cam2012631/Frame_149528.jpg,/mmfs1/gscratch/portia/eabe/data/Johnson_lab/red_data/red_data_unified_V3/val/2026_04_07_11_33_33/Cam2012631/Frame_149528.jpg,T3R_TaT3=10.44px; T3L_TaT3=8.49px; T2R_Tro=7.28px; Scutellum=7.07px; T2L_TaT3=7.07px,,,
10.44,5.361,1.013,0.0,13,50,a59fe58d39d9e4205bc1c3ee01ad910c,1.0,2026_03_09_14_39_40,2026_04_08_14_59_45,Cam2012855,227713,9567,16718,0,1,unknown,unknown,general_model/courtship_V2/train,red_data_unified_V3/train,train,train,train,/mmfs1/gscratch/portia/eabe/data/Johnson_lab/red_data/general_model/courtship_V2/train/2026_03_09_14_39_40/Cam2012855/Frame_227713.jpg,/mmfs1/gscratch/portia/eabe/data/Johnson_lab/red_data/red_data_unified_V3/train/2026_04_08_14_59_45/Cam2012855/Frame_227713.jpg,Antenna_Base=10.44px; T3R_TaT3=8.00px; T1L_TaT3=5.66px; T2L_TaT3=5.00px; T3L_TaT3=5.00px,,,
10.44,8.062,1.219,0.0,12,50,9e77e425715420270e02456d9cdb38a4,0.9896,2026_03_09_14_39_40,2026_04_08_14_59_45,Cam2012853,227725,9601,16729,0,1,unknown,unknown,general_model/courtship_V2/train,red_data_unified_V3/train,train,train,train,/mmfs1/gscratch/portia/eabe/data/Johnson_lab/red_data/general_model/courtship_V2/train/2026_03_09_14_39_40/Cam2012853/Frame_227725.jpg,/mmfs1/gscratch/portia/eabe/data/Johnson_lab/red_data/red_data_unified_V3/train/2026_04_08_14_59_45/Cam2012853/Frame_227725.jpg,T2L_TaT3=10.44px; Antenna_Base=8.06px; T1R_TaT3=8.06px; T2R_TaT3=8.06px; T3L_TaT3=7.07px,,,
10.44,8.825,1.166,0.0,10,50,e29b2703c3c3201de553cea8eeac9e8f,1.0,2026_03_09_14_39_40,2026_04_07_11_33_33,Cam2012631,227727,9607,14948,0,0,unknown,unknown,general_model/courtship_V2/train,red_data_unified_V3/val,train,val,train,/mmfs1/gscratch/portia/eabe/data/Johnson_lab/red_data/general_model/courtship_V2/train/2026_03_09_14_39_40/Cam2012631/Frame_227727.jpg,/mmfs1/gscratch/portia/eabe/data/Johnson_lab/red_data/red_data_unified_V3/val/2026_04_07_11_33_33/Cam2012631/Frame_227727.jpg,Antenna_Base=10.44px; T1R_TaT3=9.43px; Scutellum=9.06px; T3R_TaT3=8.54px; T2R_TaT3=5.83px,,,
10.44,3.691,0.549,0.0,5,50,f38e374273281a20060daca677385fb5,1.0,2026_03_09_14_39_40,2026_04_07_11_33_33,Cam2012853,150386,9293,14895,0,0,unknown,unknown,general_model/courtship_V2/train,red_data_unified_V3/val,train,val,train,/mmfs1/gscratch/portia/eabe/data/Johnson_lab/red_data/general_model/courtship_V2/train/2026_03_09_14_39_40/Cam2012853/Frame_150386.jpg,/mmfs1/gscratch/portia/eabe/data/Johnson_lab/red_data/red_data_unified_V3/val/2026_04_07_11_33_33/Cam2012853/Frame_150386.jpg,Scutellum=10.44px; WingL_base=6.71px; WingR_V12=4.12px; WingL_V13=3.16px; WingR_base=3.00px,,,
10.296,7.148,2.015,1.0,27,50,0797ed85171dd68927feb22626fb8e2d,0.9977,2026_03_09_14_39_40,2026_04_08_14_59_45,Cam2012855,94107,7639,15147,0,1,unknown,unknown,general_model/courtship_V2/train,red_data_unified_V3/train,train,train,train,/mmfs1/gscratch/portia/eabe/data/Johnson_lab/red_data/general_model/courtship_V2/train/2026_03_09_14_39_40/Cam2012855/Frame_94107.jpg,/mmfs1/gscratch/portia/eabe/data/Johnson_lab/red_data/red_data_unified_V3/train/2026_04_08_14_59_45/Cam2012855/Frame_94107.jpg,WingR_base=10.30px; T1R_ThxCx=9.43px; T3L_TaT3=7.21px; T1R_TaT3=7.07px; T1L_TaT3=6.71px,,,
10.296,8.691,1.911,0.0,15,50,a41e115f43c9c825b03814c671a9133b,1.0,2026_03_09_14_39_40,2026_04_08_14_59_45,Cam2012861,149480,8715,15772,0,1,unknown,unknown,general_model/courtship_V2/train,red_data_unified_V3/train,train,train,train,/mmfs1/gscratch/portia/eabe/data/Johnson_lab/red_data/general_model/courtship_V2/train/2026_03_09_14_39_40/Cam2012861/Frame_149480.jpg,/mmfs1/gscratch/portia/eabe/data/Johnson_lab/red_data/red_data_unified_V3/train/2026_04_08_14_59_45/Cam2012861/Frame_149480.jpg,WingL_base=10.30px; WingR_base=10.00px; T1R_TiTa=9.06px; T1R_TaT3=8.25px; T2L_TaT3=7.81px,,,
10.296,7.478,1.702,0.0,15,50,0e7617968583a6ff163f1c23575052ea,0.9934,2026_03_09_14_39_40,2026_04_08_14_59_45,Cam2012862,149480,8716,15773,0,1,unknown,unknown,general_model/courtship_V2/train,red_data_unified_V3/train,train,train,train,/mmfs1/gscratch/portia/eabe/data/Johnson_lab/red_data/general_model/courtship_V2/train/2026_03_09_14_39_40/Cam2012862/Frame_149480.jpg,/mmfs1/gscratch/portia/eabe/data/Johnson_lab/red_data/red_data_unified_V3/train/2026_04_08_14_59_45/Cam2012862/Frame_149480.jpg,WingL_base=10.30px; T1R_TiTa=10.05px; T2L_TaT3=7.81px; T3L_TaT3=7.07px; Scutellum=6.08px,,,
10.296,9.007,1.551,0.0,14,50,2658394cb3deb24025b4913b0998c48e,1.0,2026_03_09_14_39_40,2026_04_08_14_59_45,Cam2012855,149766,9168,16392,0,1,unknown,unknown,general_model/courtship_V2/train,red_data_unified_V3/train,train,train,train,/mmfs1/gscratch/portia/eabe/data/Johnson_lab/red_data/general_model/courtship_V2/train/2026_03_09_14_39_40/Cam2012855/Frame_149766.jpg,/mmfs1/gscratch/portia/eabe/data/Johnson_lab/red_data/red_data_unified_V3/train/2026_04_08_14_59_45/Cam2012855/Frame_149766.jpg,T2L_TaT3=10.30px; T3L_TaT3=9.49px; T2R_TaT3=9.43px; T1R_TaT3=8.49px; T1L_TaT3=8.06px,,,
10.296,8.126,1.347,0.0,11,50,db3d62d3651510d843299ffe55f387df,1.0,2026_03_09_14_39_40,2026_04_07_11_33_33,Cam2012853,149377,8556,14770,0,0,unknown,unknown,general_model/courtship_V2/train,red_data_unified_V3/val,train,val,train,/mmfs1/gscratch/portia/eabe/data/Johnson_lab/red_data/general_model/courtship_V2/train/2026_03_09_14_39_40/Cam2012853/Frame_149377.jpg,/mmfs1/gscratch/portia/eabe/data/Johnson_lab/red_data/red_data_unified_V3/val/2026_04_07_11_33_33/Cam2012853/Frame_149377.jpg,T3R_TaT3=10.30px; T1R_TaT3=9.85px; T1R_ThxCx=8.54px; T1L_ThxCx=7.62px; T1L_TaT3=6.00px,,,
10.296,8.55,1.472,0.0,11,50,26d11ab88b06576f4324f3ca54d89ade,1.0,2026_03_09_14_39_40,2026_04_08_14_59_45,Cam2012861,149540,8806,15940,0,1,unknown,unknown,general_model/courtship_V2/train,red_data_unified_V3/train,train,train,train,/mmfs1/gscratch/portia/eabe/data/Johnson_lab/red_data/general_model/courtship_V2/train/2026_03_09_14_39_40/Cam2012861/Frame_149540.jpg,/mmfs1/gscratch/portia/eabe/data/Johnson_lab/red_data/red_data_unified_V3/train/2026_04_08_14_59_45/Cam2012861/Frame_149540.jpg,T3L_TaT3=10.30px; T3R_TaT3=9.06px; T1L_TaT3=8.60px; T1R_TaT3=8.49px; T2L_TaT1=8.06px,,,
10.198,6.77,1.744,1.0,26,50,dc12736e66439ad4e5e81db2abe760ec,0.9961,2026_03_09_14_39_40,2026_04_08_14_59_45,Cam2012862,94120,7691,15192,0,1,unknown,unknown,general_model/courtship_V2/train,red_data_unified_V3/train,train,train,train,/mmfs1/gscratch/portia/eabe/data/Johnson_lab/red_data/general_model/courtship_V2/train/2026_03_09_14_39_40/Cam2012862/Frame_94120.jpg,/mmfs1/gscratch/portia/eabe/data/Johnson_lab/red_data/red_data_unified_V3/train/2026_04_08_14_59_45/Cam2012862/Frame_94120.jpg,T2R_TaT3=10.20px; T3R_TaT3=8.94px; Abd_tip=7.07px; WingR_base=6.40px; T1R_TaT3=5.83px,,,
10.198,7.316,1.993,0.5,25,50,3d71feb28e6c8962c4ea0a3e09511fbb,0.9979,2026_03_09_14_39_40,2026_04_08_14_59_45,Cam2012853,94120,7687,15188,0,1,unknown,unknown,general_model/courtship_V2/train,red_data_unified_V3/train,train,train,train,/mmfs1/gscratch/portia/eabe/data/Johnson_lab/red_data/general_model/courtship_V2/train/2026_03_09_14_39_40/Cam2012853/Frame_94120.jpg,/mmfs1/gscratch/portia/eabe/data/Johnson_lab/red_data/red_data_unified_V3/train/2026_04_08_14_59_45/Cam2012853/Frame_94120.jpg,T2R_TaT3=10.20px; T2L_TaT3=8.25px; T2R_Tro=8.06px; Abd_tip=6.40px; T3L_TaT3=6.40px,,,
10.198,6.848,1.648,0.0,22,50,1d158a2c0865b9f84dea76404f6f62b5,0.9919,2026_03_09_14_39_40,2026_04_08_14_59_45,Cam2012631,94124,7693,15201,0,1,unknown,unknown,general_model/courtship_V2/train,red_data_unified_V3/train,train,train,train,/mmfs1/gscratch/portia/eabe/data/Johnson_lab/red_data/general_model/courtship_V2/train/2026_03_09_14_39_40/Cam2012631/Frame_94124.jpg,/mmfs1/gscratch/portia/eabe/data/Johnson_lab/red_data/red_data_unified_V3/train/2026_04_08_14_59_45/Cam2012631/Frame_94124.jpg,T2R_TaT3=10.20px; T3R_TaT3=9.43px; WingR_base=7.21px; T1R_TaT3=6.40px; T1L_TiTa=6.32px,,,
10.198,7.465,1.67,0.0,17,50,a6c61e3e4b373f93463d6389e663646b,0.9995,2026_03_09_14_39_40,2026_04_08_14_59_45,Cam2012631,149532,8788,15908,0,1,unknown,unknown,general_model/courtship_V2/train,red_data_unified_V3/train,train,train,train,/mmfs1/gscratch/portia/eabe/data/Johnson_lab/red_data/general_model/courtship_V2/train/2026_03_09_14_39_40/Cam2012631/Frame_149532.jpg,/mmfs1/gscratch/portia/eabe/data/Johnson_lab/red_data/red_data_unified_V3/train/2026_04_08_14_59_45/Cam2012631/Frame_149532.jpg,T1L_ThxCx=10.20px; T1R_ThxCx=8.06px; WingL_base=7.62px; WingR_base=7.28px; T2L_TaT3=6.40px,,,
10.198,7.949,1.548,0.0,16,50,34e1f03c349fec53bc661623ebcbc3a0,0.9985,2026_03_09_14_39_40,2026_04_08_14_59_45,Cam2012862,149488,8730,15801,0,1,unknown,unknown,general_model/courtship_V2/train,red_data_unified_V3/train,train,train,train,/mmfs1/gscratch/portia/eabe/data/Johnson_lab/red_data/general_model/courtship_V2/train/2026_03_09_14_39_40/Cam2012862/Frame_149488.jpg,/mmfs1/gscratch/portia/eabe/data/Johnson_lab/red_data/red_data_unified_V3/train/2026_04_08_14_59_45/Cam2012862/Frame_149488.jpg,T1L_ThxCx=10.20px; T3L_TaT3=8.06px; T1R_ThxCx=8.06px; T1L_TaT3=7.81px; WingL_base=7.00px,,,
10.198,7.035,1.33,0.0,13,50,c03d68afaf5e25001d1de16ab06a54af,1.0,2026_03_09_14_39_40,2026_04_08_14_59_45,Cam2012631,149393,8569,15551,0,1,unknown,unknown,general_model/courtship_V2/train,red_data_unified_V3/train,train,train,train,/mmfs1/gscratch/portia/eabe/data/Johnson_lab/red_data/general_model/courtship_V2/train/2026_03_09_14_39_40/Cam2012631/Frame_149393.jpg,/mmfs1/gscratch/portia/eabe/data/Johnson_lab/red_data/red_data_unified_V3/train/2026_04_08_14_59_45/Cam2012631/Frame_149393.jpg,T1R_ThxCx=10.20px; T3L_TaT3=8.06px; T1R_TaT1=7.62px; T2L_TaT3=6.32px; T1R_TaT3=6.08px,,,
10.198,6.046,1.191,0.0,13,50,13cac30df6e7b802f00203a57904b09f,1.0,2026_03_09_14_39_40,2026_04_08_14_59_45,Cam2012855,149393,8571,15553,0,1,unknown,unknown,general_model/courtship_V2/train,red_data_unified_V3/train,train,train,train,/mmfs1/gscratch/portia/eabe/data/Johnson_lab/red_data/general_model/courtship_V2/train/2026_03_09_14_39_40/Cam2012855/Frame_149393.jpg,/mmfs1/gscratch/portia/eabe/data/Johnson_lab/red_data/red_data_unified_V3/train/2026_04_08_14_59_45/Cam2012855/Frame_149393.jpg,T1R_ThxCx=10.20px; T1R_TaT1=8.60px; T3L_TaT3=6.08px; T1R_TaT3=6.00px; T3L_Tro=5.00px,,,
10.198,8.007,1.369,0.0,13,50,083252804767dcaacfbaed9f1b69fbf8,0.9933,2026_03_09_14_39_40,2026_04_08_14_59_45,Cam2012631,149476,8704,15754,0,1,unknown,unknown,general_model/courtship_V2/train,red_data_unified_V3/train,train,train,train,/mmfs1/gscratch/portia/eabe/data/Johnson_lab/red_data/general_model/courtship_V2/train/2026_03_09_14_39_40/Cam2012631/Frame_149476.jpg,/mmfs1/gscratch/portia/eabe/data/Johnson_lab/red_data/red_data_unified_V3/train/2026_04_08_14_59_45/Cam2012631/Frame_149476.jpg,T1R_Tro=10.20px; T1L_ThxCx=10.05px; T3L_TaT3=8.60px; Scutellum=7.28px; T2L_TaT3=5.83px,,,
10.05,9.337,2.249,1.0,28,50,6edab6c2f7ef34cb060852afcf91239f,0.9985,2026_03_09_14_39_40,2026_04_08_14_59_45,Cam2012853,94103,7631,15132,0,1,unknown,unknown,general_model/courtship_V2/train,red_data_unified_V3/train,train,train,train,/mmfs1/gscratch/portia/eabe/data/Johnson_lab/red_data/general_model/courtship_V2/train/2026_03_09_14_39_40/Cam2012853/Frame_94103.jpg,/mmfs1/gscratch/portia/eabe/data/Johnson_lab/red_data/red_data_unified_V3/train/2026_04_08_14_59_45/Cam2012853/Frame_94103.jpg,T2L_TaT3=10.05px; T1L_TaT3=9.43px; T3L_TaT3=9.43px; T2R_TaT3=9.22px; T3R_TaT3=8.25px,,,
10.05,7.081,1.462,0.0,19,50,01b677b42d41f52d4dedfc1c108c8c62,0.9915,2026_03_09_14_39_40,2026_04_07_11_33_33,Cam2012855,227717,9574,14914,0,0,unknown,unknown,general_model/courtship_V2/train,red_data_unified_V3/val,train,val,train,/mmfs1/gscratch/portia/eabe/data/Johnson_lab/red_data/general_model/courtship_V2/train/2026_03_09_14_39_40/Cam2012855/Frame_227717.jpg,/mmfs1/gscratch/portia/eabe/data/Johnson_lab/red_data/red_data_unified_V3/val/2026_04_07_11_33_33/Cam2012855/Frame_227717.jpg,Antenna_Base=10.05px; T3R_TaT3=8.60px; Scutellum=8.25px; T1L_TaT3=5.66px; T2R_TaT1=5.00px,,,
10.05,7.28,1.486,0.0,18,50,789d23d9d0fe2b6ed93dffc44ece24c2,1.0,2026_03_09_14_39_40,2026_04_08_14_59_45,Cam2012630,149508,8745,15837,0,1,unknown,unknown,general_model/courtship_V2/train,red_data_unified_V3/train,train,train,train,/mmfs1/gscratch/portia/eabe/data/Johnson_lab/red_data/general_model/courtship_V2/train/2026_03_09_14_39_40/Cam2012630/Frame_149508.jpg,/mmfs1/gscratch/portia/eabe/data/Johnson_lab/red_data/red_data_unified_V3/train/2026_04_08_14_59_45/Cam2012630/Frame_149508.jpg,T3L_TaT3=10.05px; T1R_TaT3=7.81px; T2R_TaT3=7.28px; T3R_TaT3=7.28px; T2R_TaT1=7.00px,,,
10.05,7.039,1.562,0.0,14,50,43fc4b9d1583d1114dd5670faabdfb82,1.0,2026_03_09_14_39_40,2026_04_08_14_59_45,Cam2012861,149564,8848,16010,0,1,unknown,unknown,general_model/courtship_V2/train,red_data_unified_V3/train,train,train,train,/mmfs1/gscratch/portia/eabe/data/Johnson_lab/red_data/general_model/courtship_V2/train/2026_03_09_14_39_40/Cam2012861/Frame_149564.jpg,/mmfs1/gscratch/portia/eabe/data/Johnson_lab/red_data/red_data_unified_V3/train/2026_04_08_14_59_45/Cam2012861/Frame_149564.jpg,WingR_base=10.05px; WingL_base=9.49px; T2L_TaT3=7.07px; Scutellum=7.00px; EyeR=6.40px,,,
10.05,7.645,1.622,0.0,14,50,920880ca4b0fa93efbea98e4044e5a7b,1.0,2026_03_09_14_39_40,2026_04_08_14_59_45,Cam2012861,149782,9198,16430,0,1,unknown,unknown,general_model/courtship_V2/val,red_data_unified_V3/train,train,train,train,/mmfs1/gscratch/portia/eabe/data/Johnson_lab/red_data/general_model/courtship_V2/val/2026_03_09_14_39_40/Cam2012861/Frame_149782.jpg,/mmfs1/gscratch/portia/eabe/data/Johnson_lab/red_data/red_data_unified_V3/train/2026_04_08_14_59_45/Cam2012861/Frame_149782.jpg,T2R_Tro=10.05px; T3L_TiTa=8.54px; T3L_TaT3=8.00px; T2L_TaT3=7.21px; T2L_TaT1=6.00px,,,
10.05,6.735,1.4,0.0,13,50,1895a114f0a89bb00949471e8738fbeb,0.9942,2026_03_09_14_39_40,2026_04_08_14_59_45,Cam2012862,149476,8709,15759,0,1,unknown,unknown,general_model/courtship_V2/train,red_data_unified_V3/train,train,train,train,/mmfs1/gscratch/portia/eabe/data/Johnson_lab/red_data/general_model/courtship_V2/train/2026_03_09_14_39_40/Cam2012862/Frame_149476.jpg,/mmfs1/gscratch/portia/eabe/data/Johnson_lab/red_data/red_data_unified_V3/train/2026_04_08_14_59_45/Cam2012862/Frame_149476.jpg,T1R_Tro=10.05px; T1L_ThxCx=9.22px; T3L_TaT3=7.07px; Scutellum=6.32px; T2L_TaT3=5.83px,,,
10.05,8.494,1.312,0.0,13,50,39b4729d13eb10bddead444791653ddf,0.9951,2026_03_09_14_39_40,2026_04_08_14_59_45,Cam2012853,227731,9615,16741,0,1,unknown,unknown,general_model/courtship_V2/train,red_data_unified_V3/train,train,train,train,/mmfs1/gscratch/portia/eabe/data/Johnson_lab/red_data/general_model/courtship_V2/train/2026_03_09_14_39_40/Cam2012853/Frame_227731.jpg,/mmfs1/gscratch/portia/eabe/data/Johnson_lab/red_data/red_data_unified_V3/train/2026_04_08_14_59_45/Cam2012853/Frame_227731.jpg,T2L_TaT3=10.05px; T3L_TaT3=9.85px; T2R_TaT3=9.49px; Antenna_Base=7.28px; T2R_TaT1=5.39px,,,
10.05,7.28,1.4,0.0,12,50,b385d83806346da4346a70e5521a8213,0.9977,2026_03_09_14_39_40,2026_04_08_14_59_45,Cam2012855,149363,8529,15462,0,1,unknown,unknown,general_model/courtship_V2/train,red_data_unified_V3/train,train,train,train,/mmfs1/gscratch/portia/eabe/data/Johnson_lab/red_data/general_model/courtship_V2/train/2026_03_09_14_39_40/Cam2012855/Frame_149363.jpg,/mmfs1/gscratch/portia/eabe/data/Johnson_lab/red_data/red_data_unified_V3/train/2026_04_08_14_59_45/Cam2012855/Frame_149363.jpg,Antenna_Base=10.05px; T1L_TaT3=8.06px; Scutellum=7.28px; T3L_TaT3=7.28px; T3R_TaT3=6.71px,,,
10.05,5.63,1.186,0.0,12,50,81fec007f654d28935d91d464d95ea79,0.9923,2026_03_09_14_39_40,2026_04_08_14_59_45,Cam2012862,149484,8723,15787,0,1,unknown,unknown,general_model/courtship_V2/train,red_data_unified_V3/train,train,train,train,/mmfs1/gscratch/portia/eabe/data/Johnson_lab/red_data/general_model/courtship_V2/train/2026_03_09_14_39_40/Cam2012862/Frame_149484.jpg,/mmfs1/gscratch/portia/eabe/data/Johnson_lab/red_data/red_data_unified_V3/train/2026_04_08_14_59_45/Cam2012862/Frame_149484.jpg,T1R_TiTa=10.05px; T1L_ThxCx=6.00px; T3R_TaT3=5.83px; T1R_ThxCx=5.39px; WingL_base=5.10px,,,
10.05,7.616,1.405,0.0,12,50,9e6a0ed63445b70fa93e2b1ee75e168d,1.0,2026_03_09_14_39_40,2026_04_08_14_59_45,Cam2012862,149693,9038,16285,0,1,unknown,unknown,general_model/courtship_V2/train,red_data_unified_V3/train,train,train,train,/mmfs1/gscratch/portia/eabe/data/Johnson_lab/red_data/general_model/courtship_V2/train/2026_03_09_14_39_40/Cam2012862/Frame_149693.jpg,/mmfs1/gscratch/portia/eabe/data/Johnson_lab/red_data/red_data_unified_V3/train/2026_04_08_14_59_45/Cam2012862/Frame_149693.jpg,T1R_TiTa=10.05px; T1R_TaT1=10.00px; Scutellum=7.62px; T3L_TaT3=7.62px; T1L_TaT3=7.21px,,,
10.05,7.148,0.886,0.0,9,50,85295a6853cb75bfc16058171f9c45ba,0.9981,2026_03_09_14_39_40,2026_04_08_14_59_45,Cam2012857,227866,9729,17031,0,1,unknown,unknown,general_model/courtship_V2/train,red_data_unified_V3/train,train,train,train,/mmfs1/gscratch/portia/eabe/data/Johnson_lab/red_data/general_model/courtship_V2/train/2026_03_09_14_39_40/Cam2012857/Frame_227866.jpg,/mmfs1/gscratch/portia/eabe/data/Johnson_lab/red_data/red_data_unified_V3/train/2026_04_08_14_59_45/Cam2012857/Frame_227866.jpg,Antenna_Base=10.05px; T3R_TaT3=7.28px; T3L_TaT3=7.21px; T2L_TaT3=7.07px; T1R_TaT3=5.10px,,,
10.05,7.148,0.888,0.0,9,50,d824672125f26b39e8b5c496350c652a,0.9983,2026_03_09_14_39_40,2026_04_08_14_59_45,Cam2012861,227866,9730,17032,0,1,unknown,unknown,general_model/courtship_V2/train,red_data_unified_V3/train,train,train,train,/mmfs1/gscratch/portia/eabe/data/Johnson_lab/red_data/general_model/courtship_V2/train/2026_03_09_14_39_40/Cam2012861/Frame_227866.jpg,/mmfs1/gscratch/portia/eabe/data/Johnson_lab/red_data/red_data_unified_V3/train/2026_04_08_14_59_45/Cam2012861/Frame_227866.jpg,Antenna_Base=10.05px; T2L_TaT3=8.06px; T3L_TaT3=7.21px; T3R_TaT3=7.07px; T1R_TaT3=4.00px,,,
10.05,7.949,0.971,0.0,8,50,e4c652b259c782356718eba9ca08bfaa,0.9982,2026_03_09_14_39_40,2026_04_08_14_59_45,Cam2012855,227866,9728,17030,0,1,unknown,unknown,general_model/courtship_V2/train,red_data_unified_V3/train,train,train,train,/mmfs1/gscratch/portia/eabe/data/Johnson_lab/red_data/general_model/courtship_V2/train/2026_03_09_14_39_40/Cam2012855/Frame_227866.jpg,/mmfs1/gscratch/portia/eabe/data/Johnson_lab/red_data/red_data_unified_V3/train/2026_04_08_14_59_45/Cam2012855/Frame_227866.jpg,Antenna_Base=10.05px; T2L_TaT3=10.05px; T3R_TaT3=8.06px; T3L_TaT3=7.81px; T1L_TaT3=4.24px,,,
10.05,4.605,0.721,0.0,7,50,d2d7cfa8571cd9bb3ee95729166cf4d2,1.0,2026_03_09_14_39_40,2026_04_08_14_59_45,Cam2012853,149448,8656,15685,0,1,unknown,unknown,general_model/courtship_V2/train,red_data_unified_V3/train,train,train,train,/mmfs1/gscratch/portia/eabe/data/Johnson_lab/red_data/general_model/courtship_V2/train/2026_03_09_14_39_40/Cam2012853/Frame_149448.jpg,/mmfs1/gscratch/portia/eabe/data/Johnson_lab/red_data/red_data_unified_V3/train/2026_04_08_14_59_45/Cam2012853/Frame_149448.jpg,T1L_Tro=10.05px; Scutellum=9.22px; T3L_TaT3=5.00px; T3R_TaT3=4.12px; T2R_TaT1=3.16px,,,
10.0,8.576,2.493,1.414,35,50,bf463f535b48fc81c591433d91e3b5ed,0.9877,2026_03_09_14_39_40,2026_04_07_11_33_33,Cam2012853,94158,7771,14756,0,0,unknown,unknown,general_model/courtship_V2/train,red_data_unified_V3/val,train,val,train,/mmfs1/gscratch/portia/eabe/data/Johnson_lab/red_data/general_model/courtship_V2/train/2026_03_09_14_39_40/Cam2012853/Frame_94158.jpg,/mmfs1/gscratch/portia/eabe/data/Johnson_lab/red_data/red_data_unified_V3/val/2026_04_07_11_33_33/Cam2012853/Frame_94158.jpg,Scutellum=10.00px; T1R_ThxCx=9.22px; T1L_Tro=8.60px; Abd_A4=8.54px; T2R_Tro=7.81px,,,
10.0,8.699,2.632,1.0,31,50,34dd374600176f4a47afbeaf26eed494,0.9733,2026_03_09_14_39_40,2026_04_08_14_59_45,Cam2012857,94115,7661,15176,0,1,unknown,unknown,general_model/courtship_V2/train,red_data_unified_V3/train,train,train,train,/mmfs1/gscratch/portia/eabe/data/Johnson_lab/red_data/general_model/courtship_V2/train/2026_03_09_14_39_40/Cam2012857/Frame_94115.jpg,/mmfs1/gscratch/portia/eabe/data/Johnson_lab/red_data/red_data_unified_V3/train/2026_04_08_14_59_45/Cam2012857/Frame_94115.jpg,WingR_base=10.00px; T3R_TaT3=10.00px; T1R_TaT3=9.22px; T2R_Tro=8.06px; T3L_TaT3=7.62px,,,
10.0,8.207,1.906,1.0,26,50,b3058dd4891a728d0cded7c93cf2bcd0,0.9692,2026_03_09_14_39_40,2026_04_08_14_59_45,Cam2012631,415197,10511,17818,0,1,unknown,unknown,general_model/courtship_V2/train,red_data_unified_V3/train,train,train,val,/mmfs1/gscratch/portia/eabe/data/Johnson_lab/red_data/general_model/courtship_V2/train/2026_03_09_14_39_40/Cam2012631/Frame_415197.jpg,/mmfs1/gscratch/portia/eabe/data/Johnson_lab/red_data/red_data_unified_V3/train/2026_04_08_14_59_45/Cam2012631/Frame_415197.jpg,T3L_TaT3=10.00px; T2R_TaT3=9.49px; T1R_TaT3=9.43px; T3R_TaT3=6.71px; WingR_base=6.40px,,,
10.0,6.571,2.05,0.0,24,50,08d3ccebd862a664ce2f05807748c74d,0.9927,2026_03_09_14_39_40,2026_04_08_14_59_45,Cam2012857,94120,7689,15190,0,1,unknown,unknown,general_model/courtship_V2/train,red_data_unified_V3/train,train,train,train,/mmfs1/gscratch/portia/eabe/data/Johnson_lab/red_data/general_model/courtship_V2/train/2026_03_09_14_39_40/Cam2012857/Frame_94120.jpg,/mmfs1/gscratch/portia/eabe/data/Johnson_lab/red_data/red_data_unified_V3/train/2026_04_08_14_59_45/Cam2012857/Frame_94120.jpg,Abd_tip=10.00px; WingR_base=7.81px; T1R_ThxCx=6.71px; T1R_TaT3=6.40px; T3R_TaT3=6.40px,,,
10.0,8.544,2.174,0.0,22,50,430f2c2c0cf6d944b4d6f5d1c163622e,0.9858,2026_03_09_14_39_40,2026_04_08_14_59_45,Cam2012862,415187,10495,17787,0,1,unknown,unknown,general_model/courtship_V2/train,red_data_unified_V3/train,train,train,val,/mmfs1/gscratch/portia/eabe/data/Johnson_lab/red_data/general_model/courtship_V2/train/2026_03_09_14_39_40/Cam2012862/Frame_415187.jpg,/mmfs1/gscratch/portia/eabe/data/Johnson_lab/red_data/red_data_unified_V3/train/2026_04_08_14_59_45/Cam2012862/Frame_415187.jpg,WingR_base=10.00px; T2R_TaT3=9.22px; T1R_TaT3=8.54px; T3R_TaT3=8.54px; T3L_TaT3=7.62px,,,
10.0,7.943,1.79,0.0,20,50,49fbbf515c55ace4e9403c55b394184f,0.9903,2026_03_09_14_39_40,2026_04_08_14_59_45,Cam2012853,149508,8747,15839,0,1,unknown,unknown,general_model/courtship_V2/train,red_data_unified_V3/train,train,train,train,/mmfs1/gscratch/portia/eabe/data/Johnson_lab/red_data/general_model/courtship_V2/train/2026_03_09_14_39_40/Cam2012853/Frame_149508.jpg,/mmfs1/gscratch/portia/eabe/data/Johnson_lab/red_data/red_data_unified_V3/train/2026_04_08_14_59_45/Cam2012853/Frame_149508.jpg,T3L_TaT3=10.00px; T3R_TaT3=8.94px; T1R_TaT3=8.49px; T1R_ThxCx=7.28px; T2R_FeTi=6.40px,,,
10.0,4.817,1.142,0.0,14,50,a99f445db9b5487a08dedaa220aca46a,1.0,2026_03_09_14_39_40,2026_04_08_14_59_45,Cam2012630,149500,8731,15823,0,1,unknown,unknown,general_model/courtship_V2/val,red_data_unified_V3/train,train,train,train,/mmfs1/gscratch/portia/eabe/data/Johnson_lab/red_data/general_model/courtship_V2/val/2026_03_09_14_39_40/Cam2012630/Frame_149500.jpg,/mmfs1/gscratch/portia/eabe/data/Johnson_lab/red_data/red_data_unified_V3/train/2026_04_08_14_59_45/Cam2012630/Frame_149500.jpg,T2L_TaT3=10.00px; T3L_TaT3=7.62px; T2L_TiTa=5.10px; WingL_base=4.47px; T1L_TaT3=4.47px,,,
10.0,6.259,1.506,0.0,14,50,81edc521d6427fdeb8ab7503e270561c,1.0,2026_03_09_14_39_40,2026_04_08_14_59_45,Cam2012857,149564,8847,16009,0,1,unknown,unknown,general_model/courtship_V2/train,red_data_unified_V3/train,train,train,train,/mmfs1/gscratch/portia/eabe/data/Johnson_lab/red_data/general_model/courtship_V2/train/2026_03_09_14_39_40/Cam2012857/Frame_149564.jpg,/mmfs1/gscratch/portia/eabe/data/Johnson_lab/red_data/red_data_unified_V3/train/2026_04_08_14_59_45/Cam2012857/Frame_149564.jpg,WingR_base=10.00px; WingL_base=9.49px; EyeR=6.40px; Scutellum=6.08px; T1R_TaT3=6.08px,,,
10.0,7.186,1.3,0.0,12,50,4880ffba0d1a84d8c751bc9ab88ba237,0.9954,2026_03_09_14_39_40,2026_04_08_14_59_45,Cam2012853,149363,8528,15461,0,1,unknown,unknown,general_model/courtship_V2/train,red_data_unified_V3/train,train,train,train,/mmfs1/gscratch/portia/eabe/data/Johnson_lab/red_data/general_model/courtship_V2/train/2026_03_09_14_39_40/Cam2012853/Frame_149363.jpg,/mmfs1/gscratch/portia/eabe/data/Johnson_lab/red_data/red_data_unified_V3/train/2026_04_08_14_59_45/Cam2012853/Frame_149363.jpg,T3R_TaT3=10.00px; T1L_TaT3=8.06px; Scutellum=7.28px; T3L_TaT3=7.07px; T1R_TaT3=7.07px,,,
10.0,7.949,1.439,0.0,12,50,8f28243812f9513cb8e1ab36a8926fcf,1.0,2026_03_09_14_39_40,2026_04_08_14_59_45,Cam2012862,149363,8532,15465,0,1,unknown,unknown,general_model/courtship_V2/train,red_data_unified_V3/train,train,train,train,/mmfs1/gscratch/portia/eabe/data/Johnson_lab/red_data/general_model/courtship_V2/train/2026_03_09_14_39_40/Cam2012862/Frame_149363.jpg,/mmfs1/gscratch/portia/eabe/data/Johnson_lab/red_data/red_data_unified_V3/train/2026_04_08_14_59_45/Cam2012862/Frame_149363.jpg,T3R_TaT3=10.00px; T1L_TaT3=8.60px; T3L_TaT3=8.06px; T2L_TaT3=7.81px; Scutellum=7.28px,,,
10.0,4.762,0.896,0.0,11,50,33724620b188815f0ebcc1ccf781c6b0,0.9951,2026_03_09_14_39_40,2026_04_08_14_59_45,Cam2012631,149365,8534,15474,0,1,unknown,unknown,general_model/courtship_V2/train,red_data_unified_V3/train,train,train,train,/mmfs1/gscratch/portia/eabe/data/Johnson_lab/red_data/general_model/courtship_V2/train/2026_03_09_14_39_40/Cam2012631/Frame_149365.jpg,/mmfs1/gscratch/portia/eabe/data/Johnson_lab/red_data/red_data_unified_V3/train/2026_04_08_14_59_45/Cam2012631/Frame_149365.jpg,T3R_TaT3=10.00px; T1R_TaT3=5.83px; T3R_TaT1=5.00px; T3L_TaT3=4.47px; T2R_TaT3=4.12px,,,
10.0,6.403,1.181,0.0,11,50,7092dc1b384b1d62fe4f1fdbcb648e85,1.0,2026_03_09_14_39_40,2026_04_08_14_59_45,Cam2012631,149381,8562,15516,0,1,unknown,unknown,general_model/courtship_V2/val,red_data_unified_V3/train,train,train,train,/mmfs1/gscratch/portia/eabe/data/Johnson_lab/red_data/general_model/courtship_V2/val/2026_03_09_14_39_40/Cam2012631/Frame_149381.jpg,/mmfs1/gscratch/portia/eabe/data/Johnson_lab/red_data/red_data_unified_V3/train/2026_04_08_14_59_45/Cam2012631/Frame_149381.jpg,WingL_base=10.00px; T2L_TaT3=7.21px; Scutellum=6.40px; T1L_TaT3=6.40px; T3R_TaT3=6.00px,,,
10.0,7.071,1.209,0.0,11,50,918b1ac1f62b93d59d36b0880fe1fea0,1.0,2026_03_09_14_39_40,2026_04_08_14_59_45,Cam2012855,149705,9056,16294,0,1,unknown,unknown,general_model/courtship_V2/train,red_data_unified_V3/train,train,train,train,/mmfs1/gscratch/portia/eabe/data/Johnson_lab/red_data/general_model/courtship_V2/train/2026_03_09_14_39_40/Cam2012855/Frame_149705.jpg,/mmfs1/gscratch/portia/eabe/data/Johnson_lab/red_data/red_data_unified_V3/train/2026_04_08_14_59_45/Cam2012855/Frame_149705.jpg,T3R_TaT3=10.00px; T2L_TaT3=8.60px; T1L_TaT3=7.07px; T3L_TaT3=7.07px; T1R_TaT3=6.40px,,,
10.0,3.256,0.445,0.0,4,50,72a2604067dbb0fd6cdba58a40daa46c,1.0,2026_03_09_14_39_40,2026_04_08_14_59_45,Cam2012631,149345,8485,15418,0,1,unknown,unknown,general_model/courtship_V2/val,red_data_unified_V3/train,train,train,train,/mmfs1/gscratch/portia/eabe/data/Johnson_lab/red_data/general_model/courtship_V2/val/2026_03_09_14_39_40/Cam2012631/Frame_149345.jpg,/mmfs1/gscratch/portia/eabe/data/Johnson_lab/red_data/red_data_unified_V3/train/2026_04_08_14_59_45/Cam2012631/Frame_149345.jpg,Scutellum=10.00px; EyeR=5.83px; EyeL=3.61px; T1R_TiTa=2.83px,,,
9.899,7.676,2.596,2.0,30,50,f4ef235303cb5a130a346228738f6ebf,0.9806,2026_03_09_14_39_40,2026_04_08_14_59_45,Cam2012861,415228,10606,17958,0,1,unknown,unknown,general_model/courtship_V2/train,red_data_unified_V3/train,train,train,val,/mmfs1/gscratch/portia/eabe/data/Johnson_lab/red_data/general_model/courtship_V2/train/2026_03_09_14_39_40/Cam2012861/Frame_415228.jpg,/mmfs1/gscratch/portia/eabe/data/Johnson_lab/red_data/red_data_unified_V3/train/2026_04_08_14_59_45/Cam2012861/Frame_415228.jpg,WingR_base=9.90px; Scutellum=8.06px; T3L_TaT3=8.00px; T2L_Tro=7.28px; T2L_TaT3=6.71px,,,
9.899,3.089,0.534,0.0,7,50,cf2f22b5160e5d006be2d7a7ccb4488c,1.0,2026_03_09_14_39_40,2026_04_08_14_59_45,Cam2012862,149448,8660,15689,0,1,unknown,unknown,general_model/courtship_V2/train,red_data_unified_V3/train,train,train,train,/mmfs1/gscratch/portia/eabe/data/Johnson_lab/red_data/general_model/courtship_V2/train/2026_03_09_14_39_40/Cam2012862/Frame_149448.jpg,/mmfs1/gscratch/portia/eabe/data/Johnson_lab/red_data/red_data_unified_V3/train/2026_04_08_14_59_45/Cam2012862/Frame_149448.jpg,Scutellum=9.90px; T3L_TaT3=6.00px; T2R_TaT1=3.16px; T3R_TaT3=3.00px; Abd_A4=2.24px,,,
9.849,9.096,1.987,0.5,25,50,707d59915b37055b14d35cca8b28b1f9,0.984,2026_03_09_14_39_40,2026_04_08_14_59_45,Cam2012862,415197,10516,17823,0,1,unknown,unknown,general_model/courtship_V2/train,red_data_unified_V3/train,train,train,val,/mmfs1/gscratch/portia/eabe/data/Johnson_lab/red_data/general_model/courtship_V2/train/2026_03_09_14_39_40/Cam2012862/Frame_415197.jpg,/mmfs1/gscratch/portia/eabe/data/Johnson_lab/red_data/red_data_unified_V3/train/2026_04_08_14_59_45/Cam2012862/Frame_415197.jpg,T2R_TaT3=9.85px; WingR_base=9.43px; T3L_TaT3=9.22px; T1R_TaT3=8.94px; T3R_TaT3=8.54px,,,
9.849,6.571,1.375,0.0,17,50,6868bd377f09b2610397330520b32c1a,1.0,2026_03_09_14_39_40,2026_04_07_11_33_33,Cam2012862,149685,9024,14827,0,0,unknown,unknown,general_model/courtship_V2/train,red_data_unified_V3/val,train,val,train,/mmfs1/gscratch/portia/eabe/data/Johnson_lab/red_data/general_model/courtship_V2/train/2026_03_09_14_39_40/Cam2012862/Frame_149685.jpg,/mmfs1/gscratch/portia/eabe/data/Johnson_lab/red_data/red_data_unified_V3/val/2026_04_07_11_33_33/Cam2012862/Frame_149685.jpg,T3L_TaT3=9.85px; T3R_TaT1=7.07px; WingL_base=6.71px; T1L_TaT3=6.40px; Scutellum=6.32px,,,
9.849,6.146,1.573,0.0,16,50,2b89e7bb159ca5d213c1b40b17494bad,0.9932,2026_03_09_14_39_40,2026_04_07_11_33_33,Cam2012857,149685,9022,14825,0,0,unknown,unknown,general_model/courtship_V2/train,red_data_unified_V3/val,train,val,train,/mmfs1/gscratch/portia/eabe/data/Johnson_lab/red_data/general_model/courtship_V2/train/2026_03_09_14_39_40/Cam2012857/Frame_149685.jpg,/mmfs1/gscratch/portia/eabe/data/Johnson_lab/red_data/red_data_unified_V3/val/2026_04_07_11_33_33/Cam2012857/Frame_149685.jpg,T3L_TaT3=9.85px; Scutellum=8.49px; T1L_TaT3=6.40px; WingL_base=5.83px; T3R_TaT3=5.83px,,,
9.849,6.848,1.579,0.0,15,50,b4b8e64a4b071cd13afdb5b6f6772493,0.9977,2026_03_09_14_39_40,2026_04_07_11_33_33,Cam2012861,149685,9023,14826,0,0,unknown,unknown,general_model/courtship_V2/train,red_data_unified_V3/val,train,val,train,/mmfs1/gscratch/portia/eabe/data/Johnson_lab/red_data/general_model/courtship_V2/train/2026_03_09_14_39_40/Cam2012861/Frame_149685.jpg,/mmfs1/gscratch/portia/eabe/data/Johnson_lab/red_data/red_data_unified_V3/val/2026_04_07_11_33_33/Cam2012861/Frame_149685.jpg,T3L_TaT3=9.85px; Scutellum=7.81px; T1L_TaT3=7.21px; T3R_TaT1=6.40px; WingL_base=5.83px,,,
9.849,8.267,1.497,0.0,13,50,47ec633d74cea330b1fbe80c5de9b92e,0.9946,2026_03_09_14_39_40,2026_04_08_14_59_45,Cam2012861,149548,8820,15968,0,1,unknown,unknown,general_model/courtship_V2/train,red_data_unified_V3/train,train,train,train,/mmfs1/gscratch/portia/eabe/data/Johnson_lab/red_data/general_model/courtship_V2/train/2026_03_09_14_39_40/Cam2012861/Frame_149548.jpg,/mmfs1/gscratch/portia/eabe/data/Johnson_lab/red_data/red_data_unified_V3/train/2026_04_08_14_59_45/Cam2012861/Frame_149548.jpg,Scutellum=9.85px; T3L_TaT3=8.54px; T1L_TaT3=8.49px; T3R_TaT3=8.00px; EyeL=6.71px,,,
9.849,5.0,0.949,0.0,13,50,8da075825a40304b22ee5e4b89b24065,0.9929,2026_03_09_14_39_40,2026_04_07_11_33_33,Cam2012853,227721,9587,14937,0,0,unknown,unknown,general_model/courtship_V2/train,red_data_unified_V3/val,train,val,train,/mmfs1/gscratch/portia/eabe/data/Johnson_lab/red_data/general_model/courtship_V2/train/2026_03_09_14_39_40/Cam2012853/Frame_227721.jpg,/mmfs1/gscratch/portia/eabe/data/Johnson_lab/red_data/red_data_unified_V3/val/2026_04_07_11_33_33/Cam2012853/Frame_227721.jpg,Antenna_Base=9.85px; T1R_TaT3=7.81px; Scutellum=5.00px; T3L_TaT3=5.00px; T3R_TaT3=4.00px,,,
9.849,7.246,1.061,0.0,11,50,59eee01f5662046995001edb3ebf8eb3,1.0,2026_03_09_14_39_40,2026_04_07_11_33_33,Cam2012630,227735,9620,14960,0,0,unknown,unknown,general_model/courtship_V2/train,red_data_unified_V3/val,train,val,train,/mmfs1/gscratch/portia/eabe/data/Johnson_lab/red_data/general_model/courtship_V2/train/2026_03_09_14_39_40/Cam2012630/Frame_227735.jpg,/mmfs1/gscratch/portia/eabe/data/Johnson_lab/red_data/red_data_unified_V3/val/2026_04_07_11_33_33/Cam2012630/Frame_227735.jpg,T2R_TaT3=9.85px; Antenna_Base=9.43px; T2L_TaT3=8.00px; T3R_TaT3=6.32px; T1R_TaT3=5.00px,,,
9.487,8.246,2.038,1.0,26,50,271f7ac2e4d805b5b41f08ab108443fb,0.9841,2026_03_09_14_39_40,2026_04_08_14_59_45,Cam2012862,415210,10551,17861,0,1,unknown,unknown,general_model/courtship_V2/train,red_data_unified_V3/train,train,train,val,/mmfs1/gscratch/portia/eabe/data/Johnson_lab/red_data/general_model/courtship_V2/train/2026_03_09_14_39_40/Cam2012862/Frame_415210.jpg,/mmfs1/gscratch/portia/eabe/data/Johnson_lab/red_data/red_data_unified_V3/train/2026_04_08_14_59_45/Cam2012862/Frame_415210.jpg,WingR_base=9.49px; T3R_TaT3=9.43px; T2L_TaT3=8.25px; T3L_TaT3=8.25px; WingL_base=7.07px,,,
9.487,8.163,1.971,0.0,24,50,1dc360b42d925a8e725839cef6c67175,0.9885,2026_03_09_14_39_40,2026_04_08_14_59_45,Cam2012857,415197,10514,17821,0,1,unknown,unknown,general_model/courtship_V2/train,red_data_unified_V3/train,train,train,val,/mmfs1/gscratch/portia/eabe/data/Johnson_lab/red_data/general_model/courtship_V2/train/2026_03_09_14_39_40/Cam2012857/Frame_415197.jpg,/mmfs1/gscratch/portia/eabe/data/Johnson_lab/red_data/red_data_unified_V3/train/2026_04_08_14_59_45/Cam2012857/Frame_415197.jpg,T3L_TaT3=9.49px; T1R_TaT3=8.94px; T2R_TiTa=8.25px; T2L_TaT3=8.06px; T2R_TaT3=6.71px,,,
9.487,5.457,1.064,0.0,16,50,786c6dd5f671322c600d6250f7346055,1.0,2026_03_09_14_39_40,2026_04_07_11_33_33,Cam2012630,149685,9018,14822,0,0,unknown,unknown,general_model/courtship_V2/train,red_data_unified_V3/val,train,val,train,/mmfs1/gscratch/portia/eabe/data/Johnson_lab/red_data/general_model/courtship_V2/train/2026_03_09_14_39_40/Cam2012630/Frame_149685.jpg,/mmfs1/gscratch/portia/eabe/data/Johnson_lab/red_data/red_data_unified_V3/val/2026_04_07_11_33_33/Cam2012630/Frame_149685.jpg,T3L_TaT3=9.49px; Scutellum=6.00px; T1L_TaT3=5.83px; WingL_base=5.00px; T1R_TaT3=5.00px,,,
9.487,7.679,1.509,0.0,16,50,13053efc7eac99749e1b322bab5a9189,0.997,2026_03_09_14_39_40,2026_04_08_14_59_45,Cam2012630,149724,9088,16335,0,1,unknown,unknown,general_model/courtship_V2/train,red_data_unified_V3/train,train,-,train,/mmfs1/gscratch/portia/eabe/data/Johnson_lab/red_data/general_model/courtship_V2/train/2026_03_09_14_39_40/Cam2012630/Frame_149724.jpg,/mmfs1/gscratch/portia/eabe/data/Johnson_lab/red_data/red_data_unified_V3/train/2026_04_08_14_59_45/Cam2012630/Frame_149724.jpg,T3L_TaT3=9.49px; T2R_TaT3=8.25px; T2L_TaTip=8.06px; T1R_TaT3=7.21px; T3R_TaT3=7.21px,,,
9.487,7.915,1.46,0.0,13,50,b9d3dff3267ed485eaacc17e610d888d,0.9958,2026_03_09_14_39_40,2026_04_08_14_59_45,Cam2012857,149548,8819,15967,0,1,unknown,unknown,general_model/courtship_V2/train,red_data_unified_V3/train,train,train,train,/mmfs1/gscratch/portia/eabe/data/Johnson_lab/red_data/general_model/courtship_V2/train/2026_03_09_14_39_40/Cam2012857/Frame_149548.jpg,/mmfs1/gscratch/portia/eabe/data/Johnson_lab/red_data/red_data_unified_V3/train/2026_04_08_14_59_45/Cam2012857/Frame_149548.jpg,Scutellum=9.49px; T3L_TaT3=9.49px; T3R_TaT3=8.00px; T1L_TaT3=7.81px; EyeR=6.08px,,,
9.487,7.616,1.183,0.0,12,50,c5e34c39df971503e1a997b23b909149,0.9976,2026_03_09_14_39_40,2026_04_08_14_59_45,Cam2012862,149544,8814,15955,0,1,unknown,unknown,general_model/courtship_V2/train,red_data_unified_V3/train,train,train,train,/mmfs1/gscratch/portia/eabe/data/Johnson_lab/red_data/general_model/courtship_V2/train/2026_03_09_14_39_40/Cam2012862/Frame_149544.jpg,/mmfs1/gscratch/portia/eabe/data/Johnson_lab/red_data/red_data_unified_V3/train/2026_04_08_14_59_45/Cam2012862/Frame_149544.jpg,T3L_TaT3=9.49px; T1R_TaT3=8.06px; T3R_TaT3=8.06px; WingR_base=7.07px; WingL_base=7.00px,,,
9.487,6.216,1.105,0.0,11,50,8c7fac77be2907bec09606a29fd4c38e,0.9814,2026_03_09_14_39_40,2026_04_08_14_59_45,Cam2012631,227739,9628,16751,0,1,unknown,unknown,general_model/courtship_V2/train,red_data_unified_V3/train,train,train,train,/mmfs1/gscratch/portia/eabe/data/Johnson_lab/red_data/general_model/courtship_V2/train/2026_03_09_14_39_40/Cam2012631/Frame_227739.jpg,/mmfs1/gscratch/portia/eabe/data/Johnson_lab/red_data/red_data_unified_V3/train/2026_04_08_14_59_45/Cam2012631/Frame_227739.jpg,Antenna_Base=9.49px; T3R_TaT3=7.21px; T3L_TaT3=6.32px; Scutellum=6.08px; WingL_V13=5.83px,,,
9.434,8.852,2.532,1.0,30,50,6fbc858dcd4eb9e3f7b941017fe34efa,0.9733,2026_03_09_14_39_40,2026_04_08_14_59_45,Cam2012861,94115,7662,15177,0,1,unknown,unknown,general_model/courtship_V2/train,red_data_unified_V3/train,train,train,train,/mmfs1/gscratch/portia/eabe/data/Johnson_lab/red_data/general_model/courtship_V2/train/2026_03_09_14_39_40/Cam2012861/Frame_94115.jpg,/mmfs1/gscratch/portia/eabe/data/Johnson_lab/red_data/red_data_unified_V3/train/2026_04_08_14_59_45/Cam2012861/Frame_94115.jpg,T3R_TaT3=9.43px; T1R_TaT3=9.22px; T2R_Tro=9.06px; WingR_base=8.60px; T3L_TaT3=7.62px,,,
9.434,9.005,2.294,1.0,26,50,f80c57cc51f9619c6467044b65f71841,0.9992,2026_03_09_14_39_40,2026_04_08_14_59_45,Cam2012855,94103,7632,15133,0,1,unknown,unknown,general_model/courtship_V2/train,red_data_unified_V3/train,train,train,train,/mmfs1/gscratch/portia/eabe/data/Johnson_lab/red_data/general_model/courtship_V2/train/2026_03_09_14_39_40/Cam2012855/Frame_94103.jpg,/mmfs1/gscratch/portia/eabe/data/Johnson_lab/red_data/red_data_unified_V3/train/2026_04_08_14_59_45/Cam2012855/Frame_94103.jpg,WingR_base=9.43px; T2L_TaT3=9.22px; Scutellum=9.06px; T1L_TaT3=8.94px; T3L_TaT3=8.94px,,,
9.434,5.753,0.983,0.0,13,50,3033d677dfad013a0a002f03459efb63,0.998,2026_03_09_14_39_40,2026_04_07_11_33_33,Cam2012862,227735,9626,14966,0,0,unknown,unknown,general_model/courtship_V2/train,red_data_unified_V3/val,train,val,train,/mmfs1/gscratch/portia/eabe/data/Johnson_lab/red_data/general_model/courtship_V2/train/2026_03_09_14_39_40/Cam2012862/Frame_227735.jpg,/mmfs1/gscratch/portia/eabe/data/Johnson_lab/red_data/red_data_unified_V3/val/2026_04_07_11_33_33/Cam2012862/Frame_227735.jpg,T2R_TaT3=9.43px; T3R_TaT3=6.32px; Antenna_Base=5.83px; T1R_TaT3=5.66px; T3L_TaT3=4.00px,,,
9.434,8.378,1.258,0.0,11,50,a16172214d2fba94a656873d85417dc8,1.0,2026_03_09_14_39_40,2026_04_08_14_59_45,Cam2012631,149540,8802,15936,0,1,unknown,unknown,general_model/courtship_V2/train,red_data_unified_V3/train,train,train,train,/mmfs1/gscratch/portia/eabe/data/Johnson_lab/red_data/general_model/courtship_V2/train/2026_03_09_14_39_40/Cam2012631/Frame_149540.jpg,/mmfs1/gscratch/portia/eabe/data/Johnson_lab/red_data/red_data_unified_V3/train/2026_04_08_14_59_45/Cam2012631/Frame_149540.jpg,T3L_TaT3=9.43px; T1L_TaT3=8.94px; T2L_TaT3=8.49px; T3R_TaT3=8.25px; T1R_TaT3=6.32px,,,
9.434,8.55,1.462,0.0,11,50,2b2b20cb1b40f821bd7f6c43f6d3f47a,1.0,2026_03_09_14_39_40,2026_04_08_14_59_45,Cam2012857,149540,8805,15939,0,1,unknown,unknown,general_model/courtship_V2/train,red_data_unified_V3/train,train,train,train,/mmfs1/gscratch/portia/eabe/data/Johnson_lab/red_data/general_model/courtship_V2/train/2026_03_09_14_39_40/Cam2012857/Frame_149540.jpg,/mmfs1/gscratch/portia/eabe/data/Johnson_lab/red_data/red_data_unified_V3/train/2026_04_08_14_59_45/Cam2012857/Frame_149540.jpg,T3L_TaT3=9.43px; T3R_TaT3=9.22px; T1L_TaT3=8.60px; T1R_TaT3=8.49px; T2L_TaT1=8.06px,,,
9.434,5.535,0.741,0.0,8,50,76b75fe83e31c5d6da544fc3039ee480,0.9966,2026_03_09_14_39_40,2026_04_07_11_33_33,Cam2012855,149681,9014,14812,0,0,unknown,unknown,general_model/courtship_V2/train,red_data_unified_V3/val,train,val,train,/mmfs1/gscratch/portia/eabe/data/Johnson_lab/red_data/general_model/courtship_V2/train/2026_03_09_14_39_40/Cam2012855/Frame_149681.jpg,/mmfs1/gscratch/portia/eabe/data/Johnson_lab/red_data/red_data_unified_V3/val/2026_04_07_11_33_33/Cam2012855/Frame_149681.jpg,T2R_TaT3=9.43px; T1R_TaT3=7.07px; T3R_TaT3=5.66px; T3L_TaT3=5.39px; T1L_TaT3=5.10px,,,
9.22,6.908,1.829,0.5,25,50,7f63760b1796632f2d3c9cba7c34ed06,0.9849,2026_03_09_14_39_40,2026_04_08_14_59_45,Cam2012631,94120,7686,15187,0,1,unknown,unknown,general_model/courtship_V2/train,red_data_unified_V3/train,train,train,train,/mmfs1/gscratch/portia/eabe/data/Johnson_lab/red_data/general_model/courtship_V2/train/2026_03_09_14_39_40/Cam2012631/Frame_94120.jpg,/mmfs1/gscratch/portia/eabe/data/Johnson_lab/red_data/red_data_unified_V3/train/2026_04_08_14_59_45/Cam2012631/Frame_94120.jpg,Abd_tip=9.22px; T3R_TaT3=8.60px; WingR_base=7.07px; T1R_ThxCx=6.71px; T1R_TaT3=6.40px,,,
9.22,6.312,1.493,0.0,23,50,b3c775861aa751d393e853323447ea13,0.9986,2026_03_09_14_39_40,2026_04_08_14_59_45,Cam2012853,94124,7694,15202,0,1,unknown,unknown,general_model/courtship_V2/train,red_data_unified_V3/train,train,train,train,/mmfs1/gscratch/portia/eabe/data/Johnson_lab/red_data/general_model/courtship_V2/train/2026_03_09_14_39_40/Cam2012853/Frame_94124.jpg,/mmfs1/gscratch/portia/eabe/data/Johnson_lab/red_data/red_data_unified_V3/train/2026_04_08_14_59_45/Cam2012853/Frame_94124.jpg,WingR_base=9.22px; T2R_TaT3=7.28px; T3L_TaT3=7.07px; T1R_TaT3=5.39px; T2L_TaT3=5.10px,,,
9.22,8.135,2.128,0.0,20,50,74b72a8dbb13a77e515776d29c4d523b,1.0,2026_03_09_14_39_40,2026_04_08_14_59_45,Cam2012862,149508,8751,15843,0,1,unknown,unknown,general_model/courtship_V2/train,red_data_unified_V3/train,train,train,train,/mmfs1/gscratch/portia/eabe/data/Johnson_lab/red_data/general_model/courtship_V2/train/2026_03_09_14_39_40/Cam2012862/Frame_149508.jpg,/mmfs1/gscratch/portia/eabe/data/Johnson_lab/red_data/red_data_unified_V3/train/2026_04_08_14_59_45/Cam2012862/Frame_149508.jpg,T3L_TaT3=9.22px; T2R_FeTi=9.22px; T2R_TaT3=8.25px; T2R_TaT1=8.00px; T1R_ThxCx=7.28px,,,
9.22,6.259,1.37,0.0,16,50,430ce23f53c99ac1b45ecc9e7ded3469,0.9995,2026_03_09_14_39_40,2026_04_08_14_59_45,Cam2012862,149532,8793,15913,0,1,unknown,unknown,general_model/courtship_V2/train,red_data_unified_V3/train,train,train,train,/mmfs1/gscratch/portia/eabe/data/Johnson_lab/red_data/general_model/courtship_V2/train/2026_03_09_14_39_40/Cam2012862/Frame_149532.jpg,/mmfs1/gscratch/portia/eabe/data/Johnson_lab/red_data/red_data_unified_V3/train/2026_04_08_14_59_45/Cam2012862/Frame_149532.jpg,T1L_ThxCx=9.22px; T2L_TaT3=6.40px; T3L_TaT3=6.40px; T3R_TaT3=6.08px; WingR_base=5.39px,,,
9.22,6.908,1.406,0.0,16,50,1f1e0063f01421ebe5bf3d17cafb7e0e,0.9929,2026_03_09_14_39_40,2026_04_08_14_59_45,Cam2012630,149677,9004,16256,0,1,unknown,unknown,general_model/courtship_V2/train,red_data_unified_V3/train,train,train,train,/mmfs1/gscratch/portia/eabe/data/Johnson_lab/red_data/general_model/courtship_V2/train/2026_03_09_14_39_40/Cam2012630/Frame_149677.jpg,/mmfs1/gscratch/portia/eabe/data/Johnson_lab/red_data/red_data_unified_V3/train/2026_04_08_14_59_45/Cam2012630/Frame_149677.jpg,WingR_V13=9.22px; T3L_TaT3=7.62px; T1L_TaT3=7.07px; T2R_TaT3=6.71px; T3R_TaT3=5.83px,,,
9.22,5.657,1.311,0.0,16,50,0520ff5ad56992a7969e28dd0ffd692d,0.9979,2026_03_09_14_39_40,2026_04_07_11_33_33,Cam2012855,149685,9021,14824,0,0,unknown,unknown,general_model/courtship_V2/train,red_data_unified_V3/val,train,val,train,/mmfs1/gscratch/portia/eabe/data/Johnson_lab/red_data/general_model/courtship_V2/train/2026_03_09_14_39_40/Cam2012855/Frame_149685.jpg,/mmfs1/gscratch/portia/eabe/data/Johnson_lab/red_data/red_data_unified_V3/val/2026_04_07_11_33_33/Cam2012855/Frame_149685.jpg,T3L_TaT3=9.22px; Scutellum=7.81px; T1R_TaT3=5.66px; T3R_TaT3=5.66px; T1L_TaT3=5.10px,,,
9.22,6.083,1.246,0.0,15,50,d9535b827e6ff5f0d745f4339ed32196,0.9886,2026_03_09_14_39_40,2026_04_08_14_59_45,Cam2012853,149770,9174,16403,0,1,unknown,unknown,general_model/courtship_V2/val,red_data_unified_V3/train,train,train,train,/mmfs1/gscratch/portia/eabe/data/Johnson_lab/red_data/general_model/courtship_V2/val/2026_03_09_14_39_40/Cam2012853/Frame_149770.jpg,/mmfs1/gscratch/portia/eabe/data/Johnson_lab/red_data/red_data_unified_V3/train/2026_04_08_14_59_45/Cam2012853/Frame_149770.jpg,T1R_TaT3=9.22px; T1R_ThxCx=9.06px; T1L_TaT3=6.08px; T3L_TaT3=6.08px; T2L_TaT3=5.10px,,,
9.22,6.389,1.226,0.0,14,50,fdae823da23aeeb09aed8d87204886d5,1.0,2026_03_09_14_39_40,2026_04_08_14_59_45,Cam2012857,227905,9785,17071,0,1,unknown,unknown,general_model/courtship_V2/train,red_data_unified_V3/train,train,train,train,/mmfs1/gscratch/portia/eabe/data/Johnson_lab/red_data/general_model/courtship_V2/train/2026_03_09_14_39_40/Cam2012857/Frame_227905.jpg,/mmfs1/gscratch/portia/eabe/data/Johnson_lab/red_data/red_data_unified_V3/train/2026_04_08_14_59_45/Cam2012857/Frame_227905.jpg,T3R_TaT3=9.22px; T3L_TaT3=7.28px; T2L_TaT3=7.21px; T3R_Tro=5.39px; T1L_TaT3=5.10px,,,
9.22,7.949,1.161,0.0,13,50,da3182b0a271f8bf714eb0018db8cf59,0.9961,2026_03_09_14_39_40,2026_04_08_14_59_45,Cam2012630,149548,8815,15963,0,1,unknown,unknown,general_model/courtship_V2/train,red_data_unified_V3/train,train,train,train,/mmfs1/gscratch/portia/eabe/data/Johnson_lab/red_data/general_model/courtship_V2/train/2026_03_09_14_39_40/Cam2012630/Frame_149548.jpg,/mmfs1/gscratch/portia/eabe/data/Johnson_lab/red_data/red_data_unified_V3/train/2026_04_08_14_59_45/Cam2012630/Frame_149548.jpg,T3L_TaT3=9.22px; T3R_TaT3=9.22px; Scutellum=8.06px; T1R_TaT3=7.81px; T2L_TaT3=5.39px,,,
9.22,7.616,1.133,0.0,12,50,7ac98e9499f3eaa3428767bd06f0fb93,0.9942,2026_03_09_14_39_40,2026_04_08_14_59_45,Cam2012862,227725,9605,16733,0,1,unknown,unknown,general_model/courtship_V2/train,red_data_unified_V3/train,train,train,train,/mmfs1/gscratch/portia/eabe/data/Johnson_lab/red_data/general_model/courtship_V2/train/2026_03_09_14_39_40/Cam2012862/Frame_227725.jpg,/mmfs1/gscratch/portia/eabe/data/Johnson_lab/red_data/red_data_unified_V3/train/2026_04_08_14_59_45/Cam2012862/Frame_227725.jpg,T2L_TaT3=9.22px; T2R_TaT3=8.60px; Antenna_Base=8.06px; T3R_TaT3=7.07px; T1R_TaT3=5.00px,,,
9.22,5.256,0.945,0.0,10,50,c3776b8d41554cd52e69fe13376a3ef5,1.0,2026_03_09_14_39_40,2026_04_08_14_59_45,Cam2012855,149381,8564,15518,0,1,unknown,unknown,general_model/courtship_V2/val,red_data_unified_V3/train,train,train,train,/mmfs1/gscratch/portia/eabe/data/Johnson_lab/red_data/general_model/courtship_V2/val/2026_03_09_14_39_40/Cam2012855/Frame_149381.jpg,/mmfs1/gscratch/portia/eabe/data/Johnson_lab/red_data/red_data_unified_V3/train/2026_04_08_14_59_45/Cam2012855/Frame_149381.jpg,WingL_base=9.22px; T3R_TaT3=6.32px; T1L_TaT3=5.39px; T1R_TaT3=5.10px; Antenna_Base=4.47px,,,
9.055,5.723,1.216,0.0,19,50,d196558e4dd98b7082a9225beb6afa73,0.999,2026_03_09_14_39_40,2026_04_08_14_59_45,Cam2012630,149516,8759,15865,0,1,unknown,unknown,general_model/courtship_V2/train,red_data_unified_V3/train,train,train,train,/mmfs1/gscratch/portia/eabe/data/Johnson_lab/red_data/general_model/courtship_V2/train/2026_03_09_14_39_40/Cam2012630/Frame_149516.jpg,/mmfs1/gscratch/portia/eabe/data/Johnson_lab/red_data/red_data_unified_V3/train/2026_04_08_14_59_45/Cam2012630/Frame_149516.jpg,T3L_TaT3=9.06px; T1R_TaT3=6.71px; T1L_TaT3=6.00px; T3R_TaT3=5.39px; Scutellum=4.00px,,,
9.055,7.963,1.85,0.0,16,50,47f3de90968f127f9279c100cca2919d,1.0,2026_03_09_14_39_40,2026_04_08_14_59_45,Cam2012857,149532,8791,15911,0,1,unknown,unknown,general_model/courtship_V2/train,red_data_unified_V3/train,train,train,train,/mmfs1/gscratch/portia/eabe/data/Johnson_lab/red_data/general_model/courtship_V2/train/2026_03_09_14_39_40/Cam2012857/Frame_149532.jpg,/mmfs1/gscratch/portia/eabe/data/Johnson_lab/red_data/red_data_unified_V3/train/2026_04_08_14_59_45/Cam2012857/Frame_149532.jpg,T1R_ThxCx=9.06px; T1L_ThxCx=8.25px; WingR_base=8.25px; WingL_base=7.62px; T2L_TaT3=6.40px,,,
9.055,7.963,1.756,0.0,16,50,ef9cbaadd1d78fb569df4d08a5ec3fa4,1.0,2026_03_09_14_39_40,2026_04_08_14_59_45,Cam2012861,149532,8792,15912,0,1,unknown,unknown,general_model/courtship_V2/train,red_data_unified_V3/train,train,train,train,/mmfs1/gscratch/portia/eabe/data/Johnson_lab/red_data/general_model/courtship_V2/train/2026_03_09_14_39_40/Cam2012861/Frame_149532.jpg,/mmfs1/gscratch/portia/eabe/data/Johnson_lab/red_data/red_data_unified_V3/train/2026_04_08_14_59_45/Cam2012861/Frame_149532.jpg,T1R_ThxCx=9.06px; T1L_ThxCx=8.25px; WingR_base=8.25px; WingL_base=7.62px; T3L_TaT3=6.40px,,,
9.055,5.406,1.167,0.0,16,50,4248cf7b7a1cc8e88795fbad621bfb0c,0.9989,2026_03_09_14_39_40,2026_04_07_11_33_33,Cam2012853,149685,9020,14823,0,0,unknown,unknown,general_model/courtship_V2/train,red_data_unified_V3/val,train,val,train,/mmfs1/gscratch/portia/eabe/data/Johnson_lab/red_data/general_model/courtship_V2/train/2026_03_09_14_39_40/Cam2012853/Frame_149685.jpg,/mmfs1/gscratch/portia/eabe/data/Johnson_lab/red_data/red_data_unified_V3/val/2026_04_07_11_33_33/Cam2012853/Frame_149685.jpg,T3L_TaT3=9.06px; Scutellum=6.71px; T3R_TaT3=5.66px; T1L_TaT3=5.10px; T1R_ThxCx=5.10px,,,
9.055,6.77,1.652,0.0,15,50,84a6a3c80fd61f1e44f1f66686772380,1.0,2026_03_09_14_39_40,2026_04_08_14_59_45,Cam2012855,149480,8713,15770,0,1,unknown,unknown,general_model/courtship_V2/train,red_data_unified_V3/train,train,train,train,/mmfs1/gscratch/portia/eabe/data/Johnson_lab/red_data/general_model/courtship_V2/train/2026_03_09_14_39_40/Cam2012855/Frame_149480.jpg,/mmfs1/gscratch/portia/eabe/data/Johnson_lab/red_data/red_data_unified_V3/train/2026_04_08_14_59_45/Cam2012855/Frame_149480.jpg,WingR_base=9.06px; T1R_TaT3=7.62px; WingL_base=7.07px; T1L_TaT3=6.40px; Scutellum=6.32px,,,
9.055,6.735,1.276,0.0,15,50,524a0f3dcc7c84674ecbe1bd4450539a,0.9868,2026_03_09_14_39_40,2026_04_08_14_59_45,Cam2012855,149770,9175,16404,0,1,unknown,unknown,general_model/courtship_V2/val,red_data_unified_V3/train,train,train,train,/mmfs1/gscratch/portia/eabe/data/Johnson_lab/red_data/general_model/courtship_V2/val/2026_03_09_14_39_40/Cam2012855/Frame_149770.jpg,/mmfs1/gscratch/portia/eabe/data/Johnson_lab/red_data/red_data_unified_V3/train/2026_04_08_14_59_45/Cam2012855/Frame_149770.jpg,T1R_ThxCx=9.06px; T1R_TaT3=7.21px; T1L_TaT3=7.07px; T2R_TaT3=6.32px; T3L_TaT3=6.08px,,,
9.055,7.645,1.579,0.0,14,50,92ab1c67d1c8a9a6aa3a92775b8fcf3d,1.0,2026_03_09_14_39_40,2026_04_08_14_59_45,Cam2012857,149782,9197,16429,0,1,unknown,unknown,general_model/courtship_V2/val,red_data_unified_V3/train,train,train,train,/mmfs1/gscratch/portia/eabe/data/Johnson_lab/red_data/general_model/courtship_V2/val/2026_03_09_14_39_40/Cam2012857/Frame_149782.jpg,/mmfs1/gscratch/portia/eabe/data/Johnson_lab/red_data/red_data_unified_V3/train/2026_04_08_14_59_45/Cam2012857/Frame_149782.jpg,T2R_Tro=9.06px; T3L_TiTa=8.54px; T3L_TaT3=8.00px; T2L_TaT3=7.21px; T2L_TaT1=6.08px,,,
9.055,6.571,1.208,0.0,14,50,27e5daf1d380caf85fba2ceffff52426,0.9976,2026_03_09_14_39_40,2026_04_08_14_59_45,Cam2012862,227905,9787,17073,0,1,unknown,unknown,general_model/courtship_V2/train,red_data_unified_V3/train,train,train,train,/mmfs1/gscratch/portia/eabe/data/Johnson_lab/red_data/general_model/courtship_V2/train/2026_03_09_14_39_40/Cam2012862/Frame_227905.jpg,/mmfs1/gscratch/portia/eabe/data/Johnson_lab/red_data/red_data_unified_V3/train/2026_04_08_14_59_45/Cam2012862/Frame_227905.jpg,T3R_TaT3=9.06px; T3L_TaT3=7.62px; T2L_TaT3=6.71px; T1R_TaT3=6.40px; T2R_TaT3=6.32px,,,
9.055,8.299,1.561,0.0,13,50,443c3c20030ecd71306d7edc631b5b25,1.0,2026_03_09_14_39_40,2026_04_08_14_59_45,Cam2012631,149564,8844,16006,0,1,unknown,unknown,general_model/courtship_V2/train,red_data_unified_V3/train,train,train,train,/mmfs1/gscratch/portia/eabe/data/Johnson_lab/red_data/general_model/courtship_V2/train/2026_03_09_14_39_40/Cam2012631/Frame_149564.jpg,/mmfs1/gscratch/portia/eabe/data/Johnson_lab/red_data/red_data_unified_V3/train/2026_04_08_14_59_45/Cam2012631/Frame_149564.jpg,Scutellum=9.06px; WingR_base=9.06px; WingL_base=8.54px; T2L_TaT3=8.00px; T1R_Tro=7.07px,,,
9.055,5.406,1.009,0.0,13,50,132846c332549bd1460c4177e752dcae,1.0,2026_03_09_14_39_40,2026_04_08_14_59_45,Cam2012853,227713,9566,16717,0,1,unknown,unknown,general_model/courtship_V2/train,red_data_unified_V3/train,train,train,train,/mmfs1/gscratch/portia/eabe/data/Johnson_lab/red_data/general_model/courtship_V2/train/2026_03_09_14_39_40/Cam2012853/Frame_227713.jpg,/mmfs1/gscratch/portia/eabe/data/Johnson_lab/red_data/red_data_unified_V3/train/2026_04_08_14_59_45/Cam2012853/Frame_227713.jpg,T3R_TaT3=9.06px; T2L_TaT3=6.40px; T3L_TaT3=5.66px; T2R_TaT3=5.10px; T1L_TaT3=5.00px,,,
9.055,7.07,1.331,0.0,12,50,f1805d70a687c69f39768333530f1da3,1.0,2026_03_09_14_39_40,2026_04_08_14_59_45,Cam2012861,149693,9037,16284,0,1,unknown,unknown,general_model/courtship_V2/train,red_data_unified_V3/train,train,train,train,/mmfs1/gscratch/portia/eabe/data/Johnson_lab/red_data/general_model/courtship_V2/train/2026_03_09_14_39_40/Cam2012861/Frame_149693.jpg,/mmfs1/gscratch/portia/eabe/data/Johnson_lab/red_data/red_data_unified_V3/train/2026_04_08_14_59_45/Cam2012861/Frame_149693.jpg,WingR_base=9.06px; Scutellum=8.54px; T3L_TaT3=7.62px; T1L_TaT3=6.40px; T1R_TaT1=6.08px,,,
9.055,7.249,1.17,0.0,12,50,8d1336e395dee4dd96d7eaa04045d26f,0.9965,2026_03_09_14_39_40,2026_04_08_14_59_45,Cam2012862,227731,9619,16745,0,1,unknown,unknown,general_model/courtship_V2/train,red_data_unified_V3/train,train,train,train,/mmfs1/gscratch/portia/eabe/data/Johnson_lab/red_data/general_model/courtship_V2/train/2026_03_09_14_39_40/Cam2012862/Frame_227731.jpg,/mmfs1/gscratch/portia/eabe/data/Johnson_lab/red_data/red_data_unified_V3/train/2026_04_08_14_59_45/Cam2012862/Frame_227731.jpg,T3L_TaT3=9.06px; Antenna_Base=7.28px; T3R_TaT3=7.28px; T1R_TaT3=7.21px; T2R_TaT3=6.71px,,,
9.055,7.949,1.012,0.0,9,50,880680eb7c41b427eb45e2399d204722,0.9983,2026_03_09_14_39_40,2026_04_08_14_59_45,Cam2012853,227866,9727,17029,0,1,unknown,unknown,general_model/courtship_V2/train,red_data_unified_V3/train,train,train,train,/mmfs1/gscratch/portia/eabe/data/Johnson_lab/red_data/general_model/courtship_V2/train/2026_03_09_14_39_40/Cam2012853/Frame_227866.jpg,/mmfs1/gscratch/portia/eabe/data/Johnson_lab/red_data/red_data_unified_V3/train/2026_04_08_14_59_45/Cam2012853/Frame_227866.jpg,T2L_TaT3=9.06px; T3R_TaT3=8.60px; Antenna_Base=8.06px; T3L_TaT3=7.81px; T1R_TaT3=4.12px,,,
9.0,6.368,1.49,0.0,19,50,80d807dd874a489f33e6db2757505761,0.9995,2026_03_09_14_39_40,2026_04_08_14_59_45,Cam2012862,149516,8765,15871,0,1,unknown,unknown,general_model/courtship_V2/train,red_data_unified_V3/train,train,train,train,/mmfs1/gscratch/portia/eabe/data/Johnson_lab/red_data/general_model/courtship_V2/train/2026_03_09_14_39_40/Cam2012862/Frame_149516.jpg,/mmfs1/gscratch/portia/eabe/data/Johnson_lab/red_data/red_data_unified_V3/train/2026_04_08_14_59_45/Cam2012862/Frame_149516.jpg,T3L_TaT3=9.00px; T1R_ThxCx=6.71px; Scutellum=6.40px; T1L_ThxCx=6.32px; T1L_TaT3=6.32px,,,
9.0,7.071,1.579,0.0,16,50,e341dc1ef1bc81e88f256a874d014eba,0.9985,2026_03_09_14_39_40,2026_04_08_14_59_45,Cam2012853,149488,8726,15797,0,1,unknown,unknown,general_model/courtship_V2/train,red_data_unified_V3/train,train,train,train,/mmfs1/gscratch/portia/eabe/data/Johnson_lab/red_data/general_model/courtship_V2/train/2026_03_09_14_39_40/Cam2012853/Frame_149488.jpg,/mmfs1/gscratch/portia/eabe/data/Johnson_lab/red_data/red_data_unified_V3/train/2026_04_08_14_59_45/Cam2012853/Frame_149488.jpg,T1R_ThxCx=9.00px; T1L_TaT3=7.07px; T3L_TaT3=7.07px; T1R_TaT3=7.07px; WingL_base=7.00px,,,
9.0,6.046,1.271,0.0,14,50,e11aecb842039c2f545c974e55a82249,0.9952,2026_03_09_14_39_40,2026_04_08_14_59_45,Cam2012631,227905,9782,17069,0,1,unknown,unknown,general_model/courtship_V2/train,red_data_unified_V3/train,train,train,train,/mmfs1/gscratch/portia/eabe/data/Johnson_lab/red_data/general_model/courtship_V2/train/2026_03_09_14_39_40/Cam2012631/Frame_227905.jpg,/mmfs1/gscratch/portia/eabe/data/Johnson_lab/red_data/red_data_unified_V3/train/2026_04_08_14_59_45/Cam2012631/Frame_227905.jpg,T3R_TaT3=9.00px; T3L_TaT3=7.62px; T1L_TaT3=6.08px; T2L_TaT3=6.00px; T2R_TaT3=5.39px,,,
9.0,7.177,1.214,0.0,13,50,f22f0332413a35e73bf4a866e5ddfaa5,0.996,2026_03_09_14_39_40,2026_04_08_14_59_45,Cam2012853,149548,8817,15965,0,1,unknown,unknown,general_model/courtship_V2/train,red_data_unified_V3/train,train,train,train,/mmfs1/gscratch/portia/eabe/data/Johnson_lab/red_data/general_model/courtship_V2/train/2026_03_09_14_39_40/Cam2012853/Frame_149548.jpg,/mmfs1/gscratch/portia/eabe/data/Johnson_lab/red_data/red_data_unified_V3/train/2026_04_08_14_59_45/Cam2012853/Frame_149548.jpg,T3L_TaT3=9.00px; T3R_TaT3=8.25px; T1R_TaT3=7.81px; T1L_TaT3=6.40px; T2R_TaT3=5.39px,,,
9.0,5.772,0.99,0.0,12,50,2636801d149a45f31e4d37e450a4b9d6,0.9998,2026_03_09_14_39_40,2026_04_08_14_59_45,Cam2012630,149484,8717,15781,0,1,unknown,unknown,general_model/courtship_V2/train,red_data_unified_V3/train,train,train,train,/mmfs1/gscratch/portia/eabe/data/Johnson_lab/red_data/general_model/courtship_V2/train/2026_03_09_14_39_40/Cam2012630/Frame_149484.jpg,/mmfs1/gscratch/portia/eabe/data/Johnson_lab/red_data/red_data_unified_V3/train/2026_04_08_14_59_45/Cam2012630/Frame_149484.jpg,T1R_TiTa=9.00px; WingL_base=7.07px; T3R_TaT3=6.40px; Scutellum=5.00px; T1L_TaT3=4.00px,,,
9.0,6.427,1.175,0.0,12,50,a6bb7372f4766ffef7a016b7e85a60c4,1.0,2026_03_09_14_39_40,2026_04_08_14_59_45,Cam2012630,149693,9032,16280,0,1,unknown,unknown,general_model/courtship_V2/train,red_data_unified_V3/train,train,train,train,/mmfs1/gscratch/portia/eabe/data/Johnson_lab/red_data/general_model/courtship_V2/train/2026_03_09_14_39_40/Cam2012630/Frame_149693.jpg,/mmfs1/gscratch/portia/eabe/data/Johnson_lab/red_data/red_data_unified_V3/train/2026_04_08_14_59_45/Cam2012630/Frame_149693.jpg,T1R_TiTa=9.00px; T1R_TaT1=9.00px; T3L_TaT3=7.28px; T1L_TaT3=5.39px; T1R_TaT3=5.39px,,,
9.0,8.062,1.45,0.0,11,50,cdbd2dff419dfe0b6e97a5b63152a39e,1.0,2026_03_09_14_39_40,2026_04_08_14_59_45,Cam2012631,149363,8527,15460,0,1,unknown,unknown,general_model/courtship_V2/train,red_data_unified_V3/train,train,train,train,/mmfs1/gscratch/portia/eabe/data/Johnson_lab/red_data/general_model/courtship_V2/train/2026_03_09_14_39_40/Cam2012631/Frame_149363.jpg,/mmfs1/gscratch/portia/eabe/data/Johnson_lab/red_data/red_data_unified_V3/train/2026_04_08_14_59_45/Cam2012631/Frame_149363.jpg,Antenna_Base=9.00px; T2L_TaT3=8.60px; T1L_TaT3=8.06px; T3L_TaT3=8.06px; T3R_TaT3=7.81px,,,
9.0,2.828,0.421,0.0,5,50,6247dedf96177ffe62657f3f4b5aecea,1.0,2026_03_09_14_39_40,2026_04_08_14_59_45,Cam2012862,149345,8490,15423,0,1,unknown,unknown,general_model/courtship_V2/val,red_data_unified_V3/train,train,train,train,/mmfs1/gscratch/portia/eabe/data/Johnson_lab/red_data/general_model/courtship_V2/val/2026_03_09_14_39_40/Cam2012862/Frame_149345.jpg,/mmfs1/gscratch/portia/eabe/data/Johnson_lab/red_data/red_data_unified_V3/train/2026_04_08_14_59_45/Cam2012862/Frame_149345.jpg,Scutellum=9.00px; EyeR=5.39px; EyeL=2.83px; T1R_TiTa=2.83px; T2R_TiTa=1.00px,,,
9.0,3.618,0.497,0.0,5,50,baf0f9bef95facbd73c71ef37d7ffc90,1.0,2026_03_09_14_39_40,2026_04_08_14_59_45,Cam2012631,149349,8492,15432,0,1,unknown,unknown,general_model/courtship_V2/train,red_data_unified_V3/train,train,train,train,/mmfs1/gscratch/portia/eabe/data/Johnson_lab/red_data/general_model/courtship_V2/train/2026_03_09_14_39_40/Cam2012631/Frame_149349.jpg,/mmfs1/gscratch/portia/eabe/data/Johnson_lab/red_data/red_data_unified_V3/train/2026_04_08_14_59_45/Cam2012631/Frame_149349.jpg,Antenna_Base=9.00px; EyeL=6.71px; T1L_TaT1=4.12px; Abd_A4=3.00px; T1R_TaT1=2.00px,,,
8.944,6.216,1.261,0.0,14,50,4f8d95ac52ca9949d2aae75aec2d4f13,1.0,2026_03_09_14_39_40,2026_04_08_14_59_45,Cam2012855,149564,8846,16008,0,1,unknown,unknown,general_model/courtship_V2/train,red_data_unified_V3/train,train,train,train,/mmfs1/gscratch/portia/eabe/data/Johnson_lab/red_data/general_model/courtship_V2/train/2026_03_09_14_39_40/Cam2012855/Frame_149564.jpg,/mmfs1/gscratch/portia/eabe/data/Johnson_lab/red_data/red_data_unified_V3/train/2026_04_08_14_59_45/Cam2012855/Frame_149564.jpg,WingL_base=8.94px; WingR_base=8.06px; T1R_TaT3=7.21px; EyeR=5.00px; T2R_TaT3=5.00px,,,
8.944,7.116,1.275,0.0,12,50,d96ffb4855def75659de625974190d42,1.0,2026_03_09_14_39_40,2026_04_08_14_59_45,Cam2012857,149693,9036,16283,0,1,unknown,unknown,general_model/courtship_V2/train,red_data_unified_V3/train,train,train,train,/mmfs1/gscratch/portia/eabe/data/Johnson_lab/red_data/general_model/courtship_V2/train/2026_03_09_14_39_40/Cam2012857/Frame_149693.jpg,/mmfs1/gscratch/portia/eabe/data/Johnson_lab/red_data/red_data_unified_V3/train/2026_04_08_14_59_45/Cam2012857/Frame_149693.jpg,Scutellum=8.94px; WingR_base=8.00px; T1L_TaT3=7.21px; T1R_TaT1=7.00px; T3L_TaT3=6.71px,,,
8.944,7.339,1.259,0.0,12,50,aaf76f53a8a503b23b11b9d96b8e5209,1.0,2026_03_09_14_39_40,2026_04_08_14_59_45,Cam2012861,149705,9058,16296,0,1,unknown,unknown,general_model/courtship_V2/train,red_data_unified_V3/train,train,train,train,/mmfs1/gscratch/portia/eabe/data/Johnson_lab/red_data/general_model/courtship_V2/train/2026_03_09_14_39_40/Cam2012861/Frame_149705.jpg,/mmfs1/gscratch/portia/eabe/data/Johnson_lab/red_data/red_data_unified_V3/train/2026_04_08_14_59_45/Cam2012861/Frame_149705.jpg,T3R_TaT3=8.94px; T3L_TaT3=8.06px; T1L_TaT3=7.62px; T2L_TaT3=7.00px; T1R_TiTa=6.08px,,,
8.944,6.869,1.231,0.0,11,50,e5945a59eada5609a917a316ebd1a002,1.0,2026_03_09_14_39_40,2026_04_08_14_59_45,Cam2012857,149705,9057,16295,0,1,unknown,unknown,general_model/courtship_V2/train,red_data_unified_V3/train,train,train,train,/mmfs1/gscratch/portia/eabe/data/Johnson_lab/red_data/general_model/courtship_V2/train/2026_03_09_14_39_40/Cam2012857/Frame_149705.jpg,/mmfs1/gscratch/portia/eabe/data/Johnson_lab/red_data/red_data_unified_V3/train/2026_04_08_14_59_45/Cam2012857/Frame_149705.jpg,T3R_TaT3=8.94px; T3L_TaT3=7.62px; T2L_TaT3=7.00px; T1L_TaT3=6.71px; T1R_TiTa=6.08px,,,
8.602,7.154,2.09,0.5,25,50,1ffcf89768e0ccae309a7db18952f305,0.9978,2026_03_09_14_39_40,2026_04_08_14_59_45,Cam2012855,94120,7688,15189,0,1,unknown,unknown,general_model/courtship_V2/train,red_data_unified_V3/train,train,train,train,/mmfs1/gscratch/portia/eabe/data/Johnson_lab/red_data/general_model/courtship_V2/train/2026_03_09_14_39_40/Cam2012855/Frame_94120.jpg,/mmfs1/gscratch/portia/eabe/data/Johnson_lab/red_data/red_data_unified_V3/train/2026_04_08_14_59_45/Cam2012855/Frame_94120.jpg,Abd_tip=8.60px; WingR_base=7.81px; T2L_TaT3=7.28px; T2R_Tro=7.00px; T1R_TaT3=6.71px,,,
8.602,6.848,1.453,0.0,23,50,ead4a3e139fb0bf2d85ef88f715893cd,0.9985,2026_03_09_14_39_40,2026_04_08_14_59_45,Cam2012855,94124,7695,15203,0,1,unknown,unknown,general_model/courtship_V2/train,red_data_unified_V3/train,train,train,train,/mmfs1/gscratch/portia/eabe/data/Johnson_lab/red_data/general_model/courtship_V2/train/2026_03_09_14_39_40/Cam2012855/Frame_94124.jpg,/mmfs1/gscratch/portia/eabe/data/Johnson_lab/red_data/red_data_unified_V3/train/2026_04_08_14_59_45/Cam2012855/Frame_94124.jpg,WingR_base=8.60px; T2L_TaT3=7.28px; T1R_TaT3=7.21px; T3L_TaT3=6.40px; T3R_TaT3=5.00px,,,
8.602,6.885,1.029,0.0,10,50,2f30e461a5d4e6bd5824c34c017ef0f6,0.989,2026_03_09_14_39_40,2026_04_08_14_59_45,Cam2012853,149365,8535,15475,0,1,unknown,unknown,general_model/courtship_V2/train,red_data_unified_V3/train,train,train,train,/mmfs1/gscratch/portia/eabe/data/Johnson_lab/red_data/general_model/courtship_V2/train/2026_03_09_14_39_40/Cam2012853/Frame_149365.jpg,/mmfs1/gscratch/portia/eabe/data/Johnson_lab/red_data/red_data_unified_V3/train/2026_04_08_14_59_45/Cam2012853/Frame_149365.jpg,T3R_TaT3=8.60px; T2L_TaT3=8.54px; T2R_TaT3=7.28px; T1R_TaT3=6.40px; T1L_TaT3=5.66px,,,
8.602,6.145,0.607,0.0,6,50,6fd9136fde151906bb8a310ca1e6fd87,0.9932,2026_03_09_14_39_40,2026_04_07_11_33_33,Cam2012853,149681,9013,14811,0,0,unknown,unknown,general_model/courtship_V2/train,red_data_unified_V3/val,train,val,train,/mmfs1/gscratch/portia/eabe/data/Johnson_lab/red_data/general_model/courtship_V2/train/2026_03_09_14_39_40/Cam2012853/Frame_149681.jpg,/mmfs1/gscratch/portia/eabe/data/Johnson_lab/red_data/red_data_unified_V3/val/2026_04_07_11_33_33/Cam2012853/Frame_149681.jpg,T2R_TaT3=8.60px; T3R_TaT3=7.21px; T1R_TaT3=7.00px; T3L_TaT3=5.10px; T2L_TaT3=1.41px,,,
8.544,6.427,1.342,0.0,19,50,08f60b3b2f81d2bb0943ae4c14f7445c,0.9669,2026_03_09_14_39_40,2026_04_07_11_33_33,Cam2012855,227719,9581,14926,0,0,unknown,unknown,general_model/courtship_V2/train,red_data_unified_V3/val,train,val,train,/mmfs1/gscratch/portia/eabe/data/Johnson_lab/red_data/general_model/courtship_V2/train/2026_03_09_14_39_40/Cam2012855/Frame_227719.jpg,/mmfs1/gscratch/portia/eabe/data/Johnson_lab/red_data/red_data_unified_V3/val/2026_04_07_11_33_33/Cam2012855/Frame_227719.jpg,Antenna_Base=8.54px; Scutellum=7.62px; T3L_TaT3=6.71px; T2L_TaTip=6.08px; T3R_TaT3=6.08px,,,
8.544,6.908,1.316,0.0,15,50,0ceebabeaacac829a967e15a89cad15f,0.9935,2026_03_09_14_39_40,2026_04_08_14_59_45,Cam2012630,149512,8752,15851,0,1,unknown,unknown,general_model/courtship_V2/train,red_data_unified_V3/train,train,train,train,/mmfs1/gscratch/portia/eabe/data/Johnson_lab/red_data/general_model/courtship_V2/train/2026_03_09_14_39_40/Cam2012630/Frame_149512.jpg,/mmfs1/gscratch/portia/eabe/data/Johnson_lab/red_data/red_data_unified_V3/train/2026_04_08_14_59_45/Cam2012630/Frame_149512.jpg,T3L_TaT3=8.54px; Scutellum=7.07px; T1R_TaT3=7.07px; T2R_TaT3=6.71px; T3R_TaT3=6.71px,,,
8.544,6.222,1.077,0.0,10,50,b1795aecf7347b31d27d7977a4c4fb25,1.0,2026_03_09_14_39_40,2026_04_07_11_33_33,Cam2012857,149740,9120,14849,0,0,unknown,unknown,general_model/courtship_V2/train,red_data_unified_V3/val,train,val,train,/mmfs1/gscratch/portia/eabe/data/Johnson_lab/red_data/general_model/courtship_V2/train/2026_03_09_14_39_40/Cam2012857/Frame_149740.jpg,/mmfs1/gscratch/portia/eabe/data/Johnson_lab/red_data/red_data_unified_V3/val/2026_04_07_11_33_33/Cam2012857/Frame_149740.jpg,T3L_TaT3=8.54px; T1R_TaT3=6.71px; T2R_TaT3=6.40px; T2L_TaT3=6.00px; T1L_TaT3=5.83px,,,
8.544,1.68,0.296,0.0,4,50,1f1267d9d59b37021c55737c28da6772,1.0,2026_03_09_14_39_40,2026_04_08_14_59_45,Cam2012857,149337,8474,15393,0,1,unknown,unknown,general_model/courtship_V2/train,red_data_unified_V3/train,train,train,train,/mmfs1/gscratch/portia/eabe/data/Johnson_lab/red_data/general_model/courtship_V2/train/2026_03_09_14_39_40/Cam2012857/Frame_149337.jpg,/mmfs1/gscratch/portia/eabe/data/Johnson_lab/red_data/red_data_unified_V3/train/2026_04_08_14_59_45/Cam2012857/Frame_149337.jpg,EyeR=8.54px; EyeL=3.00px; T1R_TaT1=2.24px; T3R_FeTi=1.00px,,,
8.544,1.23,0.26,0.0,3,50,6bd523e2d2a49292f6cfa80afb6be934,1.0,2026_03_09_14_39_40,2026_04_08_14_59_45,Cam2012861,149337,8475,15394,0,1,unknown,unknown,general_model/courtship_V2/train,red_data_unified_V3/train,train,train,train,/mmfs1/gscratch/portia/eabe/data/Johnson_lab/red_data/general_model/courtship_V2/train/2026_03_09_14_39_40/Cam2012861/Frame_149337.jpg,/mmfs1/gscratch/portia/eabe/data/Johnson_lab/red_data/red_data_unified_V3/train/2026_04_08_14_59_45/Cam2012861/Frame_149337.jpg,EyeR=8.54px; EyeL=2.24px; T1R_TaT1=2.24px,,,
8.485,6.696,1.557,0.0,23,50,6d6ef2a2714c4ab0f6f1b1b0e06c3721,0.9984,2026_03_09_14_39_40,2026_04_08_14_59_45,Cam2012861,94124,7697,15205,0,1,unknown,unknown,general_model/courtship_V2/train,red_data_unified_V3/train,train,train,train,/mmfs1/gscratch/portia/eabe/data/Johnson_lab/red_data/general_model/courtship_V2/train/2026_03_09_14_39_40/Cam2012861/Frame_94124.jpg,/mmfs1/gscratch/portia/eabe/data/Johnson_lab/red_data/red_data_unified_V3/train/2026_04_08_14_59_45/Cam2012861/Frame_94124.jpg,T1R_TaT3=8.49px; T3R_TaT3=7.81px; WingR_base=7.00px; T2R_TaT3=6.32px; T2L_TaT3=6.08px,,,
8.485,7.186,1.303,0.0,14,50,2e79be91438058ca7d580a90ee93b3b8,1.0,2026_03_09_14_39_40,2026_04_08_14_59_45,Cam2012857,149689,9029,16271,0,1,unknown,unknown,general_model/courtship_V2/train,red_data_unified_V3/train,train,train,train,/mmfs1/gscratch/portia/eabe/data/Johnson_lab/red_data/general_model/courtship_V2/train/2026_03_09_14_39_40/Cam2012857/Frame_149689.jpg,/mmfs1/gscratch/portia/eabe/data/Johnson_lab/red_data/red_data_unified_V3/train/2026_04_08_14_59_45/Cam2012857/Frame_149689.jpg,T1R_TaT3=8.49px; T3L_TaT3=8.25px; EyeR=7.28px; Scutellum=7.07px; T3R_TaT3=6.71px,,,
8.485,8.246,1.352,0.0,14,50,b5989ecac6924fe640e76d7a79698417,1.0,2026_03_09_14_39_40,2026_04_08_14_59_45,Cam2012861,149689,9030,16272,0,1,unknown,unknown,general_model/courtship_V2/train,red_data_unified_V3/train,train,train,train,/mmfs1/gscratch/portia/eabe/data/Johnson_lab/red_data/general_model/courtship_V2/train/2026_03_09_14_39_40/Cam2012861/Frame_149689.jpg,/mmfs1/gscratch/portia/eabe/data/Johnson_lab/red_data/red_data_unified_V3/train/2026_04_08_14_59_45/Cam2012861/Frame_149689.jpg,T1R_TaT3=8.49px; EyeR=8.25px; Scutellum=8.25px; T3L_TaT3=8.25px; T2R_TaT3=6.32px,,,
8.246,7.541,1.717,0.5,25,50,42521b591611bd0fa8a9137d6eb8c2c4,0.9971,2026_03_09_14_39_40,2026_04_08_14_59_45,Cam2012630,94107,7636,15144,0,1,unknown,unknown,general_model/courtship_V2/train,red_data_unified_V3/train,train,train,train,/mmfs1/gscratch/portia/eabe/data/Johnson_lab/red_data/general_model/courtship_V2/train/2026_03_09_14_39_40/Cam2012630/Frame_94107.jpg,/mmfs1/gscratch/portia/eabe/data/Johnson_lab/red_data/red_data_unified_V3/train/2026_04_08_14_59_45/Cam2012630/Frame_94107.jpg,T2R_TaT3=8.25px; T1R_TaT3=8.06px; WingR_base=7.81px; T1L_TaT3=7.21px; T3L_TaT3=7.21px,,,
8.246,6.735,1.804,0.0,20,50,5015c8e82f35f2f02d2649c0071f3770,0.9895,2026_03_09_14_39_40,2026_04_08_14_59_45,Cam2012853,149516,8761,15867,0,1,unknown,unknown,general_model/courtship_V2/train,red_data_unified_V3/train,train,train,train,/mmfs1/gscratch/portia/eabe/data/Johnson_lab/red_data/general_model/courtship_V2/train/2026_03_09_14_39_40/Cam2012853/Frame_149516.jpg,/mmfs1/gscratch/portia/eabe/data/Johnson_lab/red_data/red_data_unified_V3/train/2026_04_08_14_59_45/Cam2012853/Frame_149516.jpg,T3L_TaT3=8.25px; T1R_ThxCx=8.06px; Scutellum=7.07px; T1L_ThxCx=6.32px; T1L_TaT3=6.32px,,,
8.246,6.731,1.172,0.0,14,50,785ba43a08be9ead828643294c2cb941,0.9873,2026_03_09_14_39_40,2026_04_08_14_59_45,Cam2012855,227905,9784,17070,0,1,unknown,unknown,general_model/courtship_V2/train,red_data_unified_V3/train,train,train,train,/mmfs1/gscratch/portia/eabe/data/Johnson_lab/red_data/general_model/courtship_V2/train/2026_03_09_14_39_40/Cam2012855/Frame_227905.jpg,/mmfs1/gscratch/portia/eabe/data/Johnson_lab/red_data/red_data_unified_V3/train/2026_04_08_14_59_45/Cam2012855/Frame_227905.jpg,T3R_TaT3=8.25px; T2L_TaT3=7.81px; T3L_TaT3=7.00px; T1R_TaT3=6.40px; T1L_TaT3=5.00px,,,
8.246,6.908,1.312,0.0,13,50,e68083289e01deb53b7a53dbed9ccacd,1.0,2026_03_09_14_39_40,2026_04_08_14_59_45,Cam2012861,149476,8708,15758,0,1,unknown,unknown,general_model/courtship_V2/train,red_data_unified_V3/train,train,train,train,/mmfs1/gscratch/portia/eabe/data/Johnson_lab/red_data/general_model/courtship_V2/train/2026_03_09_14_39_40/Cam2012861/Frame_149476.jpg,/mmfs1/gscratch/portia/eabe/data/Johnson_lab/red_data/red_data_unified_V3/train/2026_04_08_14_59_45/Cam2012861/Frame_149476.jpg,T1L_ThxCx=8.25px; T3L_TaT3=7.07px; T1R_Tro=7.07px; Scutellum=6.71px; T2L_TaT3=5.83px,,,
8.246,7.142,1.318,0.0,13,50,09981ae177b394aeb32f0ad2bd56162f,0.9961,2026_03_09_14_39_40,2026_04_08_14_59_45,Cam2012855,149548,8818,15966,0,1,unknown,unknown,general_model/courtship_V2/train,red_data_unified_V3/train,train,train,train,/mmfs1/gscratch/portia/eabe/data/Johnson_lab/red_data/general_model/courtship_V2/train/2026_03_09_14_39_40/Cam2012855/Frame_149548.jpg,/mmfs1/gscratch/portia/eabe/data/Johnson_lab/red_data/red_data_unified_V3/train/2026_04_08_14_59_45/Cam2012855/Frame_149548.jpg,T3L_TaT3=8.25px; T3R_TaT3=8.06px; T1L_TaT3=7.81px; T2R_TaT3=6.32px; T1R_TaT3=5.83px,,,
8.246,6.926,1.181,0.0,13,50,b57244d2f3791f32af04ea46db05763e,1.0,2026_03_09_14_39_40,2026_04_08_14_59_45,Cam2012855,149689,9028,16270,0,1,unknown,unknown,general_model/courtship_V2/train,red_data_unified_V3/train,train,train,train,/mmfs1/gscratch/portia/eabe/data/Johnson_lab/red_data/general_model/courtship_V2/train/2026_03_09_14_39_40/Cam2012855/Frame_149689.jpg,/mmfs1/gscratch/portia/eabe/data/Johnson_lab/red_data/red_data_unified_V3/train/2026_04_08_14_59_45/Cam2012855/Frame_149689.jpg,T3L_TaT3=8.25px; T1R_TaT3=7.81px; EyeR=7.62px; Scutellum=6.08px; T2R_TaT3=5.66px,,,
8.246,5.219,0.876,0.0,12,50,b94857f265cbce05bcb0d6648fa2e03f,1.0,2026_03_09_14_39_40,2026_04_08_14_59_45,Cam2012855,149365,8536,15476,0,1,unknown,unknown,general_model/courtship_V2/train,red_data_unified_V3/train,train,train,train,/mmfs1/gscratch/portia/eabe/data/Johnson_lab/red_data/general_model/courtship_V2/train/2026_03_09_14_39_40/Cam2012855/Frame_149365.jpg,/mmfs1/gscratch/portia/eabe/data/Johnson_lab/red_data/red_data_unified_V3/train/2026_04_08_14_59_45/Cam2012855/Frame_149365.jpg,T3R_TaT3=8.25px; T1R_TaT3=7.07px; T2L_TaT3=5.83px; T1L_TaT3=4.47px; T3L_TaT3=4.12px,,,
8.246,7.148,1.189,0.0,10,50,4297b1f778a5bbcc6ea9fbb3c39e656b,1.0,2026_03_09_14_39_40,2026_04_08_14_59_45,Cam2012861,149713,9072,16320,0,1,unknown,unknown,general_model/courtship_V2/train,red_data_unified_V3/train,train,train,train,/mmfs1/gscratch/portia/eabe/data/Johnson_lab/red_data/general_model/courtship_V2/train/2026_03_09_14_39_40/Cam2012861/Frame_149713.jpg,/mmfs1/gscratch/portia/eabe/data/Johnson_lab/red_data/red_data_unified_V3/train/2026_04_08_14_59_45/Cam2012861/Frame_149713.jpg,Scutellum=8.25px; WingR_V12=7.28px; T3L_TaT3=7.21px; T2L_TaT3=7.07px; T3R_TaT3=7.07px,,,
8.246,6.389,0.952,0.0,10,50,4594542e78924a2611dda37f7e219787,1.0,2026_03_09_14_39_40,2026_04_07_11_33_33,Cam2012855,149740,9119,14848,0,0,unknown,unknown,general_model/courtship_V2/train,red_data_unified_V3/val,train,val,train,/mmfs1/gscratch/portia/eabe/data/Johnson_lab/red_data/general_model/courtship_V2/train/2026_03_09_14_39_40/Cam2012855/Frame_149740.jpg,/mmfs1/gscratch/portia/eabe/data/Johnson_lab/red_data/red_data_unified_V3/val/2026_04_07_11_33_33/Cam2012855/Frame_149740.jpg,T3L_TaT3=8.25px; T3R_TaT3=7.81px; T2R_TaT3=7.21px; T1L_TaT3=5.39px; T1R_TaT3=5.00px,,,
8.246,6.222,1.096,0.0,10,50,5ae3e0d66900349fa7fedd82629b6563,0.9994,2026_03_09_14_39_40,2026_04_07_11_33_33,Cam2012861,149740,9121,14850,0,0,unknown,unknown,general_model/courtship_V2/train,red_data_unified_V3/val,train,val,train,/mmfs1/gscratch/portia/eabe/data/Johnson_lab/red_data/general_model/courtship_V2/train/2026_03_09_14_39_40/Cam2012861/Frame_149740.jpg,/mmfs1/gscratch/portia/eabe/data/Johnson_lab/red_data/red_data_unified_V3/val/2026_04_07_11_33_33/Cam2012861/Frame_149740.jpg,T3L_TaT3=8.25px; T3R_TaT3=6.71px; T2R_TaT3=6.40px; T2L_TaT3=6.00px; T1L_TaT3=5.83px,,,
8.246,4.605,0.728,0.0,8,50,7cd02c0fa843842954269b7e33e2bc6e,1.0,2026_03_09_14_39_40,2026_04_08_14_59_45,Cam2012861,149353,8503,15450,0,1,unknown,unknown,general_model/courtship_V2/train,red_data_unified_V3/train,train,train,train,/mmfs1/gscratch/portia/eabe/data/Johnson_lab/red_data/general_model/courtship_V2/train/2026_03_09_14_39_40/Cam2012861/Frame_149353.jpg,/mmfs1/gscratch/portia/eabe/data/Johnson_lab/red_data/red_data_unified_V3/train/2026_04_08_14_59_45/Cam2012861/Frame_149353.jpg,Antenna_Base=8.25px; T3R_TaT1=6.32px; T1R_TaT3=5.00px; T3L_TaT3=4.12px; T3R_TaT3=4.12px,,,
8.062,7.148,1.843,1.0,28,50,bd3da770f41122762a8cef23579e543c,0.9977,2026_03_09_14_39_40,2026_04_08_14_59_45,Cam2012853,94107,7638,15146,0,1,unknown,unknown,general_model/courtship_V2/train,red_data_unified_V3/train,train,train,train,/mmfs1/gscratch/portia/eabe/data/Johnson_lab/red_data/general_model/courtship_V2/train/2026_03_09_14_39_40/Cam2012853/Frame_94107.jpg,/mmfs1/gscratch/portia/eabe/data/Johnson_lab/red_data/red_data_unified_V3/train/2026_04_08_14_59_45/Cam2012853/Frame_94107.jpg,T2L_TaT3=8.06px; T3L_TaT3=7.81px; T1L_TaT3=7.21px; T1R_TaT3=7.07px; T1R_ThxCx=6.40px,,,
8.062,6.908,1.247,0.0,15,50,4387f0e8a86b1e98fcb407a353347449,0.9891,2026_03_09_14_39_40,2026_04_08_14_59_45,Cam2012857,149770,9176,16405,0,1,unknown,unknown,general_model/courtship_V2/val,red_data_unified_V3/train,train,train,train,/mmfs1/gscratch/portia/eabe/data/Johnson_lab/red_data/general_model/courtship_V2/val/2026_03_09_14_39_40/Cam2012857/Frame_149770.jpg,/mmfs1/gscratch/portia/eabe/data/Johnson_lab/red_data/red_data_unified_V3/train/2026_04_08_14_59_45/Cam2012857/Frame_149770.jpg,T1R_ThxCx=8.06px; T1L_TaT3=7.07px; T2L_TaT3=7.07px; T3L_TaT3=6.71px; T1R_TaT3=6.32px,,,
8.062,7.071,1.269,0.0,15,50,f096973a5de02538b86cf9b5dedfe47b,0.989,2026_03_09_14_39_40,2026_04_08_14_59_45,Cam2012861,149770,9177,16406,0,1,unknown,unknown,general_model/courtship_V2/val,red_data_unified_V3/train,train,train,train,/mmfs1/gscratch/portia/eabe/data/Johnson_lab/red_data/general_model/courtship_V2/val/2026_03_09_14_39_40/Cam2012861/Frame_149770.jpg,/mmfs1/gscratch/portia/eabe/data/Johnson_lab/red_data/red_data_unified_V3/train/2026_04_08_14_59_45/Cam2012861/Frame_149770.jpg,T1R_ThxCx=8.06px; T1L_TaT3=7.28px; T2L_TaT3=7.07px; T1R_TaT3=7.07px; T3L_TaT3=6.71px,,,
8.062,3.089,0.642,0.0,14,50,4216b2b33246f9d6811a0f56e18083c0,1.0,2026_03_09_14_39_40,2026_04_08_14_59_45,Cam2012631,149341,8478,15404,0,1,unknown,unknown,general_model/courtship_V2/train,red_data_unified_V3/train,train,train,train,/mmfs1/gscratch/portia/eabe/data/Johnson_lab/red_data/general_model/courtship_V2/train/2026_03_09_14_39_40/Cam2012631/Frame_149341.jpg,/mmfs1/gscratch/portia/eabe/data/Johnson_lab/red_data/red_data_unified_V3/train/2026_04_08_14_59_45/Cam2012631/Frame_149341.jpg,Scutellum=8.06px; EyeR=3.16px; T1R_TiTa=3.16px; Antenna_Base=3.00px; T3R_TiTa=2.24px,,,
8.062,5.984,1.247,0.0,14,50,fdbb174efcebade05d7f32cb5efa58db,1.0,2026_03_09_14_39_40,2026_04_08_14_59_45,Cam2012861,227905,9786,17072,0,1,unknown,unknown,general_model/courtship_V2/train,red_data_unified_V3/train,train,train,train,/mmfs1/gscratch/portia/eabe/data/Johnson_lab/red_data/general_model/courtship_V2/train/2026_03_09_14_39_40/Cam2012861/Frame_227905.jpg,/mmfs1/gscratch/portia/eabe/data/Johnson_lab/red_data/red_data_unified_V3/train/2026_04_08_14_59_45/Cam2012861/Frame_227905.jpg,T3R_TaT3=8.06px; T3L_TaT3=7.28px; T2L_TaT3=6.71px; T1L_TaT3=5.10px; T1R_TaT3=5.10px,,,
8.062,2.745,0.569,0.0,13,50,6f71763fda51cf675238e6056b15a1e0,1.0,2026_03_09_14_39_40,2026_04_08_14_59_45,Cam2012862,149341,8483,15409,0,1,unknown,unknown,general_model/courtship_V2/train,red_data_unified_V3/train,train,train,train,/mmfs1/gscratch/portia/eabe/data/Johnson_lab/red_data/general_model/courtship_V2/train/2026_03_09_14_39_40/Cam2012862/Frame_149341.jpg,/mmfs1/gscratch/portia/eabe/data/Johnson_lab/red_data/red_data_unified_V3/train/2026_04_08_14_59_45/Cam2012862/Frame_149341.jpg,Scutellum=8.06px; EyeR=3.16px; T3R_TiTa=3.16px; T1R_TiTa=2.24px; Antenna_Base=2.00px,,,
8.062,6.368,1.306,0.0,13,50,45b4dfc825f040ffe5468027356638ab,0.9953,2026_03_09_14_39_40,2026_04_08_14_59_45,Cam2012630,149476,8703,15753,0,1,unknown,unknown,general_model/courtship_V2/train,red_data_unified_V3/train,train,train,train,/mmfs1/gscratch/portia/eabe/data/Johnson_lab/red_data/general_model/courtship_V2/train/2026_03_09_14_39_40/Cam2012630/Frame_149476.jpg,/mmfs1/gscratch/portia/eabe/data/Johnson_lab/red_data/red_data_unified_V3/train/2026_04_08_14_59_45/Cam2012630/Frame_149476.jpg,T1R_Tro=8.06px; T2R_TaT3=8.06px; T3L_TaT3=6.40px; T1L_ThxCx=6.32px; T1R_TaT3=5.83px,,,
8.062,6.313,1.126,0.0,13,50,17d861ed3c7ea6e718e10770f79f7457,1.0,2026_03_09_14_39_40,2026_04_08_14_59_45,Cam2012853,149476,8705,15755,0,1,unknown,unknown,general_model/courtship_V2/train,red_data_unified_V3/train,train,train,train,/mmfs1/gscratch/portia/eabe/data/Johnson_lab/red_data/general_model/courtship_V2/train/2026_03_09_14_39_40/Cam2012853/Frame_149476.jpg,/mmfs1/gscratch/portia/eabe/data/Johnson_lab/red_data/red_data_unified_V3/train/2026_04_08_14_59_45/Cam2012853/Frame_149476.jpg,T2R_TaT3=8.06px; T1R_ThxCx=7.28px; T1R_TaT3=6.71px; T3R_TaT3=5.83px; T2L_TaT3=5.10px,,,
8.062,6.908,1.344,0.0,13,50,9fac09564689706fe5d01e6a41d57a48,1.0,2026_03_09_14_39_40,2026_04_08_14_59_45,Cam2012857,149476,8707,15757,0,1,unknown,unknown,general_model/courtship_V2/train,red_data_unified_V3/train,train,train,train,/mmfs1/gscratch/portia/eabe/data/Johnson_lab/red_data/general_model/courtship_V2/train/2026_03_09_14_39_40/Cam2012857/Frame_149476.jpg,/mmfs1/gscratch/portia/eabe/data/Johnson_lab/red_data/red_data_unified_V3/train/2026_04_08_14_59_45/Cam2012857/Frame_149476.jpg,T1L_ThxCx=8.06px; T3L_TaT3=7.07px; T1R_Tro=7.07px; Scutellum=6.71px; T3R_TaT3=6.08px,,,
8.062,5.924,1.276,0.0,13,50,3eea01260f9d2c82074f6bc4114a6bef,1.0,2026_03_09_14_39_40,2026_04_08_14_59_45,Cam2012862,149564,8849,16011,0,1,unknown,unknown,general_model/courtship_V2/train,red_data_unified_V3/train,train,train,train,/mmfs1/gscratch/portia/eabe/data/Johnson_lab/red_data/general_model/courtship_V2/train/2026_03_09_14_39_40/Cam2012862/Frame_149564.jpg,/mmfs1/gscratch/portia/eabe/data/Johnson_lab/red_data/red_data_unified_V3/train/2026_04_08_14_59_45/Cam2012862/Frame_149564.jpg,Scutellum=8.06px; T2L_TaT3=7.07px; T1R_Tro=6.00px; WingL_base=5.83px; T1L_TaT3=5.83px,,,
8.062,5.212,1.006,0.0,13,50,d03f7c5d232e5521dbff8f753737ec39,1.0,2026_03_09_14_39_40,2026_04_08_14_59_45,Cam2012862,149689,9031,16273,0,1,unknown,unknown,general_model/courtship_V2/train,red_data_unified_V3/train,train,train,train,/mmfs1/gscratch/portia/eabe/data/Johnson_lab/red_data/general_model/courtship_V2/train/2026_03_09_14_39_40/Cam2012862/Frame_149689.jpg,/mmfs1/gscratch/portia/eabe/data/Johnson_lab/red_data/red_data_unified_V3/train/2026_04_08_14_59_45/Cam2012862/Frame_149689.jpg,T3L_TaT3=8.06px; T2L_TaT3=7.07px; T1L_TaT3=5.39px; EyeR=5.00px; Scutellum=4.47px,,,
8.062,5.124,0.953,0.0,12,50,dec690a8ffaedbade6c86c0ee4cdeaaa,1.0,2026_03_09_14_39_40,2026_04_08_14_59_45,Cam2012853,149689,9027,16269,0,1,unknown,unknown,general_model/courtship_V2/train,red_data_unified_V3/train,train,train,train,/mmfs1/gscratch/portia/eabe/data/Johnson_lab/red_data/general_model/courtship_V2/train/2026_03_09_14_39_40/Cam2012853/Frame_149689.jpg,/mmfs1/gscratch/portia/eabe/data/Johnson_lab/red_data/red_data_unified_V3/train/2026_04_08_14_59_45/Cam2012853/Frame_149689.jpg,T3L_TaT3=8.06px; T1R_TaT3=6.71px; T2R_TaT3=5.66px; EyeR=4.47px; Scutellum=4.47px,,,
8.062,5.054,0.867,0.0,12,50,48a17236a5a30170c757eb150c8894fe,0.9997,2026_03_09_14_39_40,2026_04_07_11_33_33,Cam2012862,227721,9591,14941,0,0,unknown,unknown,general_model/courtship_V2/train,red_data_unified_V3/val,train,val,train,/mmfs1/gscratch/portia/eabe/data/Johnson_lab/red_data/general_model/courtship_V2/train/2026_03_09_14_39_40/Cam2012862/Frame_227721.jpg,/mmfs1/gscratch/portia/eabe/data/Johnson_lab/red_data/red_data_unified_V3/val/2026_04_07_11_33_33/Cam2012862/Frame_227721.jpg,Antenna_Base=8.06px; T1R_TaT3=6.40px; T2R_TaT3=5.10px; Scutellum=5.00px; T3R_TaT3=4.12px,,,
8.062,7.249,1.201,0.0,10,50,f21dc5b1eb63edfa97d5b3e89f7b525e,1.0,2026_03_09_14_39_40,2026_04_08_14_59_45,Cam2012857,149713,9071,16319,0,1,unknown,unknown,general_model/courtship_V2/train,red_data_unified_V3/train,train,train,train,/mmfs1/gscratch/portia/eabe/data/Johnson_lab/red_data/general_model/courtship_V2/train/2026_03_09_14_39_40/Cam2012857/Frame_149713.jpg,/mmfs1/gscratch/portia/eabe/data/Johnson_lab/red_data/red_data_unified_V3/train/2026_04_08_14_59_45/Cam2012857/Frame_149713.jpg,Scutellum=8.06px; T2L_TaT3=8.06px; Abd_A4=7.28px; T3L_TaT3=7.21px; T3R_TaT3=7.00px,,,
8.062,7.148,1.05,0.0,10,50,1ed360278d08cf0c522cc3bd754ff6c6,1.0,2026_03_09_14_39_40,2026_04_07_11_33_33,Cam2012853,149740,9118,14847,0,0,unknown,unknown,general_model/courtship_V2/train,red_data_unified_V3/val,train,val,train,/mmfs1/gscratch/portia/eabe/data/Johnson_lab/red_data/general_model/courtship_V2/train/2026_03_09_14_39_40/Cam2012853/Frame_149740.jpg,/mmfs1/gscratch/portia/eabe/data/Johnson_lab/red_data/red_data_unified_V3/val/2026_04_07_11_33_33/Cam2012853/Frame_149740.jpg,T2L_TaT3=8.06px; T3L_TaT3=8.00px; T3R_TaT3=7.21px; T2R_TaT3=7.07px; T1L_TaT3=6.40px,,,
8.062,5.924,0.81,0.0,8,50,4db029118a69b6f44ed2201e57f18907,0.987,2026_03_09_14_39_40,2026_04_07_11_33_33,Cam2012861,149681,9016,14814,0,0,unknown,unknown,general_model/courtship_V2/train,red_data_unified_V3/val,train,val,train,/mmfs1/gscratch/portia/eabe/data/Johnson_lab/red_data/general_model/courtship_V2/train/2026_03_09_14_39_40/Cam2012861/Frame_149681.jpg,/mmfs1/gscratch/portia/eabe/data/Johnson_lab/red_data/red_data_unified_V3/val/2026_04_07_11_33_33/Cam2012861/Frame_149681.jpg,T1L_TaT3=8.06px; T2R_TaT3=7.21px; T1R_TaT3=6.00px; T3L_TaT3=5.83px; T3R_TaT3=5.39px,,,
8.062,5.753,0.816,0.0,8,50,45f58500de2eb4519e5f7cade14bc807,0.9965,2026_03_09_14_39_40,2026_04_07_11_33_33,Cam2012862,149681,9017,14815,0,0,unknown,unknown,general_model/courtship_V2/train,red_data_unified_V3/val,train,val,train,/mmfs1/gscratch/portia/eabe/data/Johnson_lab/red_data/general_model/courtship_V2/train/2026_03_09_14_39_40/Cam2012862/Frame_149681.jpg,/mmfs1/gscratch/portia/eabe/data/Johnson_lab/red_data/red_data_unified_V3/val/2026_04_07_11_33_33/Cam2012862/Frame_149681.jpg,T1L_TaT3=8.06px; T1R_TaT3=7.00px; T3L_TaT3=5.83px; T3R_TaT3=5.66px; T2L_TaT3=5.00px,,,
8.062,4.369,0.544,0.0,6,50,72f504f4fa20319cb3415cefa09e2ea8,1.0,2026_03_09_14_39_40,2026_04_08_14_59_45,Cam2012630,149369,8540,15487,0,1,unknown,unknown,general_model/courtship_V2/train,red_data_unified_V3/train,train,train,train,/mmfs1/gscratch/portia/eabe/data/Johnson_lab/red_data/general_model/courtship_V2/train/2026_03_09_14_39_40/Cam2012630/Frame_149369.jpg,/mmfs1/gscratch/portia/eabe/data/Johnson_lab/red_data/red_data_unified_V3/train/2026_04_08_14_59_45/Cam2012630/Frame_149369.jpg,T2R_TaT3=8.06px; T3L_TaT3=5.39px; T2L_TaT3=4.47px; T1L_TaT3=4.24px; T3R_TaT3=3.61px,,,
8.062,5.729,0.668,0.0,6,50,2dbdd27a8ab89024885fb742170b9b8d,1.0,2026_03_09_14_39_40,2026_04_08_14_59_45,Cam2012630,227861,9718,17015,0,1,unknown,unknown,general_model/courtship_V2/train,red_data_unified_V3/train,train,train,train,/mmfs1/gscratch/portia/eabe/data/Johnson_lab/red_data/general_model/courtship_V2/train/2026_03_09_14_39_40/Cam2012630/Frame_227861.jpg,/mmfs1/gscratch/portia/eabe/data/Johnson_lab/red_data/red_data_unified_V3/train/2026_04_08_14_59_45/Cam2012630/Frame_227861.jpg,Antenna_Base=8.06px; T3R_TaT3=6.71px; T1R_TaT3=6.32px; T3L_TaT3=5.00px; T2L_TaT3=4.12px,,,
8.062,2.989,0.395,0.0,4,50,96ccc456e68e346ad6c956f3b2e3a0ca,1.0,2026_03_09_14_39_40,2026_04_08_14_59_45,Cam2012857,149345,8488,15421,0,1,unknown,unknown,general_model/courtship_V2/val,red_data_unified_V3/train,train,train,train,/mmfs1/gscratch/portia/eabe/data/Johnson_lab/red_data/general_model/courtship_V2/val/2026_03_09_14_39_40/Cam2012857/Frame_149345.jpg,/mmfs1/gscratch/portia/eabe/data/Johnson_lab/red_data/red_data_unified_V3/train/2026_04_08_14_59_45/Cam2012857/Frame_149345.jpg,Scutellum=8.06px; EyeR=5.83px; EyeL=3.61px; T1R_TiTa=2.24px,,,
8.062,3.606,0.419,0.0,4,50,e94566d9a1c69404026cc9ccc9c00f74,1.0,2026_03_09_14_39_40,2026_04_08_14_59_45,Cam2012861,149345,8489,15422,0,1,unknown,unknown,general_model/courtship_V2/val,red_data_unified_V3/train,train,train,train,/mmfs1/gscratch/portia/eabe/data/Johnson_lab/red_data/general_model/courtship_V2/val/2026_03_09_14_39_40/Cam2012861/Frame_149345.jpg,/mmfs1/gscratch/portia/eabe/data/Johnson_lab/red_data/red_data_unified_V3/train/2026_04_08_14_59_45/Cam2012861/Frame_149345.jpg,Scutellum=8.06px; EyeR=5.83px; EyeL=4.24px; T1R_TiTa=2.83px,,,
8.0,6.571,1.416,0.0,17,50,04c7c184b4fc08ec6007bb4fb2773562,0.9928,2026_03_09_14_39_40,2026_04_08_14_59_45,Cam2012853,149512,8754,15853,0,1,unknown,unknown,general_model/courtship_V2/train,red_data_unified_V3/train,train,train,train,/mmfs1/gscratch/portia/eabe/data/Johnson_lab/red_data/general_model/courtship_V2/train/2026_03_09_14_39_40/Cam2012853/Frame_149512.jpg,/mmfs1/gscratch/portia/eabe/data/Johnson_lab/red_data/red_data_unified_V3/train/2026_04_08_14_59_45/Cam2012853/Frame_149512.jpg,T3L_TaT3=8.00px; T2L_FeTi=7.28px; T1R_ThxCx=6.71px; T3R_TaT3=6.40px; T2R_TaT3=5.83px,,,
8.0,6.536,1.594,0.0,17,50,5cff185671be8db4bf2b8699520d2784,1.0,2026_03_09_14_39_40,2026_04_08_14_59_45,Cam2012855,149532,8790,15910,0,1,unknown,unknown,general_model/courtship_V2/train,red_data_unified_V3/train,train,train,train,/mmfs1/gscratch/portia/eabe/data/Johnson_lab/red_data/general_model/courtship_V2/train/2026_03_09_14_39_40/Cam2012855/Frame_149532.jpg,/mmfs1/gscratch/portia/eabe/data/Johnson_lab/red_data/red_data_unified_V3/train/2026_04_08_14_59_45/Cam2012855/Frame_149532.jpg,T1R_ThxCx=8.00px; WingR_base=7.28px; WingL_base=6.71px; T1R_TaT3=6.32px; T3R_TaT3=6.32px,,,
8.0,6.024,1.105,0.0,15,50,b1de739c82e2cb2bbe7a00f573179f76,1.0,2026_03_09_14_39_40,2026_04_08_14_59_45,Cam2012631,149500,8732,15824,0,1,unknown,unknown,general_model/courtship_V2/val,red_data_unified_V3/train,train,train,train,/mmfs1/gscratch/portia/eabe/data/Johnson_lab/red_data/general_model/courtship_V2/val/2026_03_09_14_39_40/Cam2012631/Frame_149500.jpg,/mmfs1/gscratch/portia/eabe/data/Johnson_lab/red_data/red_data_unified_V3/train/2026_04_08_14_59_45/Cam2012631/Frame_149500.jpg,T2L_TaT3=8.00px; T3L_TaT3=7.21px; WingL_base=6.32px; T1L_TaT3=5.66px; Antenna_Base=5.10px,,,
8.0,5.723,1.227,0.0,15,50,0ae5584ca7918219dc1c19979cdee47f,1.0,2026_03_09_14_39_40,2026_04_08_14_59_45,Cam2012853,149500,8733,15825,0,1,unknown,unknown,general_model/courtship_V2/val,red_data_unified_V3/train,train,train,train,/mmfs1/gscratch/portia/eabe/data/Johnson_lab/red_data/general_model/courtship_V2/val/2026_03_09_14_39_40/Cam2012853/Frame_149500.jpg,/mmfs1/gscratch/portia/eabe/data/Johnson_lab/red_data/red_data_unified_V3/train/2026_04_08_14_59_45/Cam2012853/Frame_149500.jpg,T2L_TaT3=8.00px; T3L_TaT3=7.07px; T1R_ThxCx=6.00px; T2R_TaT3=5.39px; T2L_TiTa=5.00px,,,
8.0,5.753,1.02,0.0,11,50,39e9c5e77ac3930cfc7d837233dda308,1.0,2026_03_09_14_39_40,2026_04_08_14_59_45,Cam2012861,149381,8566,15520,0,1,unknown,unknown,general_model/courtship_V2/val,red_data_unified_V3/train,train,train,train,/mmfs1/gscratch/portia/eabe/data/Johnson_lab/red_data/general_model/courtship_V2/val/2026_03_09_14_39_40/Cam2012861/Frame_149381.jpg,/mmfs1/gscratch/portia/eabe/data/Johnson_lab/red_data/red_data_unified_V3/train/2026_04_08_14_59_45/Cam2012861/Frame_149381.jpg,WingL_base=8.00px; T3R_TaT3=7.07px; T1L_TaT3=5.83px; Antenna_Base=5.66px; Scutellum=5.66px,,,
8.0,5.099,0.842,0.0,11,50,14c4417f624a5c937e08cbe7807242d8,1.0,2026_03_09_14_39_40,2026_04_08_14_59_45,Cam2012630,149689,9025,16268,0,1,unknown,unknown,general_model/courtship_V2/train,red_data_unified_V3/train,train,train,train,/mmfs1/gscratch/portia/eabe/data/Johnson_lab/red_data/general_model/courtship_V2/train/2026_03_09_14_39_40/Cam2012630/Frame_149689.jpg,/mmfs1/gscratch/portia/eabe/data/Johnson_lab/red_data/red_data_unified_V3/train/2026_04_08_14_59_45/Cam2012630/Frame_149689.jpg,T3L_TaT3=8.00px; T1R_TaT3=7.00px; T1L_TaT3=5.10px; T2L_TaT3=5.10px; T2R_TaT3=4.47px,,,
8.0,6.474,0.826,0.0,8,50,458e2a493cbcb5be1fa053580483ab09,0.9851,2026_03_09_14_39_40,2026_04_07_11_33_33,Cam2012857,149681,9015,14813,0,0,unknown,unknown,general_model/courtship_V2/train,red_data_unified_V3/val,train,val,train,/mmfs1/gscratch/portia/eabe/data/Johnson_lab/red_data/general_model/courtship_V2/train/2026_03_09_14_39_40/Cam2012857/Frame_149681.jpg,/mmfs1/gscratch/portia/eabe/data/Johnson_lab/red_data/red_data_unified_V3/val/2026_04_07_11_33_33/Cam2012857/Frame_149681.jpg,T1L_TaT3=8.00px; T2R_TaT3=7.21px; T1R_TaT3=7.00px; T3L_TaT3=5.83px; T3R_TaT3=5.00px,,,
8.0,3.89,0.489,0.0,5,50,0d75a9bed2c723c0fb9979a73aa47654,1.0,2026_03_09_14_39_40,2026_04_08_14_59_45,Cam2012862,149349,8497,15437,0,1,unknown,unknown,general_model/courtship_V2/train,red_data_unified_V3/train,train,train,train,/mmfs1/gscratch/portia/eabe/data/Johnson_lab/red_data/general_model/courtship_V2/train/2026_03_09_14_39_40/Cam2012862/Frame_149349.jpg,/mmfs1/gscratch/portia/eabe/data/Johnson_lab/red_data/red_data_unified_V3/train/2026_04_08_14_59_45/Cam2012862/Frame_149349.jpg,Antenna_Base=8.00px; EyeL=6.71px; Abd_A4=4.12px; T1L_TaT1=3.61px; T1R_TaT1=2.00px,,,
7.81,7.039,1.557,0.0,24,50,b507f283181bb11bd11cf890584cf160,0.9985,2026_03_09_14_39_40,2026_04_08_14_59_45,Cam2012857,94124,7696,15204,0,1,unknown,unknown,general_model/courtship_V2/train,red_data_unified_V3/train,train,train,train,/mmfs1/gscratch/portia/eabe/data/Johnson_lab/red_data/general_model/courtship_V2/train/2026_03_09_14_39_40/Cam2012857/Frame_94124.jpg,/mmfs1/gscratch/portia/eabe/data/Johnson_lab/red_data/red_data_unified_V3/train/2026_04_08_14_59_45/Cam2012857/Frame_94124.jpg,T3R_TaT3=7.81px; T2L_TaT3=7.07px; T1R_TaT3=7.07px; WingR_base=7.00px; T2R_TaT3=5.39px,,,
7.81,6.812,1.033,0.0,14,50,26db0c3d1d21604a803f4dcb2c35869d,0.9972,2026_03_09_14_39_40,2026_04_08_14_59_45,Cam2012862,149770,9178,16407,0,1,unknown,unknown,general_model/courtship_V2/val,red_data_unified_V3/train,train,train,train,/mmfs1/gscratch/portia/eabe/data/Johnson_lab/red_data/general_model/courtship_V2/val/2026_03_09_14_39_40/Cam2012862/Frame_149770.jpg,/mmfs1/gscratch/portia/eabe/data/Johnson_lab/red_data/red_data_unified_V3/train/2026_04_08_14_59_45/Cam2012862/Frame_149770.jpg,T1R_TaT3=7.81px; T2L_TaT3=7.21px; T3L_TaT3=7.21px; T1L_TaT3=6.32px; WingL_base=5.00px,,,
7.81,5.773,0.946,0.0,11,50,f45dd852fa72cd14783665e44ce755bf,0.9907,2026_03_09_14_39_40,2026_04_08_14_59_45,Cam2012862,227739,9633,16755,0,1,unknown,unknown,general_model/courtship_V2/train,red_data_unified_V3/train,train,train,train,/mmfs1/gscratch/portia/eabe/data/Johnson_lab/red_data/general_model/courtship_V2/train/2026_03_09_14_39_40/Cam2012862/Frame_227739.jpg,/mmfs1/gscratch/portia/eabe/data/Johnson_lab/red_data/red_data_unified_V3/train/2026_04_08_14_59_45/Cam2012862/Frame_227739.jpg,T3R_TaT3=7.81px; T2R_TaT3=6.71px; T3L_TaT3=6.32px; T1R_TaT3=5.10px; T1L_TaT3=4.47px,,,
7.81,4.605,0.773,0.0,10,50,541c2112a1f34fe562a3ad1b03d2e68d,0.9919,2026_03_09_14_39_40,2026_04_08_14_59_45,Cam2012861,149365,8538,15478,0,1,unknown,unknown,general_model/courtship_V2/train,red_data_unified_V3/train,train,train,train,/mmfs1/gscratch/portia/eabe/data/Johnson_lab/red_data/general_model/courtship_V2/train/2026_03_09_14_39_40/Cam2012861/Frame_149365.jpg,/mmfs1/gscratch/portia/eabe/data/Johnson_lab/red_data/red_data_unified_V3/train/2026_04_08_14_59_45/Cam2012861/Frame_149365.jpg,T1R_TaT3=7.81px; T3R_TaT3=7.62px; T3L_TaT3=5.00px; T3R_TaT1=4.12px; T1L_TaT3=4.00px,,,
7.81,4.605,0.728,0.0,9,50,c32672f536b311438f6f0dfaf4961005,0.9948,2026_03_09_14_39_40,2026_04_08_14_59_45,Cam2012857,149365,8537,15477,0,1,unknown,unknown,general_model/courtship_V2/train,red_data_unified_V3/train,train,train,train,/mmfs1/gscratch/portia/eabe/data/Johnson_lab/red_data/general_model/courtship_V2/train/2026_03_09_14_39_40/Cam2012857/Frame_149365.jpg,/mmfs1/gscratch/portia/eabe/data/Johnson_lab/red_data/red_data_unified_V3/train/2026_04_08_14_59_45/Cam2012857/Frame_149365.jpg,T1R_TaT3=7.81px; T3R_TaT3=7.62px; T3L_TaT3=5.00px; T3R_TaT1=4.12px; T1L_TaT3=4.00px,,,
7.616,5.0,1.156,0.0,19,50,a01bd4b913367c0122d04a233520b3da,0.9958,2026_03_09_14_39_40,2026_04_07_11_33_33,Cam2012853,227717,9573,14913,0,0,unknown,unknown,general_model/courtship_V2/train,red_data_unified_V3/val,train,val,train,/mmfs1/gscratch/portia/eabe/data/Johnson_lab/red_data/general_model/courtship_V2/train/2026_03_09_14_39_40/Cam2012853/Frame_227717.jpg,/mmfs1/gscratch/portia/eabe/data/Johnson_lab/red_data/red_data_unified_V3/val/2026_04_07_11_33_33/Cam2012853/Frame_227717.jpg,T3R_TaT3=7.62px; T2R_TaT1=6.00px; T1L_TaT3=5.00px; T2R_TaT3=5.00px; Scutellum=4.47px,,,
7.616,6.571,1.196,0.0,15,50,ab55c4d9903904205761587dc7e0d5ab,0.9972,2026_03_09_14_39_40,2026_04_08_14_59_45,Cam2012630,149770,9172,16402,0,1,unknown,unknown,general_model/courtship_V2/val,red_data_unified_V3/train,train,train,train,/mmfs1/gscratch/portia/eabe/data/Johnson_lab/red_data/general_model/courtship_V2/val/2026_03_09_14_39_40/Cam2012630/Frame_149770.jpg,/mmfs1/gscratch/portia/eabe/data/Johnson_lab/red_data/red_data_unified_V3/train/2026_04_08_14_59_45/Cam2012630/Frame_149770.jpg,T1R_TaT3=7.62px; T1L_TaT3=7.07px; T3L_TaT3=6.71px; T2L_TaT3=6.40px; T1R_ThxCx=6.08px,,,
7.616,6.179,1.05,0.0,13,50,1ef9a9da96f02ab7f62887fe5854b789,1.0,2026_03_09_14_39_40,2026_04_08_14_59_45,Cam2012630,149393,8568,15550,0,1,unknown,unknown,general_model/courtship_V2/train,red_data_unified_V3/train,train,train,train,/mmfs1/gscratch/portia/eabe/data/Johnson_lab/red_data/general_model/courtship_V2/train/2026_03_09_14_39_40/Cam2012630/Frame_149393.jpg,/mmfs1/gscratch/portia/eabe/data/Johnson_lab/red_data/red_data_unified_V3/train/2026_04_08_14_59_45/Cam2012630/Frame_149393.jpg,T3L_TaT3=7.62px; T1R_TaT3=7.28px; T1R_TaT1=6.32px; T3L_Tro=6.00px; T1L_Tro=4.47px,,,
7.616,6.216,1.189,0.0,13,50,9e8433c6b5e6a101840bd4d76f14c3bd,1.0,2026_03_09_14_39_40,2026_04_08_14_59_45,Cam2012862,149393,8574,15556,0,1,unknown,unknown,general_model/courtship_V2/train,red_data_unified_V3/train,train,train,train,/mmfs1/gscratch/portia/eabe/data/Johnson_lab/red_data/general_model/courtship_V2/train/2026_03_09_14_39_40/Cam2012862/Frame_149393.jpg,/mmfs1/gscratch/portia/eabe/data/Johnson_lab/red_data/red_data_unified_V3/train/2026_04_08_14_59_45/Cam2012862/Frame_149393.jpg,T3L_TaT3=7.62px; T1R_TaT1=7.07px; T1R_ThxCx=6.32px; T1R_TaT3=6.08px; T3L_Tro=6.00px,,,
7.616,5.831,1.155,0.0,13,50,e861cfad3d7ce44b2a2fc4b7b00a78e9,1.0,2026_03_09_14_39_40,2026_04_08_14_59_45,Cam2012855,149476,8706,15756,0,1,unknown,unknown,general_model/courtship_V2/train,red_data_unified_V3/train,train,train,train,/mmfs1/gscratch/portia/eabe/data/Johnson_lab/red_data/general_model/courtship_V2/train/2026_03_09_14_39_40/Cam2012855/Frame_149476.jpg,/mmfs1/gscratch/portia/eabe/data/Johnson_lab/red_data/red_data_unified_V3/train/2026_04_08_14_59_45/Cam2012855/Frame_149476.jpg,T1R_ThxCx=7.62px; T2R_TaT3=6.00px; T3L_TaT3=5.83px; T3R_TaT3=5.83px; T2L_TaT3=5.10px,,,
7.616,6.77,1.142,0.0,13,50,98a18365ddc06748c1ba8858c8d1c869,0.9986,2026_03_09_14_39_40,2026_04_08_14_59_45,Cam2012630,149488,8724,15795,0,1,unknown,unknown,general_model/courtship_V2/train,red_data_unified_V3/train,train,train,train,/mmfs1/gscratch/portia/eabe/data/Johnson_lab/red_data/general_model/courtship_V2/train/2026_03_09_14_39_40/Cam2012630/Frame_149488.jpg,/mmfs1/gscratch/portia/eabe/data/Johnson_lab/red_data/red_data_unified_V3/train/2026_04_08_14_59_45/Cam2012630/Frame_149488.jpg,T3L_TaT3=7.62px; T1L_TaT3=7.21px; T1L_ThxCx=7.07px; T1R_TaT3=6.40px; T2R_TaT3=5.10px,,,
7.616,4.66,0.65,0.0,9,50,6480ceb76c0b64ff23db9ef90707fd6d,0.9982,2026_03_09_14_39_40,2026_04_08_14_59_45,Cam2012862,227866,9731,17033,0,1,unknown,unknown,general_model/courtship_V2/train,red_data_unified_V3/train,train,train,train,/mmfs1/gscratch/portia/eabe/data/Johnson_lab/red_data/general_model/courtship_V2/train/2026_03_09_14_39_40/Cam2012862/Frame_227866.jpg,/mmfs1/gscratch/portia/eabe/data/Johnson_lab/red_data/red_data_unified_V3/train/2026_04_08_14_59_45/Cam2012862/Frame_227866.jpg,T3R_TaT3=7.62px; T3L_TaT3=6.00px; T2R_TaT3=5.10px; T1R_TaT3=4.12px; T1L_TaT3=3.00px,,,
7.616,1.1,0.264,0.0,3,50,2eb2891ed3eb4abf0b82c9a56fe734f3,1.0,2026_03_09_14_39_40,2026_04_08_14_59_45,Cam2012631,149337,8471,15390,0,1,unknown,unknown,general_model/courtship_V2/train,red_data_unified_V3/train,train,train,train,/mmfs1/gscratch/portia/eabe/data/Johnson_lab/red_data/general_model/courtship_V2/train/2026_03_09_14_39_40/Cam2012631/Frame_149337.jpg,/mmfs1/gscratch/portia/eabe/data/Johnson_lab/red_data/red_data_unified_V3/train/2026_04_08_14_59_45/Cam2012631/Frame_149337.jpg,EyeR=7.62px; T1R_TaT1=3.61px; EyeL=2.00px,,,
7.616,1.1,0.232,0.0,3,50,2a01c68316781411fe7dff5cd4642efb,1.0,2026_03_09_14_39_40,2026_04_08_14_59_45,Cam2012855,149337,8473,15392,0,1,unknown,unknown,general_model/courtship_V2/train,red_data_unified_V3/train,train,train,train,/mmfs1/gscratch/portia/eabe/data/Johnson_lab/red_data/general_model/courtship_V2/train/2026_03_09_14_39_40/Cam2012855/Frame_149337.jpg,/mmfs1/gscratch/portia/eabe/data/Johnson_lab/red_data/red_data_unified_V3/train/2026_04_08_14_59_45/Cam2012855/Frame_149337.jpg,EyeR=7.62px; EyeL=2.00px; T1R_TaT1=2.00px,,,
7.28,4.66,0.69,0.0,8,50,81577e4f2e83933e04adcc6c0c8521ff,1.0,2026_03_09_14_39_40,2026_04_08_14_59_45,Cam2012857,149353,8502,15449,0,1,unknown,unknown,general_model/courtship_V2/train,red_data_unified_V3/train,train,train,train,/mmfs1/gscratch/portia/eabe/data/Johnson_lab/red_data/general_model/courtship_V2/train/2026_03_09_14_39_40/Cam2012857/Frame_149353.jpg,/mmfs1/gscratch/portia/eabe/data/Johnson_lab/red_data/red_data_unified_V3/train/2026_04_08_14_59_45/Cam2012857/Frame_149353.jpg,Antenna_Base=7.28px; T1R_TaT3=5.10px; T3R_TaT1=5.10px; T3L_TaT3=4.12px; T3R_TaT3=4.12px,,,
7.28,4.55,0.574,0.0,7,50,15513e063e75f2bb15668c310fabe99e,1.0,2026_03_09_14_39_40,2026_04_08_14_59_45,Cam2012853,149373,8549,15503,0,1,unknown,unknown,general_model/courtship_V2/train,red_data_unified_V3/train,train,train,train,/mmfs1/gscratch/portia/eabe/data/Johnson_lab/red_data/general_model/courtship_V2/train/2026_03_09_14_39_40/Cam2012853/Frame_149373.jpg,/mmfs1/gscratch/portia/eabe/data/Johnson_lab/red_data/red_data_unified_V3/train/2026_04_08_14_59_45/Cam2012853/Frame_149373.jpg,T3R_TaT3=7.28px; T1L_TaT3=5.00px; T1R_TaT3=5.00px; T2L_TaT3=4.00px; T3L_TaT3=4.00px,,,
7.28,6.146,0.756,0.0,7,50,a5e863e90d07851562c52acf0cf02e9b,1.0,2026_03_09_14_39_40,2026_04_08_14_59_45,Cam2012862,149373,8553,15507,0,1,unknown,unknown,general_model/courtship_V2/train,red_data_unified_V3/train,train,train,train,/mmfs1/gscratch/portia/eabe/data/Johnson_lab/red_data/general_model/courtship_V2/train/2026_03_09_14_39_40/Cam2012862/Frame_149373.jpg,/mmfs1/gscratch/portia/eabe/data/Johnson_lab/red_data/red_data_unified_V3/train/2026_04_08_14_59_45/Cam2012862/Frame_149373.jpg,T3R_TaT3=7.28px; T1L_TaT3=7.07px; T2L_TaT3=6.40px; T3L_TaT3=5.83px; T1R_TaT3=4.24px,,,
7.211,5.902,1.332,0.0,20,50,f39ac0635323d0b0966363ba14307520,0.9798,2026_03_09_14_39_40,2026_04_07_11_33_33,Cam2012853,227719,9580,14925,0,0,unknown,unknown,general_model/courtship_V2/train,red_data_unified_V3/val,train,val,train,/mmfs1/gscratch/portia/eabe/data/Johnson_lab/red_data/general_model/courtship_V2/train/2026_03_09_14_39_40/Cam2012853/Frame_227719.jpg,/mmfs1/gscratch/portia/eabe/data/Johnson_lab/red_data/red_data_unified_V3/val/2026_04_07_11_33_33/Cam2012853/Frame_227719.jpg,T3L_TaT3=7.21px; T3R_TaT3=6.71px; T1L_TiTa=6.32px; T1L_Tro=5.39px; T2L_TaT3=5.00px,,,
7.211,3.89,0.969,0.0,16,50,1015430a464fda30296103c3c49af811,0.9841,2026_03_09_14_39_40,2026_04_08_14_59_45,Cam2012857,149341,8481,15407,0,1,unknown,unknown,general_model/courtship_V2/train,red_data_unified_V3/train,train,train,train,/mmfs1/gscratch/portia/eabe/data/Johnson_lab/red_data/general_model/courtship_V2/train/2026_03_09_14_39_40/Cam2012857/Frame_149341.jpg,/mmfs1/gscratch/portia/eabe/data/Johnson_lab/red_data/red_data_unified_V3/train/2026_04_08_14_59_45/Cam2012857/Frame_149341.jpg,Scutellum=7.21px; T3R_TaT1=6.40px; Antenna_Base=4.12px; EyeR=3.61px; T2R_TaTip=3.61px,,,
7.211,5.099,1.188,0.0,16,50,2326179cdc690bde76116a87f8cae2f0,1.0,2026_03_09_14_39_40,2026_04_08_14_59_45,Cam2012861,149500,8736,15828,0,1,unknown,unknown,general_model/courtship_V2/val,red_data_unified_V3/train,train,train,train,/mmfs1/gscratch/portia/eabe/data/Johnson_lab/red_data/general_model/courtship_V2/val/2026_03_09_14_39_40/Cam2012861/Frame_149500.jpg,/mmfs1/gscratch/portia/eabe/data/Johnson_lab/red_data/red_data_unified_V3/train/2026_04_08_14_59_45/Cam2012861/Frame_149500.jpg,T3L_TaT3=7.21px; Antenna_Base=6.00px; WingL_base=5.10px; T1L_Tro=5.10px; T1R_ThxCx=5.10px,,,
7.211,5.0,1.069,0.0,14,50,5237de2185370821a2e60a7a26f6dccb,1.0,2026_03_09_14_39_40,2026_04_08_14_59_45,Cam2012630,149564,8843,16005,0,1,unknown,unknown,general_model/courtship_V2/train,red_data_unified_V3/train,train,train,train,/mmfs1/gscratch/portia/eabe/data/Johnson_lab/red_data/general_model/courtship_V2/train/2026_03_09_14_39_40/Cam2012630/Frame_149564.jpg,/mmfs1/gscratch/portia/eabe/data/Johnson_lab/red_data/red_data_unified_V3/train/2026_04_08_14_59_45/Cam2012630/Frame_149564.jpg,T1R_TaT3=7.21px; T2L_TaT3=5.10px; Scutellum=5.00px; T1L_TaT3=5.00px; T2R_TaT3=5.00px,,,
7.211,6.735,1.057,0.0,11,50,7f71c35ad15b153f4ff4400add7be2f1,1.0,2026_03_09_14_39_40,2026_04_08_14_59_45,Cam2012855,149693,9035,16282,0,1,unknown,unknown,general_model/courtship_V2/train,red_data_unified_V3/train,train,train,train,/mmfs1/gscratch/portia/eabe/data/Johnson_lab/red_data/general_model/courtship_V2/train/2026_03_09_14_39_40/Cam2012855/Frame_149693.jpg,/mmfs1/gscratch/portia/eabe/data/Johnson_lab/red_data/red_data_unified_V3/train/2026_04_08_14_59_45/Cam2012855/Frame_149693.jpg,Scutellum=7.21px; T3L_TaT3=7.07px; WingR_base=7.07px; T1L_TaT3=6.32px; T1R_TaT3=5.39px,,,
7.211,6.368,0.746,0.0,8,50,5c31877ab5f9bd7fb86df32600a620e9,0.9966,2026_03_09_14_39_40,2026_04_07_11_33_33,Cam2012630,149681,9011,14810,0,0,unknown,unknown,general_model/courtship_V2/train,red_data_unified_V3/val,train,val,train,/mmfs1/gscratch/portia/eabe/data/Johnson_lab/red_data/general_model/courtship_V2/train/2026_03_09_14_39_40/Cam2012630/Frame_149681.jpg,/mmfs1/gscratch/portia/eabe/data/Johnson_lab/red_data/red_data_unified_V3/val/2026_04_07_11_33_33/Cam2012630/Frame_149681.jpg,T3R_TaT3=7.21px; T1R_TaT3=7.00px; T2R_TaT3=6.40px; T3L_TaT3=6.32px; T1L_TaT3=4.12px,,,
7.071,5.256,1.237,0.0,16,50,642351b7a2361deef8b34e7b6315bfa7,1.0,2026_03_09_14_39_40,2026_04_08_14_59_45,Cam2012855,149500,8734,15826,0,1,unknown,unknown,general_model/courtship_V2/val,red_data_unified_V3/train,train,train,train,/mmfs1/gscratch/portia/eabe/data/Johnson_lab/red_data/general_model/courtship_V2/val/2026_03_09_14_39_40/Cam2012855/Frame_149500.jpg,/mmfs1/gscratch/portia/eabe/data/Johnson_lab/red_data/red_data_unified_V3/train/2026_04_08_14_59_45/Cam2012855/Frame_149500.jpg,T3L_TaT3=7.07px; T1R_ThxCx=6.00px; T1L_Tro=5.39px; Antenna_Base=5.10px; T2R_TaT3=5.10px,,,
7.071,4.315,1.03,0.0,15,50,ed1ae80c6eb5eca409b878004977fb4b,0.9898,2026_03_09_14_39_40,2026_04_08_14_59_45,Cam2012630,150382,9284,16575,0,1,unknown,unknown,general_model/courtship_V2/train,red_data_unified_V3/train,train,train,train,/mmfs1/gscratch/portia/eabe/data/Johnson_lab/red_data/general_model/courtship_V2/train/2026_03_09_14_39_40/Cam2012630/Frame_150382.jpg,/mmfs1/gscratch/portia/eabe/data/Johnson_lab/red_data/red_data_unified_V3/train/2026_04_08_14_59_45/Cam2012630/Frame_150382.jpg,Scutellum=7.07px; T1L_TaT3=6.32px; T2L_TaT3=4.47px; WingL_base=4.12px; T3L_TaT3=3.61px,,,
7.071,6.313,1.312,0.0,14,50,43a2bf93ad8c711b853dcfd6c0681298,0.9949,2026_03_09_14_39_40,2026_04_08_14_59_45,Cam2012630,149480,8710,15767,0,1,unknown,unknown,general_model/courtship_V2/train,red_data_unified_V3/train,train,train,train,/mmfs1/gscratch/portia/eabe/data/Johnson_lab/red_data/general_model/courtship_V2/train/2026_03_09_14_39_40/Cam2012630/Frame_149480.jpg,/mmfs1/gscratch/portia/eabe/data/Johnson_lab/red_data/red_data_unified_V3/train/2026_04_08_14_59_45/Cam2012630/Frame_149480.jpg,WingL_base=7.07px; T1R_TiTa=7.07px; T2L_TaT3=6.71px; T3L_TaT3=5.83px; T2L_TaTip=5.10px,,,
7.071,5.63,1.015,0.0,14,50,d96179524fe9b77ec92d00e9c5143865,1.0,2026_03_09_14_39_40,2026_04_08_14_59_45,Cam2012853,149564,8845,16007,0,1,unknown,unknown,general_model/courtship_V2/train,red_data_unified_V3/train,train,train,train,/mmfs1/gscratch/portia/eabe/data/Johnson_lab/red_data/general_model/courtship_V2/train/2026_03_09_14_39_40/Cam2012853/Frame_149564.jpg,/mmfs1/gscratch/portia/eabe/data/Johnson_lab/red_data/red_data_unified_V3/train/2026_04_08_14_59_45/Cam2012853/Frame_149564.jpg,T1R_TaT3=7.07px; WingL_base=6.40px; T2R_TaT3=5.83px; EyeR=5.39px; WingR_base=5.00px,,,
7.071,6.216,1.024,0.0,13,50,87ff925c0968407e6185bd6e474e972f,1.0,2026_03_09_14_39_40,2026_04_08_14_59_45,Cam2012853,149393,8570,15552,0,1,unknown,unknown,general_model/courtship_V2/train,red_data_unified_V3/train,train,train,train,/mmfs1/gscratch/portia/eabe/data/Johnson_lab/red_data/general_model/courtship_V2/train/2026_03_09_14_39_40/Cam2012853/Frame_149393.jpg,/mmfs1/gscratch/portia/eabe/data/Johnson_lab/red_data/red_data_unified_V3/train/2026_04_08_14_59_45/Cam2012853/Frame_149393.jpg,T1R_TaT3=7.07px; T1R_TaT1=6.71px; T1R_ThxCx=6.32px; T3L_TaT3=6.08px; T3L_Tro=5.00px,,,
7.071,5.406,1.039,0.0,12,50,bb163eec9b33703c057cd7d88a863f5b,1.0,2026_03_09_14_39_40,2026_04_08_14_59_45,Cam2012853,149693,9034,16281,0,1,unknown,unknown,general_model/courtship_V2/train,red_data_unified_V3/train,train,train,train,/mmfs1/gscratch/portia/eabe/data/Johnson_lab/red_data/general_model/courtship_V2/train/2026_03_09_14_39_40/Cam2012853/Frame_149693.jpg,/mmfs1/gscratch/portia/eabe/data/Johnson_lab/red_data/red_data_unified_V3/train/2026_04_08_14_59_45/Cam2012853/Frame_149693.jpg,T3L_TaT3=7.07px; T2R_TaT3=6.00px; T1R_TaT3=5.66px; T1L_TaT3=5.10px; WingR_base=5.10px,,,
7.071,6.067,0.993,0.0,11,50,2dde7814fa3d74439893cd0cac082ee5,1.0,2026_03_09_14_39_40,2026_04_08_14_59_45,Cam2012857,149381,8565,15519,0,1,unknown,unknown,general_model/courtship_V2/val,red_data_unified_V3/train,train,train,train,/mmfs1/gscratch/portia/eabe/data/Johnson_lab/red_data/general_model/courtship_V2/val/2026_03_09_14_39_40/Cam2012857/Frame_149381.jpg,/mmfs1/gscratch/portia/eabe/data/Johnson_lab/red_data/red_data_unified_V3/train/2026_04_08_14_59_45/Cam2012857/Frame_149381.jpg,T3R_TaT3=7.07px; WingL_base=7.00px; T1L_TaT3=6.40px; Scutellum=5.66px; T2L_TaT3=5.66px,,,
7.071,5.729,0.754,0.0,8,50,2f726f8b9478da7c32dad0999525f8fa,0.9982,2026_03_09_14_39_40,2026_04_08_14_59_45,Cam2012631,227866,9726,17028,0,1,unknown,unknown,general_model/courtship_V2/train,red_data_unified_V3/train,train,train,train,/mmfs1/gscratch/portia/eabe/data/Johnson_lab/red_data/general_model/courtship_V2/train/2026_03_09_14_39_40/Cam2012631/Frame_227866.jpg,/mmfs1/gscratch/portia/eabe/data/Johnson_lab/red_data/red_data_unified_V3/train/2026_04_08_14_59_45/Cam2012631/Frame_227866.jpg,Antenna_Base=7.07px; T3R_TaT3=7.00px; T3L_TaT3=6.32px; T1R_TaT3=5.00px; T2R_TaT3=5.00px,,,
7.071,5.753,0.736,0.0,7,50,aa3e1b2d49c0b51c50810479c93d55e0,1.0,2026_03_09_14_39_40,2026_04_08_14_59_45,Cam2012631,149373,8548,15502,0,1,unknown,unknown,general_model/courtship_V2/train,red_data_unified_V3/train,train,train,train,/mmfs1/gscratch/portia/eabe/data/Johnson_lab/red_data/general_model/courtship_V2/train/2026_03_09_14_39_40/Cam2012631/Frame_149373.jpg,/mmfs1/gscratch/portia/eabe/data/Johnson_lab/red_data/red_data_unified_V3/train/2026_04_08_14_59_45/Cam2012631/Frame_149373.jpg,T3R_TaT3=7.07px; T3L_TaT3=6.40px; T1L_TaT3=5.83px; T2L_TaT3=5.66px; Scutellum=5.39px,,,
7.071,3.606,0.532,0.0,6,50,4fd79e0aeea0ba2158b1eaa8d68fdbeb,1.0,2026_03_09_14_39_40,2026_04_08_14_59_45,Cam2012853,149369,8542,15489,0,1,unknown,unknown,general_model/courtship_V2/train,red_data_unified_V3/train,train,train,train,/mmfs1/gscratch/portia/eabe/data/Johnson_lab/red_data/general_model/courtship_V2/train/2026_03_09_14_39_40/Cam2012853/Frame_149369.jpg,/mmfs1/gscratch/portia/eabe/data/Johnson_lab/red_data/red_data_unified_V3/train/2026_04_08_14_59_45/Cam2012853/Frame_149369.jpg,T2R_TaT3=7.07px; T3L_TaT3=5.10px; T1L_TaT3=3.61px; T2L_TaT3=3.61px; T3R_Tro=3.61px,,,
7.071,5.0,0.561,0.0,6,50,c82b8f115159aab1ab6095f2e477de72,1.0,2026_03_09_14_39_40,2026_04_08_14_59_45,Cam2012862,149369,8546,15493,0,1,unknown,unknown,general_model/courtship_V2/train,red_data_unified_V3/train,train,train,train,/mmfs1/gscratch/portia/eabe/data/Johnson_lab/red_data/general_model/courtship_V2/train/2026_03_09_14_39_40/Cam2012862/Frame_149369.jpg,/mmfs1/gscratch/portia/eabe/data/Johnson_lab/red_data/red_data_unified_V3/train/2026_04_08_14_59_45/Cam2012862/Frame_149369.jpg,T2R_TaT3=7.07px; T2L_TaT3=5.39px; T1L_TaT3=5.00px; T3L_TaT3=5.00px; T3R_TaT3=3.61px,,,
7.0,3.206,0.413,0.0,6,50,499711b11a358cd1bfacd392d2d909a1,1.0,2026_03_09_14_39_40,2026_04_08_14_59_45,Cam2012631,227880,9747,17039,0,1,unknown,unknown,general_model/courtship_V2/val,red_data_unified_V3/train,train,train,train,/mmfs1/gscratch/portia/eabe/data/Johnson_lab/red_data/general_model/courtship_V2/val/2026_03_09_14_39_40/Cam2012631/Frame_227880.jpg,/mmfs1/gscratch/portia/eabe/data/Johnson_lab/red_data/red_data_unified_V3/train/2026_04_08_14_59_45/Cam2012631/Frame_227880.jpg,Antenna_Base=7.00px; T1L_TaT3=4.00px; T3R_TaT3=4.00px; T1R_TaT3=2.24px; T3L_TaT3=2.00px,,,
7.0,3.1,0.417,0.0,5,50,3ff355734694aadc121e31fecd2cabe9,1.0,2026_03_09_14_39_40,2026_04_08_14_59_45,Cam2012857,149349,8495,15435,0,1,unknown,unknown,general_model/courtship_V2/train,red_data_unified_V3/train,train,train,train,/mmfs1/gscratch/portia/eabe/data/Johnson_lab/red_data/general_model/courtship_V2/train/2026_03_09_14_39_40/Cam2012857/Frame_149349.jpg,/mmfs1/gscratch/portia/eabe/data/Johnson_lab/red_data/red_data_unified_V3/train/2026_04_08_14_59_45/Cam2012857/Frame_149349.jpg,Antenna_Base=7.00px; EyeL=5.83px; T1L_TaT1=4.00px; Abd_A4=2.00px; T1R_TaT1=2.00px,,,
7.0,3.55,0.459,0.0,5,50,5e6c37be89d16cbc86fe275b36a513ba,1.0,2026_03_09_14_39_40,2026_04_08_14_59_45,Cam2012861,149349,8496,15436,0,1,unknown,unknown,general_model/courtship_V2/train,red_data_unified_V3/train,train,train,train,/mmfs1/gscratch/portia/eabe/data/Johnson_lab/red_data/general_model/courtship_V2/train/2026_03_09_14_39_40/Cam2012861/Frame_149349.jpg,/mmfs1/gscratch/portia/eabe/data/Johnson_lab/red_data/red_data_unified_V3/train/2026_04_08_14_59_45/Cam2012861/Frame_149349.jpg,Antenna_Base=7.00px; EyeL=6.71px; T1L_TaT1=4.00px; Abd_A4=3.00px; T1R_TaT1=2.24px,,,
6.708,5.723,1.219,0.0,16,50,ae8424a73464c5a47af5f82e19785604,1.0,2026_03_09_14_39_40,2026_04_08_14_59_45,Cam2012857,149500,8735,15827,0,1,unknown,unknown,general_model/courtship_V2/val,red_data_unified_V3/train,train,train,train,/mmfs1/gscratch/portia/eabe/data/Johnson_lab/red_data/general_model/courtship_V2/val/2026_03_09_14_39_40/Cam2012857/Frame_149500.jpg,/mmfs1/gscratch/portia/eabe/data/Johnson_lab/red_data/red_data_unified_V3/train/2026_04_08_14_59_45/Cam2012857/Frame_149500.jpg,T3L_TaT3=6.71px; T1L_Tro=6.32px; Antenna_Base=6.00px; WingL_base=5.39px; T1R_ThxCx=5.10px,,,
6.708,5.457,1.067,0.0,16,50,5d8855b80991dc857354ae92cd1ff108,0.9997,2026_03_09_14_39_40,2026_04_08_14_59_45,Cam2012630,149532,8787,15907,0,1,unknown,unknown,general_model/courtship_V2/train,red_data_unified_V3/train,train,train,train,/mmfs1/gscratch/portia/eabe/data/Johnson_lab/red_data/general_model/courtship_V2/train/2026_03_09_14_39_40/Cam2012630/Frame_149532.jpg,/mmfs1/gscratch/portia/eabe/data/Johnson_lab/red_data/red_data_unified_V3/train/2026_04_08_14_59_45/Cam2012630/Frame_149532.jpg,T1L_ThxCx=6.71px; T3R_TaT3=6.32px; T3L_TaT3=5.83px; T2L_TaT3=5.00px; T1L_TaT3=4.47px,,,
6.708,2.923,0.497,0.0,9,50,9d73a64a9b9ffbb5e2687533b3207dc1,1.0,2026_03_09_14_39_40,2026_04_08_14_59_45,Cam2012630,149341,8477,15403,0,1,unknown,unknown,general_model/courtship_V2/train,red_data_unified_V3/train,train,train,train,/mmfs1/gscratch/portia/eabe/data/Johnson_lab/red_data/general_model/courtship_V2/train/2026_03_09_14_39_40/Cam2012630/Frame_149341.jpg,/mmfs1/gscratch/portia/eabe/data/Johnson_lab/red_data/red_data_unified_V3/train/2026_04_08_14_59_45/Cam2012630/Frame_149341.jpg,T3R_TiTa=6.71px; Scutellum=5.66px; EyeR=3.00px; T3R_TaT1=2.83px; T3R_FeTi=2.24px,,,
6.708,4.472,0.615,0.0,7,50,8f8f2aa1c11b359f3814bbcc384caba0,1.0,2026_03_09_14_39_40,2026_04_08_14_59_45,Cam2012630,149373,8547,15501,0,1,unknown,unknown,general_model/courtship_V2/train,red_data_unified_V3/train,train,train,train,/mmfs1/gscratch/portia/eabe/data/Johnson_lab/red_data/general_model/courtship_V2/train/2026_03_09_14_39_40/Cam2012630/Frame_149373.jpg,/mmfs1/gscratch/portia/eabe/data/Johnson_lab/red_data/red_data_unified_V3/train/2026_04_08_14_59_45/Cam2012630/Frame_149373.jpg,T3R_TaT3=6.71px; T1L_TaT3=6.40px; T2L_TaT3=4.47px; T3L_TaT3=4.47px; T1R_TaT3=4.24px,,,
6.403,3.333,0.604,0.0,14,50,e0f15f5096214b5b4ba3ba08fd022516,0.9976,2026_03_09_14_39_40,2026_04_08_14_59_45,Cam2012861,149341,8482,15408,0,1,unknown,unknown,general_model/courtship_V2/train,red_data_unified_V3/train,train,train,train,/mmfs1/gscratch/portia/eabe/data/Johnson_lab/red_data/general_model/courtship_V2/train/2026_03_09_14_39_40/Cam2012861/Frame_149341.jpg,/mmfs1/gscratch/portia/eabe/data/Johnson_lab/red_data/red_data_unified_V3/train/2026_04_08_14_59_45/Cam2012861/Frame_149341.jpg,Scutellum=6.40px; Antenna_Base=4.12px; EyeR=3.61px; EyeL=3.00px; T3R_TaT1=2.24px,,,
6.403,4.0,0.47,0.0,6,50,ac95a3dc722e30825939de6deaeba79c,1.0,2026_03_09_14_39_40,2026_04_08_14_59_45,Cam2012862,227861,9724,17021,0,1,unknown,unknown,general_model/courtship_V2/train,red_data_unified_V3/train,train,train,train,/mmfs1/gscratch/portia/eabe/data/Johnson_lab/red_data/general_model/courtship_V2/train/2026_03_09_14_39_40/Cam2012862/Frame_227861.jpg,/mmfs1/gscratch/portia/eabe/data/Johnson_lab/red_data/red_data_unified_V3/train/2026_04_08_14_59_45/Cam2012862/Frame_227861.jpg,T3R_TaT3=6.40px; T1R_TaT3=5.10px; Antenna_Base=4.00px; T3L_TaT3=4.00px; T1L_TaT3=3.00px,,,
6.325,5.502,1.259,0.0,18,50,fe81deae7634a472a56f5ce3f3045f9c,1.0,2026_03_09_14_39_40,2026_04_08_14_59_45,Cam2012853,149532,8789,15909,0,1,unknown,unknown,general_model/courtship_V2/train,red_data_unified_V3/train,train,train,train,/mmfs1/gscratch/portia/eabe/data/Johnson_lab/red_data/general_model/courtship_V2/train/2026_03_09_14_39_40/Cam2012853/Frame_149532.jpg,/mmfs1/gscratch/portia/eabe/data/Johnson_lab/red_data/red_data_unified_V3/train/2026_04_08_14_59_45/Cam2012853/Frame_149532.jpg,T3R_TaT3=6.32px; T2R_TaT3=6.00px; T1R_TaT3=5.83px; T2L_TaT3=5.10px; T3L_TaT3=5.10px,,,
6.325,4.974,0.729,0.0,8,50,dee057377dfd4a8a57ae0212085a6a24,1.0,2026_03_09_14_39_40,2026_04_08_14_59_45,Cam2012631,149353,8499,15446,0,1,unknown,unknown,general_model/courtship_V2/train,red_data_unified_V3/train,train,train,train,/mmfs1/gscratch/portia/eabe/data/Johnson_lab/red_data/general_model/courtship_V2/train/2026_03_09_14_39_40/Cam2012631/Frame_149353.jpg,/mmfs1/gscratch/portia/eabe/data/Johnson_lab/red_data/red_data_unified_V3/train/2026_04_08_14_59_45/Cam2012631/Frame_149353.jpg,Antenna_Base=6.32px; T1R_TaT3=6.32px; T3R_TaT1=5.39px; T2L_TaT3=4.47px; T3L_TaT3=4.12px,,,
6.083,6.0,1.334,0.0,15,50,71d7d7ed1bda4ce8765fdca3ea133012,0.9988,2026_03_09_14_39_40,2026_04_08_14_59_45,Cam2012853,149480,8712,15769,0,1,unknown,unknown,general_model/courtship_V2/train,red_data_unified_V3/train,train,train,train,/mmfs1/gscratch/portia/eabe/data/Johnson_lab/red_data/general_model/courtship_V2/train/2026_03_09_14_39_40/Cam2012853/Frame_149480.jpg,/mmfs1/gscratch/portia/eabe/data/Johnson_lab/red_data/red_data_unified_V3/train/2026_04_08_14_59_45/Cam2012853/Frame_149480.jpg,T2L_TaT3=6.08px; T3L_TaT3=6.08px; Scutellum=6.00px; WingL_base=6.00px; T1L_TaT1=5.39px,,,
6.083,4.472,0.59,0.0,8,50,6f924b6b9cf2f39b5b2f57148c5d589e,0.9937,2026_03_09_14_39_40,2026_04_08_14_59_45,Cam2012853,149353,8500,15447,0,1,unknown,unknown,general_model/courtship_V2/train,red_data_unified_V3/train,train,train,train,/mmfs1/gscratch/portia/eabe/data/Johnson_lab/red_data/general_model/courtship_V2/train/2026_03_09_14_39_40/Cam2012853/Frame_149353.jpg,/mmfs1/gscratch/portia/eabe/data/Johnson_lab/red_data/red_data_unified_V3/train/2026_04_08_14_59_45/Cam2012853/Frame_149353.jpg,T1R_TaT3=6.08px; T1L_TaT3=4.47px; T3L_TaT3=4.47px; T3R_TaT3=4.47px; T2L_TaT3=3.61px,,,
6.083,4.817,0.637,0.0,8,50,4d4a78b38af8f7492b64211a19693db6,1.0,2026_03_09_14_39_40,2026_04_08_14_59_45,Cam2012855,149353,8501,15448,0,1,unknown,unknown,general_model/courtship_V2/train,red_data_unified_V3/train,train,train,train,/mmfs1/gscratch/portia/eabe/data/Johnson_lab/red_data/general_model/courtship_V2/train/2026_03_09_14_39_40/Cam2012855/Frame_149353.jpg,/mmfs1/gscratch/portia/eabe/data/Johnson_lab/red_data/red_data_unified_V3/train/2026_04_08_14_59_45/Cam2012855/Frame_149353.jpg,Antenna_Base=6.08px; T1R_TaT3=6.08px; T3R_TaT3=5.39px; T3L_TaT3=4.12px; T3R_TaT1=3.16px,,,
6.083,4.123,0.568,0.0,7,50,c8623eb79cc8219185e043f0ef1ab854,1.0,2026_03_09_14_39_40,2026_04_08_14_59_45,Cam2012855,149373,8550,15504,0,1,unknown,unknown,general_model/courtship_V2/train,red_data_unified_V3/train,train,train,train,/mmfs1/gscratch/portia/eabe/data/Johnson_lab/red_data/general_model/courtship_V2/train/2026_03_09_14_39_40/Cam2012855/Frame_149373.jpg,/mmfs1/gscratch/portia/eabe/data/Johnson_lab/red_data/red_data_unified_V3/train/2026_04_08_14_59_45/Cam2012855/Frame_149373.jpg,T3R_TaT3=6.08px; T1L_TaT3=5.10px; T2L_TaT3=4.12px; T3L_TaT3=4.12px; T1R_TaT3=4.12px,,,
6.083,2.13,0.306,0.0,4,50,223309e3ceb1583a72b2707f1386ca84,1.0,2026_03_09_14_39_40,2026_04_08_14_59_45,Cam2012630,149345,8484,15417,0,1,unknown,unknown,general_model/courtship_V2/val,red_data_unified_V3/train,train,train,train,/mmfs1/gscratch/portia/eabe/data/Johnson_lab/red_data/general_model/courtship_V2/val/2026_03_09_14_39_40/Cam2012630/Frame_149345.jpg,/mmfs1/gscratch/portia/eabe/data/Johnson_lab/red_data/red_data_unified_V3/train/2026_04_08_14_59_45/Cam2012630/Frame_149345.jpg,Scutellum=6.08px; EyeR=5.00px; T1R_TiTa=2.24px; EyeL=2.00px,,,
6.0,5.212,0.641,0.0,7,50,bcc980f5dab56e71050f774797b92b2f,1.0,2026_03_09_14_39_40,2026_04_08_14_59_45,Cam2012857,149373,8551,15505,0,1,unknown,unknown,general_model/courtship_V2/train,red_data_unified_V3/train,train,train,train,/mmfs1/gscratch/portia/eabe/data/Johnson_lab/red_data/general_model/courtship_V2/train/2026_03_09_14_39_40/Cam2012857/Frame_149373.jpg,/mmfs1/gscratch/portia/eabe/data/Johnson_lab/red_data/red_data_unified_V3/train/2026_04_08_14_59_45/Cam2012857/Frame_149373.jpg,T3R_TaT3=6.00px; T2L_TaT3=5.66px; T1L_TaT3=5.39px; T3L_TaT3=5.00px; T1R_TaT3=4.00px,,,
6.0,5.0,0.608,0.0,7,50,e243e3c5f9bb8de8de2dd1679bb5d408,1.0,2026_03_09_14_39_40,2026_04_08_14_59_45,Cam2012861,149373,8552,15506,0,1,unknown,unknown,general_model/courtship_V2/train,red_data_unified_V3/train,train,train,train,/mmfs1/gscratch/portia/eabe/data/Johnson_lab/red_data/general_model/courtship_V2/train/2026_03_09_14_39_40/Cam2012861/Frame_149373.jpg,/mmfs1/gscratch/portia/eabe/data/Johnson_lab/red_data/red_data_unified_V3/train/2026_04_08_14_59_45/Cam2012861/Frame_149373.jpg,T3R_TaT3=6.00px; T1L_TaT3=5.39px; T2L_TaT3=5.00px; T3L_TaT3=5.00px; Scutellum=3.16px,,,
6.0,4.55,0.462,0.0,7,50,ac5dc092512efe4cf861a0c40064ba54,1.0,2026_03_09_14_39_40,2026_04_08_14_59_45,Cam2012630,149448,8654,15683,0,1,unknown,unknown,general_model/courtship_V2/train,red_data_unified_V3/train,train,train,train,/mmfs1/gscratch/portia/eabe/data/Johnson_lab/red_data/general_model/courtship_V2/train/2026_03_09_14_39_40/Cam2012630/Frame_149448.jpg,/mmfs1/gscratch/portia/eabe/data/Johnson_lab/red_data/red_data_unified_V3/train/2026_04_08_14_59_45/Cam2012630/Frame_149448.jpg,Scutellum=6.00px; T1L_Tro=5.10px; T3L_TaT3=5.00px; T3R_TaT3=4.00px; Abd_A4=1.00px,,,
5.831,5.212,1.097,0.0,15,50,bbd6ef372acc009644ed8ca98d54abe5,1.0,2026_03_09_14_39_40,2026_04_07_11_33_33,Cam2012862,227900,9780,14995,0,0,unknown,unknown,general_model/courtship_V2/train,red_data_unified_V3/val,train,val,train,/mmfs1/gscratch/portia/eabe/data/Johnson_lab/red_data/general_model/courtship_V2/train/2026_03_09_14_39_40/Cam2012862/Frame_227900.jpg,/mmfs1/gscratch/portia/eabe/data/Johnson_lab/red_data/red_data_unified_V3/val/2026_04_07_11_33_33/Cam2012862/Frame_227900.jpg,T3L_TaT3=5.83px; Antenna_Base=5.39px; T1L_TaT3=5.39px; Scutellum=5.00px; T1R_TaT3=5.00px,,,
5.831,1.228,0.25,0.0,4,50,97593e3d0f1dc09bd1acbac001977ec7,1.0,2026_03_09_14_39_40,2026_04_08_14_59_45,Cam2012862,149337,8476,15395,0,1,unknown,unknown,general_model/courtship_V2/train,red_data_unified_V3/train,train,train,train,/mmfs1/gscratch/portia/eabe/data/Johnson_lab/red_data/general_model/courtship_V2/train/2026_03_09_14_39_40/Cam2012862/Frame_149337.jpg,/mmfs1/gscratch/portia/eabe/data/Johnson_lab/red_data/red_data_unified_V3/train/2026_04_08_14_59_45/Cam2012862/Frame_149337.jpg,EyeR=5.83px; T1R_TaT1=4.24px; EyeL=1.41px; T3R_FeTi=1.00px,,,
5.831,2.562,0.298,0.0,4,50,bfb4ceebe76e0a05b9030bbed05715ac,1.0,2026_03_09_14_39_40,2026_04_08_14_59_45,Cam2012855,149345,8487,15420,0,1,unknown,unknown,general_model/courtship_V2/val,red_data_unified_V3/train,train,train,train,/mmfs1/gscratch/portia/eabe/data/Johnson_lab/red_data/general_model/courtship_V2/val/2026_03_09_14_39_40/Cam2012855/Frame_149345.jpg,/mmfs1/gscratch/portia/eabe/data/Johnson_lab/red_data/red_data_unified_V3/train/2026_04_08_14_59_45/Cam2012855/Frame_149345.jpg,EyeR=5.83px; Scutellum=4.00px; EyeL=2.83px; T1R_TiTa=2.24px,,,
5.385,4.472,0.669,0.0,8,50,299e3b9a2dd15bf2700902a7f853c4d5,1.0,2026_03_09_14_39_40,2026_04_08_14_59_45,Cam2012862,149353,8504,15451,0,1,unknown,unknown,general_model/courtship_V2/train,red_data_unified_V3/train,train,train,train,/mmfs1/gscratch/portia/eabe/data/Johnson_lab/red_data/general_model/courtship_V2/train/2026_03_09_14_39_40/Cam2012862/Frame_149353.jpg,/mmfs1/gscratch/portia/eabe/data/Johnson_lab/red_data/red_data_unified_V3/train/2026_04_08_14_59_45/Cam2012862/Frame_149353.jpg,T2L_TaT3=5.39px; T1R_TaT3=5.39px; T3L_TaT3=4.47px; T3R_TaT1=4.47px; T3R_TaT3=4.47px,,,
5.385,4.974,0.566,0.0,7,50,0a82e81a31257f4abe49e58cf03f3739,1.0,2026_03_09_14_39_40,2026_04_08_14_59_45,Cam2012630,149353,8498,15445,0,1,unknown,unknown,general_model/courtship_V2/train,red_data_unified_V3/train,train,train,train,/mmfs1/gscratch/portia/eabe/data/Johnson_lab/red_data/general_model/courtship_V2/train/2026_03_09_14_39_40/Cam2012630/Frame_149353.jpg,/mmfs1/gscratch/portia/eabe/data/Johnson_lab/red_data/red_data_unified_V3/train/2026_04_08_14_59_45/Cam2012630/Frame_149353.jpg,T2L_TaT3=5.39px; T1R_TaT3=5.39px; T3R_TaT3=5.39px; T3L_TaT3=4.47px; T1L_TaT3=4.24px,,,
5.385,2.828,0.301,0.0,5,50,44ac9f2a0250b949de401ac9da469cf3,1.0,2026_03_09_14_39_40,2026_04_08_14_59_45,Cam2012861,149369,8545,15492,0,1,unknown,unknown,general_model/courtship_V2/train,red_data_unified_V3/train,train,train,train,/mmfs1/gscratch/portia/eabe/data/Johnson_lab/red_data/general_model/courtship_V2/train/2026_03_09_14_39_40/Cam2012861/Frame_149369.jpg,/mmfs1/gscratch/portia/eabe/data/Johnson_lab/red_data/red_data_unified_V3/train/2026_04_08_14_59_45/Cam2012861/Frame_149369.jpg,T3L_TaT3=5.39px; T3R_TaT3=3.00px; T1L_TaT3=2.83px; T2L_TaT3=2.83px; T2R_TaT3=1.00px,,,
5.385,1.736,0.233,0.0,4,50,8be38afce5150fd4f9b5444809406609,1.0,2026_03_09_14_39_40,2026_04_08_14_59_45,Cam2012853,149345,8486,15419,0,1,unknown,unknown,general_model/courtship_V2/val,red_data_unified_V3/train,train,train,train,/mmfs1/gscratch/portia/eabe/data/Johnson_lab/red_data/general_model/courtship_V2/val/2026_03_09_14_39_40/Cam2012853/Frame_149345.jpg,/mmfs1/gscratch/portia/eabe/data/Johnson_lab/red_data/red_data_unified_V3/train/2026_04_08_14_59_45/Cam2012853/Frame_149345.jpg,EyeR=5.39px; EyeL=2.83px; T1R_TiTa=2.00px; Scutellum=1.41px,,,
5.099,4.068,0.491,0.0,7,50,00f0685363224162ad26f6a883ac7ab8,1.0,2026_03_09_14_39_40,2026_04_08_14_59_45,Cam2012862,227880,9752,17043,0,1,unknown,unknown,general_model/courtship_V2/val,red_data_unified_V3/train,train,train,train,/mmfs1/gscratch/portia/eabe/data/Johnson_lab/red_data/general_model/courtship_V2/val/2026_03_09_14_39_40/Cam2012862/Frame_227880.jpg,/mmfs1/gscratch/portia/eabe/data/Johnson_lab/red_data/red_data_unified_V3/train/2026_04_08_14_59_45/Cam2012862/Frame_227880.jpg,T2R_TaT3=5.10px; T1L_TaT3=4.47px; T3R_TaT3=4.12px; T2L_TaT3=4.00px; T3L_TaT3=3.61px,,,
5.099,3.089,0.348,0.0,6,50,2840ff69103ef6dc6ff6d065bdfa5026,1.0,2026_03_09_14_39_40,2026_04_08_14_59_45,Cam2012857,149369,8544,15491,0,1,unknown,unknown,general_model/courtship_V2/train,red_data_unified_V3/train,train,train,train,/mmfs1/gscratch/portia/eabe/data/Johnson_lab/red_data/general_model/courtship_V2/train/2026_03_09_14_39_40/Cam2012857/Frame_149369.jpg,/mmfs1/gscratch/portia/eabe/data/Johnson_lab/red_data/red_data_unified_V3/train/2026_04_08_14_59_45/Cam2012857/Frame_149369.jpg,T3L_TaT3=5.10px; T1L_TaT3=3.16px; T2L_TaT3=3.16px; T3R_TaT3=3.00px; T2R_TaT3=2.00px,,,
5.0,3.012,0.46,0.0,10,50,79c76707f77b7019dafa322ca06d3ecc,0.9959,2026_03_09_14_39_40,2026_04_08_14_59_45,Cam2012855,149341,8480,15406,0,1,unknown,unknown,general_model/courtship_V2/train,red_data_unified_V3/train,train,train,train,/mmfs1/gscratch/portia/eabe/data/Johnson_lab/red_data/general_model/courtship_V2/train/2026_03_09_14_39_40/Cam2012855/Frame_149341.jpg,/mmfs1/gscratch/portia/eabe/data/Johnson_lab/red_data/red_data_unified_V3/train/2026_04_08_14_59_45/Cam2012855/Frame_149341.jpg,Scutellum=5.00px; Antenna_Base=3.16px; T3R_TaT1=3.16px; EyeR=2.83px; EyeL=2.00px,,,
5.0,2.989,0.384,0.0,6,50,6b2afb70300765c10eb3b0396e7d442c,1.0,2026_03_09_14_39_40,2026_04_08_14_59_45,Cam2012855,149369,8543,15490,0,1,unknown,unknown,general_model/courtship_V2/train,red_data_unified_V3/train,train,train,train,/mmfs1/gscratch/portia/eabe/data/Johnson_lab/red_data/general_model/courtship_V2/train/2026_03_09_14_39_40/Cam2012855/Frame_149369.jpg,/mmfs1/gscratch/portia/eabe/data/Johnson_lab/red_data/red_data_unified_V3/train/2026_04_08_14_59_45/Cam2012855/Frame_149369.jpg,T3L_TaT3=5.00px; T2R_TaT3=4.12px; T3R_TaT3=3.61px; T2L_TaT3=2.24px; T3R_Tro=2.24px,,,
5.0,3.36,0.349,0.0,5,50,83ac0203ec3e5cdf5f202e1d36aee6d9,1.0,2026_03_09_14_39_40,2026_04_08_14_59_45,Cam2012630,149349,8491,15431,0,1,unknown,unknown,general_model/courtship_V2/train,red_data_unified_V3/train,train,train,train,/mmfs1/gscratch/portia/eabe/data/Johnson_lab/red_data/general_model/courtship_V2/train/2026_03_09_14_39_40/Cam2012630/Frame_149349.jpg,/mmfs1/gscratch/portia/eabe/data/Johnson_lab/red_data/red_data_unified_V3/train/2026_04_08_14_59_45/Cam2012630/Frame_149349.jpg,Antenna_Base=5.00px; EyeL=5.00px; T1L_TaT1=4.47px; Abd_A4=2.00px; T1R_TaT1=1.00px,,,
5.0,1.68,0.221,0.0,4,50,68144d41ec0397b2f66b3d349c029cd3,1.0,2026_03_09_14_39_40,2026_04_08_14_59_45,Cam2012853,149337,8472,15391,0,1,unknown,unknown,general_model/courtship_V2/train,red_data_unified_V3/train,train,train,train,/mmfs1/gscratch/portia/eabe/data/Johnson_lab/red_data/general_model/courtship_V2/train/2026_03_09_14_39_40/Cam2012853/Frame_149337.jpg,/mmfs1/gscratch/portia/eabe/data/Johnson_lab/red_data/red_data_unified_V3/train/2026_04_08_14_59_45/Cam2012853/Frame_149337.jpg,EyeR=5.00px; T1R_TaT1=2.83px; T3R_FeTi=2.24px; EyeL=1.00px,,,
4.472,4.189,0.438,0.0,6,50,9aef28b1ec45f8f326df4d6357e61a76,1.0,2026_03_09_14_39_40,2026_04_08_14_59_45,Cam2012631,149369,8541,15488,0,1,unknown,unknown,general_model/courtship_V2/train,red_data_unified_V3/train,train,train,train,/mmfs1/gscratch/portia/eabe/data/Johnson_lab/red_data/general_model/courtship_V2/train/2026_03_09_14_39_40/Cam2012631/Frame_149369.jpg,/mmfs1/gscratch/portia/eabe/data/Johnson_lab/red_data/red_data_unified_V3/train/2026_04_08_14_59_45/Cam2012631/Frame_149369.jpg,T2L_TaT3=4.47px; T3L_TaT3=4.47px; T1L_TaT3=4.24px; T2R_TaT3=4.12px; T3R_TaT3=3.61px,,,
4.123,2.236,0.343,0.0,9,50,15e9b7c39f1e1baaa6bf3ee7aae36cc6,0.9981,2026_03_09_14_39_40,2026_04_08_14_59_45,Cam2012853,149341,8479,15405,0,1,unknown,unknown,general_model/courtship_V2/train,red_data_unified_V3/train,train,train,train,/mmfs1/gscratch/portia/eabe/data/Johnson_lab/red_data/general_model/courtship_V2/train/2026_03_09_14_39_40/Cam2012853/Frame_149341.jpg,/mmfs1/gscratch/portia/eabe/data/Johnson_lab/red_data/red_data_unified_V3/train/2026_04_08_14_59_45/Cam2012853/Frame_149341.jpg,Scutellum=4.12px; EyeR=3.16px; Antenna_Base=2.24px; T3R_TiTa=2.24px; T2R_TaT1=1.41px,,,
4.0,2.192,0.248,0.0,5,50,447c8085d7585663600231a45cb37fb9,1.0,2026_03_09_14_39_40,2026_04_08_14_59_45,Cam2012855,149349,8494,15434,0,1,unknown,unknown,general_model/courtship_V2/train,red_data_unified_V3/train,train,train,train,/mmfs1/gscratch/portia/eabe/data/Johnson_lab/red_data/general_model/courtship_V2/train/2026_03_09_14_39_40/Cam2012855/Frame_149349.jpg,/mmfs1/gscratch/portia/eabe/data/Johnson_lab/red_data/red_data_unified_V3/train/2026_04_08_14_59_45/Cam2012855/Frame_149349.jpg,T1L_TaT1=4.00px; Antenna_Base=3.16px; EyeL=2.83px; Abd_A4=1.41px; T1R_TaT1=1.00px,,,
3.606,0.55,0.132,0.0,3,50,e7b6e4917e928f95992220c0763e4309,1.0,2026_03_09_14_39_40,2026_04_08_14_59_45,Cam2012630,149337,8470,15389,0,1,unknown,unknown,general_model/courtship_V2/train,red_data_unified_V3/train,train,train,train,/mmfs1/gscratch/portia/eabe/data/Johnson_lab/red_data/general_model/courtship_V2/train/2026_03_09_14_39_40/Cam2012630/Frame_149337.jpg,/mmfs1/gscratch/portia/eabe/data/Johnson_lab/red_data/red_data_unified_V3/train/2026_04_08_14_59_45/Cam2012630/Frame_149337.jpg,T1R_TaT1=3.61px; EyeR=2.00px; T3R_FeTi=1.00px,,,
3.162,1.228,0.172,0.0,4,50,c4ec975d7d7a5864024449e462ad878a,1.0,2026_03_09_14_39_40,2026_04_08_14_59_45,Cam2012853,149349,8493,15433,0,1,unknown,unknown,general_model/courtship_V2/train,red_data_unified_V3/train,train,train,train,/mmfs1/gscratch/portia/eabe/data/Johnson_lab/red_data/general_model/courtship_V2/train/2026_03_09_14_39_40/Cam2012853/Frame_149349.jpg,/mmfs1/gscratch/portia/eabe/data/Johnson_lab/red_data/red_data_unified_V3/train/2026_04_08_14_59_45/Cam2012853/Frame_149349.jpg,EyeL=3.16px; T1L_TaT1=3.00px; Antenna_Base=1.41px; T1R_TaT1=1.00px,,,
